symbol,universe_version,snapshot_timestamp
HDFCBANK.NS,CURRENT_ACTIVE_UNIVERSE,2026-10-08
ICICIBANK.NS,CURRENT_ACTIVE_UNIVERSE,2026-10-08
SBIN.NS,CURRENT_ACTIVE_UNIVERSE,2026-10-08
KOTAKBANK.NS,CURRENT_ACTIVE_UNIVERSE,2026-10-08
AXISBANK.NS,CURRENT_ACTIVE_UNIVERSE,2026-10-08
INDUSINDBK.NS,CURRENT_ACTIVE_UNIVERSE,2026-10-08
BAJFINANCE.NS,CURRENT_ACTIVE_UNIVERSE,2026-10-08
BAJAJFINSV.NS,CURRENT_ACTIVE_UNIVERSE,2026-10-08
HDFCLIFE.NS,CURRENT_ACTIVE_UNIVERSE,2026-10-08
SBILIFE.NS,CURRENT_ACTIVE_UNIVERSE,2026-10-08
TCS.NS,CURRENT_ACTIVE_UNIVERSE,2026-10-08
INFY.NS,CURRENT_ACTIVE_UNIVERSE,2026-10-08
WIPRO.NS,CURRENT_ACTIVE_UNIVERSE,2026-10-08
HCLTECH.NS,CURRENT_ACTIVE_UNIVERSE,2026-10-08
TECHM.NS,CURRENT_ACTIVE_UNIVERSE,2026-10-08
LTIM.NS,CURRENT_ACTIVE_UNIVERSE,2026-10-08
SUNPHARMA.NS,CURRENT_ACTIVE_UNIVERSE,2026-10-08
DRREDDY.NS,CURRENT_ACTIVE_UNIVERSE,2026-10-08
CIPLA.NS,CURRENT_ACTIVE_UNIVERSE,2026-10-08
DIVISLAB.NS,CURRENT_ACTIVE_UNIVERSE,2026-10-08
APOLLOHOSP.NS,CURRENT_ACTIVE_UNIVERSE,2026-10-08
TATAMOTORS.NS,CURRENT_ACTIVE_UNIVERSE,2026-10-08
M&M.NS,CURRENT_ACTIVE_UNIVERSE,2026-10-08
MARUTI.NS,CURRENT_ACTIVE_UNIVERSE,2026-10-08
BAJAJ-AUTO.NS,CURRENT_ACTIVE_UNIVERSE,2026-10-08
HEROMOTOCO.NS,CURRENT_ACTIVE_UNIVERSE,2026-10-08
EICHERMOT.NS,CURRENT_ACTIVE_UNIVERSE,2026-10-08
HINDUNILVR.NS,CURRENT_ACTIVE_UNIVERSE,2026-10-08
ITC.NS,CURRENT_ACTIVE_UNIVERSE,2026-10-08
NESTLEIND.NS,CURRENT_ACTIVE_UNIVERSE,2026-10-08
BRITANNIA.NS,CURRENT_ACTIVE_UNIVERSE,2026-10-08
DABUR.NS,CURRENT_ACTIVE_UNIVERSE,2026-10-08
GODREJCP.NS,CURRENT_ACTIVE_UNIVERSE,2026-10-08
MARICO.NS,CURRENT_ACTIVE_UNIVERSE,2026-10-08
COLPAL.NS,CURRENT_ACTIVE_UNIVERSE,2026-10-08
TITAN.NS,CURRENT_ACTIVE_UNIVERSE,2026-10-08
RELIANCE.NS,CURRENT_ACTIVE_UNIVERSE,2026-10-08
ONGC.NS,CURRENT_ACTIVE_UNIVERSE,2026-10-08
BPCL.NS,CURRENT_ACTIVE_UNIVERSE,2026-10-08
NTPC.NS,CURRENT_ACTIVE_UNIVERSE,2026-10-08
POWERGRID.NS,CURRENT_ACTIVE_UNIVERSE,2026-10-08
JSWSTEEL.NS,CURRENT_ACTIVE_UNIVERSE,2026-10-08
TATASTEEL.NS,CURRENT_ACTIVE_UNIVERSE,2026-10-08
HINDALCO.NS,CURRENT_ACTIVE_UNIVERSE,2026-10-08
COALINDIA.NS,CURRENT_ACTIVE_UNIVERSE,2026-10-08
ULTRACEMCO.NS,CURRENT_ACTIVE_UNIVERSE,2026-10-08
GRASIM.NS,CURRENT_ACTIVE_UNIVERSE,2026-10-08
BHARTIARTL.NS,CURRENT_ACTIVE_UNIVERSE,2026-10-08
LT.NS,CURRENT_ACTIVE_UNIVERSE,2026-10-08
ADANIPORTS.NS,CURRENT_ACTIVE_UNIVERSE,2026-10-08
ASIANPAINT.NS,CURRENT_ACTIVE_UNIVERSE,2026-10-08
PIDILITIND.NS,CURRENT_ACTIVE_UNIVERSE,2026-10-08
TATACONSUM.NS,CURRENT_ACTIVE_UNIVERSE,2026-10-08
PNB.NS,CURRENT_ACTIVE_UNIVERSE,2026-10-08
BANKBARODA.NS,CURRENT_ACTIVE_UNIVERSE,2026-10-08
CANBK.NS,CURRENT_ACTIVE_UNIVERSE,2026-10-08
FEDERALBNK.NS,CURRENT_ACTIVE_UNIVERSE,2026-10-08
BANDHANBNK.NS,CURRENT_ACTIVE_UNIVERSE,2026-10-08
IDFCFIRSTB.NS,CURRENT_ACTIVE_UNIVERSE,2026-10-08
CHOLAFIN.NS,CURRENT_ACTIVE_UNIVERSE,2026-10-08
MUTHOOTFIN.NS,CURRENT_ACTIVE_UNIVERSE,2026-10-08
MANAPPURAM.NS,CURRENT_ACTIVE_UNIVERSE,2026-10-08
LICHSGFIN.NS,CURRENT_ACTIVE_UNIVERSE,2026-10-08
MFSL.NS,CURRENT_ACTIVE_UNIVERSE,2026-10-08
SBICARD.NS,CURRENT_ACTIVE_UNIVERSE,2026-10-08
ICICIGI.NS,CURRENT_ACTIVE_UNIVERSE,2026-10-08
PERSISTENT.NS,CURRENT_ACTIVE_UNIVERSE,2026-10-08
COFORGE.NS,CURRENT_ACTIVE_UNIVERSE,2026-10-08
MPHASIS.NS,CURRENT_ACTIVE_UNIVERSE,2026-10-08
LTTS.NS,CURRENT_ACTIVE_UNIVERSE,2026-10-08
TATAELXSI.NS,CURRENT_ACTIVE_UNIVERSE,2026-10-08
BSOFT.NS,CURRENT_ACTIVE_UNIVERSE,2026-10-08
LUPIN.NS,CURRENT_ACTIVE_UNIVERSE,2026-10-08
AUROPHARMA.NS,CURRENT_ACTIVE_UNIVERSE,2026-10-08
TORNTPHARM.NS,CURRENT_ACTIVE_UNIVERSE,2026-10-08
ALKEM.NS,CURRENT_ACTIVE_UNIVERSE,2026-10-08
IPCALAB.NS,CURRENT_ACTIVE_UNIVERSE,2026-10-08
BIOCON.NS,CURRENT_ACTIVE_UNIVERSE,2026-10-08
GLENMARK.NS,CURRENT_ACTIVE_UNIVERSE,2026-10-08
NATCOPHARM.NS,CURRENT_ACTIVE_UNIVERSE,2026-10-08
LALPATHLAB.NS,CURRENT_ACTIVE_UNIVERSE,2026-10-08
METROPOLIS.NS,CURRENT_ACTIVE_UNIVERSE,2026-10-08
ASHOKLEY.NS,CURRENT_ACTIVE_UNIVERSE,2026-10-08
BALKRISIND.NS,CURRENT_ACTIVE_UNIVERSE,2026-10-08
MOTHERSON.NS,CURRENT_ACTIVE_UNIVERSE,2026-10-08
BHARATFORG.NS,CURRENT_ACTIVE_UNIVERSE,2026-10-08
TVSMOTORS.NS,CURRENT_ACTIVE_UNIVERSE,2026-10-08
EXIDEIND.NS,CURRENT_ACTIVE_UNIVERSE,2026-10-08
TRENT.NS,CURRENT_ACTIVE_UNIVERSE,2026-10-08
VOLTAS.NS,CURRENT_ACTIVE_UNIVERSE,2026-10-08
HAVELLS.NS,CURRENT_ACTIVE_UNIVERSE,2026-10-08
CROMPTON.NS,CURRENT_ACTIVE_UNIVERSE,2026-10-08
PAGEIND.NS,CURRENT_ACTIVE_UNIVERSE,2026-10-08
INDHOTEL.NS,CURRENT_ACTIVE_UNIVERSE,2026-10-08
WHIRLPOOL.NS,CURRENT_ACTIVE_UNIVERSE,2026-10-08
DIXON.NS,CURRENT_ACTIVE_UNIVERSE,2026-10-08
SRF.NS,CURRENT_ACTIVE_UNIVERSE,2026-10-08
PIIND.NS,CURRENT_ACTIVE_UNIVERSE,2026-10-08
AARTIIND.NS,CURRENT_ACTIVE_UNIVERSE,2026-10-08
DEEPAKNTR.NS,CURRENT_ACTIVE_UNIVERSE,2026-10-08
ATUL.NS,CURRENT_ACTIVE_UNIVERSE,2026-10-08
BERGEPAINT.NS,CURRENT_ACTIVE_UNIVERSE,2026-10-08
UPL.NS,CURRENT_ACTIVE_UNIVERSE,2026-10-08
ACC.NS,CURRENT_ACTIVE_UNIVERSE,2026-10-08
AMBUJACEM.NS,CURRENT_ACTIVE_UNIVERSE,2026-10-08
RAMCOCEM.NS,CURRENT_ACTIVE_UNIVERSE,2026-10-08
SHREECEM.NS,CURRENT_ACTIVE_UNIVERSE,2026-10-08
DALBHARAT.NS,CURRENT_ACTIVE_UNIVERSE,2026-10-08
ABB.NS,CURRENT_ACTIVE_UNIVERSE,2026-10-08
SIEMENS.NS,CURRENT_ACTIVE_UNIVERSE,2026-10-08
CUMMINSIND.NS,CURRENT_ACTIVE_UNIVERSE,2026-10-08
HONAUT.NS,CURRENT_ACTIVE_UNIVERSE,2026-10-08
THERMAX.NS,CURRENT_ACTIVE_UNIVERSE,2026-10-08
BEL.NS,CURRENT_ACTIVE_UNIVERSE,2026-10-08
HAL.NS,CURRENT_ACTIVE_UNIVERSE,2026-10-08
SAIL.NS,CURRENT_ACTIVE_UNIVERSE,2026-10-08
NMDC.NS,CURRENT_ACTIVE_UNIVERSE,2026-10-08
VEDL.NS,CURRENT_ACTIVE_UNIVERSE,2026-10-08
NATIONALUM.NS,CURRENT_ACTIVE_UNIVERSE,2026-10-08
JINDALSTEL.NS,CURRENT_ACTIVE_UNIVERSE,2026-10-08
HINDPETRO.NS,CURRENT_ACTIVE_UNIVERSE,2026-10-08
IOC.NS,CURRENT_ACTIVE_UNIVERSE,2026-10-08
PETRONET.NS,CURRENT_ACTIVE_UNIVERSE,2026-10-08
GAIL.NS,CURRENT_ACTIVE_UNIVERSE,2026-10-08
DLF.NS,CURRENT_ACTIVE_UNIVERSE,2026-10-08
GODREJPROP.NS,CURRENT_ACTIVE_UNIVERSE,2026-10-08
OBEROIRLTY.NS,CURRENT_ACTIVE_UNIVERSE,2026-10-08
PRESTIGE.NS,CURRENT_ACTIVE_UNIVERSE,2026-10-08
PHOENIXLTD.NS,CURRENT_ACTIVE_UNIVERSE,2026-10-08
CONCOR.NS,CURRENT_ACTIVE_UNIVERSE,2026-10-08
IRCTC.NS,CURRENT_ACTIVE_UNIVERSE,2026-10-08
EMAMILTD.NS,CURRENT_ACTIVE_UNIVERSE,2026-10-08
VBL.NS,CURRENT_ACTIVE_UNIVERSE,2026-10-08
JUBLFOOD.NS,CURRENT_ACTIVE_UNIVERSE,2026-10-08
TATACOMM.NS,CURRENT_ACTIVE_UNIVERSE,2026-10-08
KPITTECH.NS,CURRENT_ACTIVE_UNIVERSE,2026-10-08
HAPPSTMNDS.NS,CURRENT_ACTIVE_UNIVERSE,2026-10-08
ROUTE.NS,CURRENT_ACTIVE_UNIVERSE,2026-10-08
MASTEK.NS,CURRENT_ACTIVE_UNIVERSE,2026-10-08
SONATSOFTW.NS,CURRENT_ACTIVE_UNIVERSE,2026-10-08
GRANULES.NS,CURRENT_ACTIVE_UNIVERSE,2026-10-08
LAURUSLABS.NS,CURRENT_ACTIVE_UNIVERSE,2026-10-08
SYNGENE.NS,CURRENT_ACTIVE_UNIVERSE,2026-10-08
SUVENPHAR.NS,CURRENT_ACTIVE_UNIVERSE,2026-10-08
ASTRAZEN.NS,CURRENT_ACTIVE_UNIVERSE,2026-10-08
FINEORG.NS,CURRENT_ACTIVE_UNIVERSE,2026-10-08
GALAXYSURF.NS,CURRENT_ACTIVE_UNIVERSE,2026-10-08
BALAMINES.NS,CURRENT_ACTIVE_UNIVERSE,2026-10-08
SUDARSCHEM.NS,CURRENT_ACTIVE_UNIVERSE,2026-10-08
CLEAN.NS,CURRENT_ACTIVE_UNIVERSE,2026-10-08
ENDURANCE.NS,CURRENT_ACTIVE_UNIVERSE,2026-10-08
SUNDRMFAST.NS,CURRENT_ACTIVE_UNIVERSE,2026-10-08
TIINDIA.NS,CURRENT_ACTIVE_UNIVERSE,2026-10-08
CDSL.NS,CURRENT_ACTIVE_UNIVERSE,2026-10-08
UJJIVANSFB.NS,CURRENT_ACTIVE_UNIVERSE,2026-10-08
EQUITASBNK.NS,CURRENT_ACTIVE_UNIVERSE,2026-10-08
RBLBANK.NS,CURRENT_ACTIVE_UNIVERSE,2026-10-08
CREDITACC.NS,CURRENT_ACTIVE_UNIVERSE,2026-10-08
TTKPRESTIG.NS,CURRENT_ACTIVE_UNIVERSE,2026-10-08
RAJESHEXPO.NS,CURRENT_ACTIVE_UNIVERSE,2026-10-08
RADICO.NS,CURRENT_ACTIVE_UNIVERSE,2026-10-08
ELGIEQUIP.NS,CURRENT_ACTIVE_UNIVERSE,2026-10-08
GRINDWELL.NS,CURRENT_ACTIVE_UNIVERSE,2026-10-08
CARBORUNIV.NS,CURRENT_ACTIVE_UNIVERSE,2026-10-08
PRAJIND.NS,CURRENT_ACTIVE_UNIVERSE,2026-10-08
AFFLE.NS,CURRENT_ACTIVE_UNIVERSE,2026-10-08
BLUEDART.NS,CURRENT_ACTIVE_UNIVERSE,2026-10-08
APLAPOLLO.NS,CURRENT_ACTIVE_UNIVERSE,2026-10-08
ASTRAL.NS,CURRENT_ACTIVE_UNIVERSE,2026-10-08
RATNAMANI.NS,CURRENT_ACTIVE_UNIVERSE,2026-10-08
HLEGLAS.NS,CURRENT_ACTIVE_UNIVERSE,2026-10-08
PVRINOX.NS,CURRENT_ACTIVE_UNIVERSE,2026-10-08
RAYMOND.NS,CURRENT_ACTIVE_UNIVERSE,2026-10-08
ARVIND.NS,CURRENT_ACTIVE_UNIVERSE,2026-10-08
TATAPOWER.NS,CURRENT_ACTIVE_UNIVERSE,2026-10-08
NHPC.NS,CURRENT_ACTIVE_UNIVERSE,2026-10-08
SJVN.NS,CURRENT_ACTIVE_UNIVERSE,2026-10-08
BRIGADE.NS,CURRENT_ACTIVE_UNIVERSE,2026-10-08
SOBHA.NS,CURRENT_ACTIVE_UNIVERSE,2026-10-08
JKCEMENT.NS,CURRENT_ACTIVE_UNIVERSE,2026-10-08
JKLAKSHMI.NS,CURRENT_ACTIVE_UNIVERSE,2026-10-08
ZYDUSWELL.NS,CURRENT_ACTIVE_UNIVERSE,2026-10-08
GSPL.NS,CURRENT_ACTIVE_UNIVERSE,2026-10-08
MRPL.NS,CURRENT_ACTIVE_UNIVERSE,2026-10-08
