Symbol,Name,Cap,Sector,Trades,Wins,Losses,Win Rate,Net PnL,Profit Factor,Expectancy,Avg R
HDFCBANK.NS,HDFC Bank,Large,Banking & Finance,0,0,0,,0.0,,,
ICICIBANK.NS,ICICI Bank,Large,Banking & Finance,4,3,1,0.75,4641.307916552554,5.367936609872203,1160.3269791381385,1.1678611605699778
SBIN.NS,State Bank of India,Large,Banking & Finance,3,1,2,0.3333333333333333,-221.90350526598468,0.8947599808909509,-73.96783508866167,-0.07234381892110468
KOTAKBANK.NS,Kotak Mahindra Bank,Large,Banking & Finance,1,0,1,0.0,-1080.686638702117,0.0,-1080.686638702117,-1.0847493487526623
AXISBANK.NS,Axis Bank,Large,Banking & Finance,1,0,1,0.0,-1022.5788700756369,0.0,-1022.5788700756369,-1.057296003472365
INDUSINDBK.NS,IndusInd Bank,Large,Banking & Finance,1,0,1,0.0,-1027.1488393973154,0.0,-1027.1488393973154,-1.0647273528345746
BAJFINANCE.NS,Bajaj Finance,Large,Banking & Finance,2,0,2,0.0,-2103.216813709286,0.0,-1051.608406854643,-1.0585397096041995
BAJAJFINSV.NS,Bajaj Finserv,Large,Banking & Finance,3,2,1,0.6666666666666666,2711.9504964211897,3.5270862598755874,903.9834988070631,0.9354631744793119
HDFCLIFE.NS,HDFC Life Insurance,Large,Banking & Finance,0,0,0,,0.0,,,
SBILIFE.NS,SBI Life Insurance,Large,Banking & Finance,2,1,1,0.5,813.5753187397136,1.7644204090174729,406.7876593698568,0.42044121617251995
TCS.NS,Tata Consultancy Services,Large,IT,0,0,0,,0.0,,,
INFY.NS,Infosys,Large,IT,0,0,0,,0.0,,,
WIPRO.NS,Wipro,Large,IT,3,1,2,0.3333333333333333,-218.97901401754598,0.8968462733731464,-72.99300467251544,-0.07378662249834493
HCLTECH.NS,HCL Technologies,Large,IT,0,0,0,,0.0,,,
TECHM.NS,Tech Mahindra,Large,IT,2,1,1,0.5,873.3596313916521,1.8438590980346945,436.67981569582605,0.4262992533711786
SUNPHARMA.NS,Sun Pharmaceutical,Large,Pharma & Healthcare,0,0,0,,0.0,,,
DRREDDY.NS,Dr Reddy's Laboratories,Large,Pharma & Healthcare,3,2,1,0.6666666666666666,2803.8153547815973,3.7355810774426557,934.6051182605324,0.9282756825629214
CIPLA.NS,Cipla,Large,Pharma & Healthcare,0,0,0,,0.0,,,
DIVISLAB.NS,Divi's Laboratories,Large,Pharma & Healthcare,0,0,0,,0.0,,,
APOLLOHOSP.NS,Apollo Hospitals,Large,Pharma & Healthcare,1,1,0,1.0,1677.0698607288864,inf,1677.0698607288864,1.9109957344326973
M&M.NS,Mahindra & Mahindra,Large,Automobile,0,0,0,,0.0,,,
MARUTI.NS,Maruti Suzuki,Large,Automobile,1,0,1,0.0,-542.2947017898341,0.0,-542.2947017898341,-1.0632863269343302
BAJAJ-AUTO.NS,Bajaj Auto,Large,Automobile,2,0,2,0.0,-1948.088145450054,0.0,-974.044072725027,-1.063883960790747
HEROMOTOCO.NS,Hero MotoCorp,Large,Automobile,2,1,1,0.5,578.9703611735144,1.560531002564202,289.4851805867572,0.41745058147487024
EICHERMOT.NS,Eicher Motors,Large,Automobile,1,1,0,1.0,1536.1325193205048,inf,1536.1325193205048,1.9055266699055575
HINDUNILVR.NS,Hindustan Unilever,Large,FMCG,2,0,2,0.0,-2092.9374937407606,0.0,-1046.4687468703803,-1.0929152230086625
ITC.NS,ITC,Large,FMCG,0,0,0,,0.0,,,
NESTLEIND.NS,Nestle India,Large,FMCG,0,0,0,,0.0,,,
BRITANNIA.NS,Britannia Industries,Large,FMCG,3,0,3,0.0,-3079.9890483283893,0.0,-1026.6630161094631,-1.092780801688192
DABUR.NS,Dabur India,Large,FMCG,4,2,2,0.5,1681.272453124374,1.7912092453680628,420.3181132810935,0.4239124876176348
GODREJCP.NS,Godrej Consumer Products,Large,FMCG,0,0,0,,0.0,,,
MARICO.NS,Marico,Large,FMCG,0,0,0,,0.0,,,
COLPAL.NS,Colgate-Palmolive India,Large,FMCG,0,0,0,,0.0,,,
TITAN.NS,Titan Company,Large,Consumer Durables,2,1,1,0.5,843.8472470648521,1.8300337163495564,421.92362353242606,0.41828857563242106
RELIANCE.NS,Reliance Industries,Large,Oil & Gas,1,0,1,0.0,-1042.5218387261577,0.0,-1042.5218387261577,-1.0753960737729331
ONGC.NS,ONGC,Large,Oil & Gas,2,1,1,0.5,857.4343274343178,1.8142369473946984,428.7171637171589,0.42765896573293827
BPCL.NS,Bharat Petroleum,Large,Oil & Gas,1,0,1,0.0,-1106.950677632621,0.0,-1106.950677632621,-1.107291982505814
NTPC.NS,NTPC,Large,Power,3,0,3,0.0,-3187.271325187145,0.0,-1062.4237750623818,-1.0633167506145182
POWERGRID.NS,Power Grid Corp,Large,Power,0,0,0,,0.0,,,
JSWSTEEL.NS,JSW Steel,Large,Metals & Mining,1,1,0,1.0,1935.4005689193964,inf,1935.4005689193964,1.9479971589425022
TATASTEEL.NS,Tata Steel,Large,Metals & Mining,2,1,1,0.5,877.4947644523136,1.813474779764122,438.7473822261568,0.43752666798050976
HINDALCO.NS,Hindalco Industries,Large,Metals & Mining,3,1,2,0.3333333333333333,-170.26963514934255,0.918913178384687,-56.756545049780925,-0.06460199129472814
COALINDIA.NS,Coal India,Large,Metals & Mining,2,1,1,0.5,895.2052229026542,1.8587301832539378,447.6026114513271,0.4488023274308076
ULTRACEMCO.NS,UltraTech Cement,Large,Cement,1,1,0,1.0,1512.3927789872118,inf,1512.3927789872118,1.9206782836064717
GRASIM.NS,Grasim Industries,Large,Cement,1,0,1,0.0,-994.6886805813459,0.0,-994.6886805813459,-1.0751640607232025
BHARTIARTL.NS,Bharti Airtel,Large,Telecom,2,1,1,0.5,740.2710529859719,1.6712261972445295,370.13552649298595,0.3878192374118177
LT.NS,Larsen & Toubro,Large,Capital Goods,1,1,0,1.0,1791.571238715497,inf,1791.571238715497,1.8991538539376975
ADANIPORTS.NS,Adani Ports,Large,Infrastructure,3,2,1,0.6666666666666666,2646.776847612175,3.4895448936663307,882.2589492040582,0.932383678110276
ASIANPAINT.NS,Asian Paints,Large,Chemicals,0,0,0,,0.0,,,
PIDILITIND.NS,Pidilite Industries,Large,Chemicals,2,1,1,0.5,766.3085099364978,1.7161817008534135,383.1542549682489,0.4165615022146748
TATACONSUM.NS,Tata Consumer Products,Large,FMCG,0,0,0,,0.0,,,
PNB.NS,Punjab National Bank,Mid,Banking & Finance,0,0,0,,0.0,,,
BANKBARODA.NS,Bank of Baroda,Mid,Banking & Finance,1,0,1,0.0,-1063.7373704278448,0.0,-1063.7373704278448,-1.0663579399616874
CANBK.NS,Canara Bank,Mid,Banking & Finance,2,0,2,0.0,-2112.2975312245785,0.0,-1056.1487656122893,-1.058283036476909
FEDERALBNK.NS,Federal Bank,Mid,Banking & Finance,2,2,0,1.0,3871.6164071733674,inf,1935.8082035866837,1.943337838932866
BANDHANBNK.NS,Bandhan Bank,Mid,Banking & Finance,1,0,1,0.0,-1033.3040866425442,0.0,-1033.3040866425442,-1.0429562755420154
IDFCFIRSTB.NS,IDFC First Bank,Mid,Banking & Finance,1,0,1,0.0,-1033.4529691281937,0.0,-1033.4529691281937,-1.0349233887009146
CHOLAFIN.NS,Cholamandalam Finance,Mid,Banking & Finance,3,1,2,0.3333333333333333,-213.6484235068158,0.8984841699267841,-71.21614116893875,-0.05809463388445013
MUTHOOTFIN.NS,Muthoot Finance,Mid,Banking & Finance,2,0,2,0.0,-2038.877306946185,0.0,-1019.4386534730925,-1.065005242420539
MANAPPURAM.NS,Manappuram Finance,Mid,Banking & Finance,1,1,0,1.0,1948.3518785219642,inf,1948.3518785219642,1.9617978285463464
LICHSGFIN.NS,LIC Housing Finance,Mid,Banking & Finance,0,0,0,,0.0,,,
MFSL.NS,Max Financial Services,Mid,Banking & Finance,4,2,2,0.5,1745.6148129123144,1.8314976765644948,436.4037032280785,0.44150486570796815
SBICARD.NS,SBI Cards,Mid,Banking & Finance,1,1,0,1.0,1917.77912760288,inf,1917.77912760288,1.9370496519191147
ICICIGI.NS,ICICI Lombard,Mid,Banking & Finance,1,0,1,0.0,-1043.8912541580726,0.0,-1043.8912541580726,-1.0807772617496612
PERSISTENT.NS,Persistent Systems,Mid,IT,1,0,1,0.0,-984.5545744332097,0.0,-984.5545744332097,-1.0514733231393123
COFORGE.NS,Coforge,Mid,IT,1,0,1,0.0,-1038.7914199170557,0.0,-1038.7914199170557,-1.0396959653394504
MPHASIS.NS,Mphasis,Mid,IT,1,1,0,1.0,1800.2347149865404,inf,1800.2347149865404,1.9352578681726715
LTTS.NS,L&T Technology Services,Mid,IT,0,0,0,,0.0,,,
TATAELXSI.NS,Tata Elxsi,Mid,IT,0,0,0,,0.0,,,
BSOFT.NS,Birlasoft,Mid,IT,0,0,0,,0.0,,,
LUPIN.NS,Lupin,Mid,Pharma & Healthcare,1,0,1,0.0,-1064.6723808413005,0.0,-1064.6723808413005,-1.067199040919691
AUROPHARMA.NS,Aurobindo Pharma,Mid,Pharma & Healthcare,0,0,0,,0.0,,,
TORNTPHARM.NS,Torrent Pharmaceuticals,Mid,Pharma & Healthcare,3,3,0,1.0,5498.939611472113,inf,1832.9798704907043,1.9296275347003924
ALKEM.NS,Alkem Laboratories,Mid,Pharma & Healthcare,1,0,1,0.0,-977.2889855196695,0.0,-977.2889855196695,-1.0711013520912347
IPCALAB.NS,IPCA Laboratories,Mid,Pharma & Healthcare,1,1,0,1.0,1855.948281605732,inf,1855.948281605732,1.9433587591169101
BIOCON.NS,Biocon,Mid,Pharma & Healthcare,1,0,1,0.0,-1041.1188778934707,0.0,-1041.1188778934707,-1.043016443225316
GLENMARK.NS,Glenmark Pharmaceuticals,Mid,Pharma & Healthcare,1,1,0,1.0,1903.8460012287248,inf,1903.8460012287248,1.9327590173251439
NATCOPHARM.NS,Natco Pharma,Mid,Pharma & Healthcare,1,0,1,0.0,-1047.7294078733764,0.0,-1047.7294078733764,-1.0491221934624704
LALPATHLAB.NS,Dr Lal PathLabs,Mid,Pharma & Healthcare,0,0,0,,0.0,,,
METROPOLIS.NS,Metropolis Healthcare,Mid,Pharma & Healthcare,1,0,1,0.0,-1045.6243402967486,0.0,-1045.6243402967486,-1.0508865267083152
ASHOKLEY.NS,Ashok Leyland,Mid,Automobile,1,0,1,0.0,-1070.1895260899166,0.0,-1070.1895260899166,-1.072478822625756
BALKRISIND.NS,Balkrishna Industries,Mid,Automobile,3,3,0,1.0,5576.058263749385,inf,1858.6860879164617,1.94132425630427
MOTHERSON.NS,Samvardhana Motherson,Mid,Automobile,2,2,0,1.0,3886.8948757022035,inf,1943.4474378511018,1.9511854959474801
BHARATFORG.NS,Bharat Forge,Mid,Automobile,1,0,1,0.0,-1058.869695313572,0.0,-1058.869695313572,-1.0605797246508955
EXIDEIND.NS,Exide Industries,Mid,Automobile,2,0,2,0.0,-2135.6797563997525,0.0,-1067.8398781998762,-1.0726493047957373
TRENT.NS,Trent,Mid,Consumer Durables,0,0,0,,0.0,,,
VOLTAS.NS,Voltas,Mid,Consumer Durables,1,1,0,1.0,1812.4736356624076,inf,1812.4736356624076,1.9419959700675855
HAVELLS.NS,Havells India,Mid,Consumer Durables,0,0,0,,0.0,,,
CROMPTON.NS,Crompton Greaves Consumer,Mid,Consumer Durables,1,0,1,0.0,-1038.3953800663303,0.0,-1038.3953800663303,-1.0400777579393115
PAGEIND.NS,Page Industries,Mid,Consumer Durables,0,0,0,,0.0,,,
INDHOTEL.NS,Indian Hotels,Mid,Consumer Durables,1,0,1,0.0,-1049.0949504541402,0.0,-1049.0949504541402,-1.0622204831331954
WHIRLPOOL.NS,Whirlpool India,Mid,Consumer Durables,1,0,1,0.0,-992.5841318300262,0.0,-992.5841318300262,-1.0591280053467842
DIXON.NS,Dixon Technologies,Mid,Consumer Durables,2,2,0,1.0,3120.11823589938,inf,1560.05911794969,1.9447999899317487
SRF.NS,SRF,Mid,Chemicals,0,0,0,,0.0,,,
PIIND.NS,PI Industries,Mid,Chemicals,4,2,2,0.5,1551.5443295141627,1.734534022015156,387.88608237854066,0.4357650535476991
AARTIIND.NS,Aarti Industries,Mid,Chemicals,2,2,0,1.0,3782.457977569206,inf,1891.228988784603,1.9407816029909908
DEEPAKNTR.NS,Deepak Nitrite,Mid,Chemicals,1,0,1,0.0,-1034.6507122141243,0.0,-1034.6507122141243,-1.055814196487251
ATUL.NS,Atul,Mid,Chemicals,1,1,0,1.0,1449.38711556362,inf,1449.38711556362,1.9029834605445266
BERGEPAINT.NS,Berger Paints,Mid,Chemicals,0,0,0,,0.0,,,
UPL.NS,UPL,Mid,Chemicals,0,0,0,,0.0,,,
ACC.NS,ACC,Mid,Cement,0,0,0,,0.0,,,
AMBUJACEM.NS,Ambuja Cements,Mid,Cement,2,2,0,1.0,3838.2337524011755,inf,1919.1168762005877,1.943595156948977
RAMCOCEM.NS,Ramco Cements,Mid,Cement,1,0,1,0.0,-1048.3134922713587,0.0,-1048.3134922713587,-1.0783504433481808
SHREECEM.NS,Shree Cement,Mid,Cement,0,0,0,,0.0,,,
DALBHARAT.NS,Dalmia Bharat,Mid,Cement,2,1,1,0.5,855.3041714192746,1.8827142420189373,427.6520857096373,0.45068929865583807
ABB.NS,ABB India,Mid,Capital Goods,1,0,1,0.0,-938.761488155179,0.0,-938.761488155179,-1.0521762204155176
SIEMENS.NS,Siemens,Mid,Capital Goods,0,0,0,,0.0,,,
CUMMINSIND.NS,Cummins India,Mid,Capital Goods,1,1,0,1.0,1913.2926891725117,inf,1913.2926891725117,1.9596706014071947
HONAUT.NS,Honeywell Automation,Mid,Capital Goods,0,0,0,,0.0,,,
THERMAX.NS,Thermax,Mid,Capital Goods,0,0,0,,0.0,,,
BEL.NS,Bharat Electronics,Mid,Capital Goods,3,2,1,0.6666666666666666,2838.38848198232,3.7242181862846664,946.1294939941067,0.9486613898829184
HAL.NS,Hindustan Aeronautics,Mid,Capital Goods,2,1,1,0.5,971.0761946323149,2.0183326668091697,485.53809731615746,0.45295052439530326
SAIL.NS,Steel Authority of India,Mid,Metals & Mining,0,0,0,,0.0,,,
NMDC.NS,NMDC,Mid,Metals & Mining,1,1,0,1.0,1934.7009511923457,inf,1934.7009511923457,1.9368337868243126
VEDL.NS,Vedanta,Mid,Metals & Mining,2,1,1,0.5,815.6423135730388,1.7371328307395122,407.8211567865194,0.41422217113862947
NATIONALUM.NS,National Aluminium,Mid,Metals & Mining,1,0,1,0.0,-1028.4201283476375,0.0,-1028.4201283476375,-1.0303415539601262
JINDALSTEL.NS,Jindal Steel & Power,Mid,Metals & Mining,0,0,0,,0.0,,,
HINDPETRO.NS,Hindustan Petroleum,Mid,Oil & Gas,0,0,0,,0.0,,,
IOC.NS,Indian Oil Corp,Mid,Oil & Gas,0,0,0,,0.0,,,
PETRONET.NS,Petronet LNG,Mid,Oil & Gas,0,0,0,,0.0,,,
GAIL.NS,GAIL India,Mid,Oil & Gas,1,1,0,1.0,1946.4973137438074,inf,1946.4973137438074,1.9509340517746672
DLF.NS,DLF,Mid,Real Estate,3,1,2,0.3333333333333333,-124.0907221031207,0.9399074359401719,-41.36357403437364,-0.04836145494594087
GODREJPROP.NS,Godrej Properties,Mid,Real Estate,2,0,2,0.0,-2061.723665494924,0.0,-1030.861832747462,-1.0446581941493176
OBEROIRLTY.NS,Oberoi Realty,Mid,Real Estate,0,0,0,,0.0,,,
PRESTIGE.NS,Prestige Estates,Mid,Real Estate,3,1,2,0.3333333333333333,-124.44382220422347,0.9383631458810467,-41.48127406807464,-0.04492861375349825
PHOENIXLTD.NS,Phoenix Mills,Mid,Real Estate,0,0,0,,0.0,,,
CONCOR.NS,Container Corp of India,Mid,Infrastructure,2,0,2,0.0,-2122.0809359403183,0.0,-1061.0404679701592,-1.0722303496099284
IRCTC.NS,IRCTC,Mid,Infrastructure,0,0,0,,0.0,,,
EMAMILTD.NS,Emami,Mid,FMCG,2,2,0,1.0,3887.4850761612806,inf,1943.7425380806403,1.952719716240873
VBL.NS,Varun Beverages,Mid,FMCG,1,1,0,1.0,1916.2205061162144,inf,1916.2205061162144,1.9345938076675024
JUBLFOOD.NS,Jubilant FoodWorks,Mid,FMCG,0,0,0,,0.0,,,
TATACOMM.NS,Tata Communications,Mid,Telecom,3,2,1,0.6666666666666666,2823.00239438455,3.7420280484600617,941.0007981281833,0.960576095500194
KPITTECH.NS,KPIT Technologies,Small,IT,2,2,0,1.0,3827.770946472706,inf,1913.885473236353,1.9509709179314212
HAPPSTMNDS.NS,Happiest Minds,Small,IT,1,0,1,0.0,-1047.2435399338815,0.0,-1047.2435399338815,-1.0533470809793959
ROUTE.NS,Route Mobile,Small,IT,0,0,0,,0.0,,,
MASTEK.NS,Mastek,Small,IT,0,0,0,,0.0,,,
SONATSOFTW.NS,Sonata Software,Small,IT,2,2,0,1.0,3881.5684363855316,inf,1940.7842181927658,1.9492592731974234
GRANULES.NS,Granules India,Small,Pharma & Healthcare,1,1,0,1.0,1916.4702033758374,inf,1916.4702033758374,1.9244014847644548
LAURUSLABS.NS,Laurus Labs,Small,Pharma & Healthcare,4,2,2,0.5,1734.2111024438914,1.8434156266201391,433.55277561097284,0.4499875379449068
SYNGENE.NS,Syngene International,Small,Pharma & Healthcare,0,0,0,,0.0,,,
ASTRAZEN.NS,AstraZeneca Pharma India,Small,Pharma & Healthcare,0,0,0,,0.0,,,
FINEORG.NS,Fine Organic Industries,Small,Chemicals,0,0,0,,0.0,,,
GALAXYSURF.NS,Galaxy Surfactants,Small,Chemicals,1,0,1,0.0,-1067.770706468515,0.0,-1067.770706468515,-1.0686391980729562
BALAMINES.NS,Balaji Amines,Small,Chemicals,0,0,0,,0.0,,,
SUDARSCHEM.NS,Sudarshan Chemical,Small,Chemicals,1,1,0,1.0,1896.4559135295408,inf,1896.4559135295408,1.942581661048321
CLEAN.NS,Clean Science & Technology,Small,Chemicals,0,0,0,,0.0,,,
ENDURANCE.NS,Endurance Technologies,Small,Automobile,1,0,1,0.0,-998.6905354361419,0.0,-998.6905354361419,-1.0509072777940172
SUNDRMFAST.NS,Sundram Fasteners,Small,Automobile,3,2,1,0.6666666666666666,2787.339692029787,3.7464048188908623,929.1132306765955,0.9510514420082715
TIINDIA.NS,Tube Investments,Small,Automobile,4,2,2,0.5,1875.1865545791293,2.000024557085703,468.79663864478243,0.4525751357326164
CDSL.NS,Central Depository Services,Small,Banking & Finance,2,1,1,0.5,958.8362783810137,1.9965756830591588,479.41813919050685,0.4590256394334735
UJJIVANSFB.NS,Ujjivan Small Finance Bank,Small,Banking & Finance,1,0,1,0.0,-1028.3543120175607,0.0,-1028.3543120175607,-1.0302412512542998
EQUITASBNK.NS,Equitas SFB,Small,Banking & Finance,2,1,1,0.5,924.5235645653781,1.8861737062155768,462.26178228268907,0.46032173850624436
RBLBANK.NS,RBL Bank,Small,Banking & Finance,2,1,1,0.5,885.9510525399512,1.8310889373697437,442.9755262699756,0.4456225411310134
CREDITACC.NS,CreditAccess Grameen,Small,Banking & Finance,0,0,0,,0.0,,,
TTKPRESTIG.NS,TTK Prestige,Small,Consumer Durables,1,0,1,0.0,-1016.3801035041369,0.0,-1016.3801035041369,-1.0587225367149626
RAJESHEXPO.NS,Rajesh Exports,Small,Consumer Durables,0,0,0,,0.0,,,
RADICO.NS,Radico Khaitan,Small,Consumer Durables,1,1,0,1.0,1516.9521396549694,inf,1516.9521396549694,1.5477140763419153
ELGIEQUIP.NS,Elgi Equipments,Small,Capital Goods,2,1,1,0.5,952.8795813245025,1.952744660773973,476.43979066225126,0.4715954833665966
GRINDWELL.NS,Grindwell Norton,Small,Capital Goods,2,0,2,0.0,-2029.1848596024665,0.0,-1014.5924298012333,-1.0489743456557201
CARBORUNIV.NS,Carborundum Universal,Small,Capital Goods,0,0,0,,0.0,,,
PRAJIND.NS,Praj Industries,Small,Capital Goods,1,1,0,1.0,1951.704689999269,inf,1951.704689999269,1.951871637460576
AFFLE.NS,Affle India,Small,Capital Goods,4,2,2,0.5,1785.8083068446795,1.8910953170182694,446.4520767111698,0.4516997102588475
BLUEDART.NS,Blue Dart Express,Small,Infrastructure,3,2,1,0.6666666666666666,2543.4819025567826,3.881382954691481,847.8273008522608,0.9374804460675096
APLAPOLLO.NS,APL Apollo Tubes,Small,Infrastructure,3,1,2,0.3333333333333333,-181.44799428363172,0.9113622226764174,-60.482664761210685,-0.05899199161366749
ASTRAL.NS,Astral,Small,Infrastructure,2,1,1,0.5,938.0936260180968,1.9838674573733577,469.0468130090484,0.4451676222651165
RATNAMANI.NS,Ratnamani Metals,Small,Metals & Mining,3,1,2,0.3333333333333333,-237.13828583514646,0.8800614892431444,-79.04609527838227,-0.04820317988847226
HLEGLAS.NS,HLE Glascoat,Small,Metals & Mining,0,0,0,,0.0,,,
PVRINOX.NS,PVR INOX,Small,Media,5,2,3,0.4,677.7696328251027,1.2155157023687106,135.55392656502056,0.1341980539840785
RAYMOND.NS,Raymond,Small,Textiles,0,0,0,,0.0,,,
ARVIND.NS,Arvind,Small,Textiles,1,0,1,0.0,-1021.6708546486105,0.0,-1021.6708546486105,-1.0255987683065588
TATAPOWER.NS,Tata Power,Small,Power,0,0,0,,0.0,,,
NHPC.NS,NHPC,Small,Power,3,1,2,0.3333333333333333,-142.888889344664,0.9322706632656453,-47.62962978155474,-0.046928937772975354
SJVN.NS,SJVN,Small,Power,1,1,0,1.0,1956.3983949842386,inf,1956.3983949842386,1.9738334283140893
BRIGADE.NS,Brigade Enterprises,Small,Real Estate,1,1,0,1.0,1946.8631421729174,inf,1946.8631421729174,1.9643873642866978
SOBHA.NS,Sobha,Small,Real Estate,0,0,0,,0.0,,,
JKCEMENT.NS,JK Cement,Small,Cement,3,1,2,0.3333333333333333,-88.58254949743218,0.9543272607138369,-29.527516499144213,-0.06006541856736606
JKLAKSHMI.NS,JK Lakshmi Cement,Small,Cement,1,0,1,0.0,-1025.8530449557234,0.0,-1025.8530449557234,-1.041838240650476
ZYDUSWELL.NS,Zydus Wellness,Small,FMCG,0,0,0,,0.0,,,
MRPL.NS,MRPL,Small,Oil & Gas,1,1,0,1.0,1973.0977828578186,inf,1973.0977828578186,1.9749902894282039
