trade_id,symbol,signal_timestamp,entry_timestamp,exit_timestamp,entry_price,exit_price,stop_price,target_price,atr_at_signal,risk_per_share,quantity,gross_pnl,total_costs,net_pnl,r_multiple,exit_reason,ambiguous_exit,trend_regime,vol_regime,cap,sector
1,ICICIBANK.NS,2020-02-04,2020-02-05,2020-02-28,507.66650281268295,490.13474223404666,490.37993220014675,542.2396440377554,11.52438040835746,17.286570612536195,57,-999.3103529822688,63.27556139718661,-1062.5859143794555,-1.078401180017102,STOP,False,BULL,LOW_VOL,Large,Banking & Finance
2,ICICIBANK.NS,2022-09-30,2022-10-03,2022-10-24,832.3326624655173,888.3208348160848,804.1163849858773,888.7652174247972,18.810851653093355,28.216277479639984,35,1959.5860322698638,66.77425265853834,1892.8117796113254,1.9166361189687875,TARGET,False,BULL,HIGH_VOL,Large,Banking & Finance
3,ICICIBANK.NS,2024-04-19,2024-04-22,2024-04-29,1053.055318167675,1111.1738424263426,1023.7181236115213,1111.7297072799827,19.558129704102527,29.337194556153804,34,1976.0298247946967,81.62002001228883,1894.4098047824077,1.8992250717132473,TARGET,False,BULL,HIGH_VOL,Large,Banking & Finance
4,ICICIBANK.NS,2024-06-05,2024-06-06,2024-06-26,1091.3196618309426,1185.11236481147,1044.1268840363239,1185.70521742018,31.461851863079065,47.19277779461868,21,1969.646762591074,52.97451605279824,1916.6722465382759,1.9339846316149785,TARGET,False,BULL,HIGH_VOL,Large,Banking & Finance
1,SBIN.NS,2021-04-07,2021-04-08,2021-04-12,327.3663916423031,309.8491489635093,310.00415103902884,362.0908728488516,11.574827068849507,17.362240603274245,57,-998.4828326912445,40.43604336299021,-1038.9188760542347,-1.0497865664229218,STOP,False,BULL,HIGH_VOL,Large,Banking & Finance
2,SBIN.NS,2022-12-26,2022-12-27,2023-01-25,558.0643133165967,540.1855594381858,540.4557873318518,593.2813652860865,11.73901732316331,17.608525984744915,56,-1001.2102171910083,68.41770429999045,-1069.6279214909987,-1.0847301253154977,STOP,False,BULL,LOW_VOL,Large,Banking & Finance
3,SBIN.NS,2024-01-24,2024-01-25,2024-02-07,586.0594324928012,625.9061359730538,565.9795259412759,626.2192455958517,13.386604367683479,20.079906551525255,49,1952.4884705323766,65.84517825312795,1886.6432922792487,1.9174852349751055,TARGET,False,BULL,HIGH_VOL,Large,Banking & Finance
1,KOTAKBANK.NS,2021-01-19,2021-01-20,2021-01-22,375.9664693234425,363.924241157794,364.10629430494646,399.6868193604345,7.906783345664,11.860175018496022,84,-1011.5471659144748,69.13947278764228,-1080.686638702117,-1.0847493487526623,STOP,False,BULL,LOW_VOL,Large,Banking & Finance
1,AXISBANK.NS,2022-02-25,2022-02-28,2022-03-04,746.5795709457631,711.6819724762262,712.0379914719622,815.6627298933648,23.02771964920058,34.54157947380088,28,-977.1327571470329,45.446112928604045,-1022.5788700756369,-1.057296003472365,STOP,False,SIDEWAYS,HIGH_VOL,Large,Banking & Finance
1,INDUSINDBK.NS,2022-12-26,2022-12-27,2023-01-25,1174.24546805372,1125.4471642016138,1126.010169286257,1270.7160655886462,32.15686584497535,48.235298767463064,20,-975.966077042126,51.182762355189475,-1027.1488393973154,-1.0647273528345746,STOP,False,BULL,LOW_VOL,Large,Banking & Finance
1,BAJFINANCE.NS,2020-03-03,2020-03-04,2020-03-05,435.01762229070954,415.94838346500103,416.156461695849,472.73994348043067,12.574107063240382,18.861160594860564,53,-1010.669657762551,50.19342441206264,-1060.8630821746135,-1.0612435257449917,STOP,False,SIDEWAYS,HIGH_VOL,Large,Banking & Finance
2,BAJFINANCE.NS,2021-01-19,2021-01-20,2021-01-28,483.91562776592144,460.7262931749605,460.9567715607409,529.8333401762825,15.305904136787033,22.958856205180552,43,-997.1413874113198,45.21234412335231,-1042.353731534672,-1.0558358934634073,STOP,False,BULL,LOW_VOL,Large,Banking & Finance
1,BAJAJFINSV.NS,2020-02-04,2020-02-05,2020-02-28,950.9889137897044,916.0609678648752,916.5192274786145,1019.9282864118841,22.97979087405989,34.469686311089845,29,-1012.9104318200452,60.242685064339774,-1073.153116884385,-1.073560100274524,STOP,False,BULL,LOW_VOL,Large,Banking & Finance
2,BAJAJFINSV.NS,2021-01-19,2021-01-20,2021-02-01,891.4787972269488,973.9197843148582,850.0147019360419,974.4069878087627,27.64273019393797,41.464095290906926,24,1978.5836901098264,49.60071192337879,1928.9829781864476,1.9384069565216036,TARGET,False,BULL,LOW_VOL,Large,Banking & Finance
3,BAJAJFINSV.NS,2021-04-13,2021-04-15,2021-04-29,972.6375737027035,1067.703755829251,924.8374231707382,1068.2378747666341,31.866767021310213,47.8001505319653,20,1901.323642530947,45.20300741181969,1856.1206351191272,1.9415426671908567,TARGET,False,BULL,HIGH_VOL,Large,Banking & Finance
1,SBILIFE.NS,2021-01-27,2021-01-28,2021-02-22,872.7958507723461,836.6873417037028,837.1058946510284,944.1757630149814,23.79330408087844,35.689956121317664,28,-1011.0382539220104,53.26524863023107,-1064.3035025522415,-1.065029030791154,STOP,False,BULL,LOW_VOL,Large,Banking & Finance
2,SBILIFE.NS,2023-08-04,2023-08-07,2023-08-08,1267.1762247993297,1342.296413137998,1229.280388655724,1342.9678970865411,25.26389076240375,37.89583614360572,26,1953.1248968053728,75.24607551341776,1877.878821291955,1.905911463136194,TARGET,False,BULL,LOW_VOL,Large,Banking & Finance
1,WIPRO.NS,2021-03-01,2021-03-02,2021-03-19,191.78685529010312,183.40116284124926,183.49290929589722,208.37474727851492,5.5292973294706025,8.293945994205899,120,-1006.2830938624631,50.105712908363316,-1056.3888067708265,-1.0614055194684708,STOP,False,BULL,HIGH_VOL,Large,IT
2,WIPRO.NS,2021-07-14,2021-07-15,2021-07-23,256.35549130956497,272.67654227250915,248.12676259090617,272.81294874688257,5.485819145772526,8.2287287186588,121,1974.8471665162463,70.98465867897343,1903.862507837273,1.9121302243855818,TARGET,False,BULL,LOW_VOL,Large,IT
3,WIPRO.NS,2021-11-12,2021-11-15,2021-11-23,302.3029918598347,290.9804983102741,291.12606134094455,324.65685289761507,7.451287012593467,11.176930518890174,89,-1007.7019259108977,58.75078917309479,-1066.4527150839924,-1.0720845724121457,STOP,False,BULL,LOW_VOL,Large,IT
1,TECHM.NS,2023-07-31,2023-08-01,2023-08-09,1021.864063362552,1103.733221570273,980.6534129176284,1104.2853642523992,27.473766963282372,41.210650444923544,24,1964.8597969853026,56.541090760348425,1908.3187062249542,1.9294351961832346,TARGET,False,BULL,LOW_VOL,Large,IT
2,TECHM.NS,2024-12-23,2024-12-24,2025-01-08,1627.8334576188442,1570.5118956711158,1571.2975444433375,1740.9052839698577,37.69060878367116,56.53591317550672,17,-974.466553111384,60.49252172191817,-1034.959074833302,-1.0768366894408774,STOP,False,SIDEWAYS,HIGH_VOL,Large,IT
1,DRREDDY.NS,2020-07-08,2020-07-09,2020-07-24,747.6237804027826,802.5812742006734,719.9442878124413,802.9827655834652,18.45299506022749,27.679492590341283,36,1978.46977672407,61.86622859898978,1916.6035481250801,1.9234090825240255,TARGET,False,BEAR,HIGH_VOL,Large,Pharma & Healthcare
2,DRREDDY.NS,2020-09-01,2020-09-02,2020-09-17,838.4266392243624,900.1087642664243,807.3604369423844,900.5590437883184,20.710801521318693,31.066202281978008,32,1973.8280013459807,61.672946652841546,1912.1550546931392,1.9234679835270796,TARGET,False,SIDEWAYS,LOW_VOL,Large,Pharma & Healthcare
3,DRREDDY.NS,2020-11-11,2020-11-12,2020-11-19,939.3461719702223,898.6857216648391,899.1352893094938,1019.7679372916791,26.80725510715227,40.21088266072843,24,-975.850807329196,49.092440707426036,-1024.943248036622,-1.0620500183623414,STOP,False,SIDEWAYS,LOW_VOL,Large,Pharma & Healthcare
1,APOLLOHOSP.NS,2024-10-08,2024-10-09,2024-11-07,6926.488017918868,7361.600144748225,6707.090633807654,7365.282786141295,146.2649227408089,219.3973841112138,4,1740.4485073174292,63.37864658854281,1677.0698607288864,1.9109957344326973,TARGET,False,BULL,HIGH_VOL,Large,Pharma & Healthcare
1,MARUTI.NS,2024-06-05,2024-06-06,2024-07-03,12145.91449852721,11630.07898653721,11635.896935004712,13165.949625572208,340.01170901499916,510.0175635224987,1,-515.8355119900007,26.459189799833446,-542.2947017898341,-1.0632863269343302,STOP,False,BULL,HIGH_VOL,Large,Automobile
1,BAJAJ-AUTO.NS,2021-03-02,2021-03-03,2021-03-08,3438.162624590194,3288.0135244253233,3289.6583536021244,3735.171166566333,99.00284732537955,148.5042709880695,6,-900.8946009892234,44.9133779992697,-945.807978988493,-1.061482354116353,STOP,False,BULL,HIGH_VOL,Large,Automobile
2,BAJAJ-AUTO.NS,2021-03-10,2021-03-12,2021-03-15,3345.845981625133,3209.958272418247,3211.5640544454695,3614.4098359844597,89.5212847864423,134.2819271796634,7,-951.2139644482022,51.066202013358875,-1002.2801664615611,-1.0662855674651412,STOP,False,BULL,HIGH_VOL,Large,Automobile
1,HEROMOTOCO.NS,2025-11-10,2025-11-11,2025-11-17,5198.890911257553,5533.164899044852,5030.369934147534,5535.932865477591,112.34731807334617,168.52097711001898,5,1671.3699389364956,59.50334450387526,1611.8665944326203,1.9129566206826734,TARGET,False,BULL,LOW_VOL,Large,Automobile
2,HEROMOTOCO.NS,2025-12-19,2025-12-22,2025-12-29,5603.15813308247,5408.830268844386,5411.536036862818,5986.402325521774,127.74806414643476,191.62209621965212,5,-971.6393211904187,61.25691206868715,-1032.8962332591059,-1.0780554577329329,STOP,False,BULL,LOW_VOL,Large,Automobile
1,EICHERMOT.NS,2025-11-17,2025-11-18,2025-11-24,6767.54854066782,7167.036181767637,6566.012064744783,7170.621492513894,134.35765061535818,201.53647592303696,4,1597.950564399267,61.81804507876231,1536.1325193205048,1.9055266699055575,TARGET,False,BULL,LOW_VOL,Large,Automobile
1,HINDUNILVR.NS,2022-09-19,2022-09-20,2022-10-25,2419.7602532484148,2345.965884467019,2347.139454194116,2565.0018513570126,48.41386603619935,72.62079905429891,13,-959.3267941581462,68.91733381997848,-1028.2441279781247,-1.0891604496533178,STOP,False,SIDEWAYS,LOW_VOL,Large,FMCG
2,HINDUNILVR.NS,2025-09-24,2025-09-25,2025-09-29,2501.956141565299,2431.3939745180196,2432.6102796578484,2640.6478653801996,46.23057460496691,69.3458619074504,14,-987.870338661909,76.82302710072688,-1064.693365762636,-1.0966699963640072,STOP,False,BULL,LOW_VOL,Large,FMCG
1,BRITANNIA.NS,2021-10-06,2021-10-07,2021-10-08,3669.7448007099297,3567.0384154129774,3568.8228268263906,3871.588748477008,67.2813159223595,100.92197388353907,9,-924.3574676725702,72.44464180514998,-996.8021094777203,-1.09743979115765,STOP,False,BULL,LOW_VOL,Large,FMCG
2,BRITANNIA.NS,2022-09-07,2022-09-08,2022-09-19,3472.093906118782,3365.5464768075185,3367.230091853445,3681.8215346494553,69.90920951022437,104.86381426533671,9,-958.9268638013705,68.45539346420405,-1027.3822572655745,-1.088588899234361,STOP,False,SIDEWAYS,LOW_VOL,Large,FMCG
3,BRITANNIA.NS,2023-07-26,2023-07-27,2023-07-31,4760.934310052488,4620.5405381285855,4622.85196411064,5037.099001936184,92.05489729456507,138.08234594184796,7,-982.7564034673205,73.04827811777409,-1055.8046815850946,-1.0923137146725648,STOP,False,BULL,LOW_VOL,Large,FMCG
1,DABUR.NS,2020-09-01,2020-09-02,2020-10-06,456.28127100654984,490.36206735261504,439.1182209907577,490.6073710381341,11.442033343861413,17.163050015792123,58,1976.6861880717815,60.8639605739617,1915.8222274978198,1.9245657202587345,TARGET,False,SIDEWAYS,LOW_VOL,Large,FMCG
2,DABUR.NS,2021-02-01,2021-02-02,2021-02-19,496.42717762968874,478.50992776780123,478.74930241901075,531.7829280510448,11.785250140451987,17.677875210677996,56,-1003.3659922657007,60.74427820283608,-1064.1102704685368,-1.0749011908417474,STOP,False,BULL,HIGH_VOL,Large,FMCG
3,DABUR.NS,2023-08-04,2023-08-07,2023-08-29,542.6480864440955,524.1899674585278,524.4521935553055,579.0398722216755,12.130595259193361,18.195892888790013,54,-996.7384252206555,64.09165727933535,-1060.8300824999908,-1.0796393256348717,STOP,False,BULL,LOW_VOL,Large,FMCG
4,DABUR.NS,2024-08-16,2024-08-19,2024-09-10,598.0627612489917,643.4014797830412,575.2324711466035,643.7233414537681,15.220193401592121,22.830290102388176,43,1949.564896964127,59.17431836904535,1890.3905785950817,1.9256247466884238,TARGET,False,BULL,HIGH_VOL,Large,FMCG
1,TITAN.NS,2021-02-01,2021-02-02,2021-02-17,1487.6615420481678,1423.1247816116802,1423.836699961661,1615.3112262211814,42.549894724337854,63.824842086506806,15,-968.0514065473142,48.590725504919625,-1016.6421320522338,-1.0619084970857158,STOP,False,BULL,HIGH_VOL,Large,Consumer Durables
2,TITAN.NS,2021-07-22,2021-07-23,2021-08-03,1687.7478630696799,1780.1893242679353,1641.0818625045022,1781.0798642000352,31.110667043451762,46.66600056517768,21,1941.2706851633636,80.78130604627775,1860.489379117086,1.8984856483505579,TARGET,False,BULL,LOW_VOL,Large,Consumer Durables
1,RELIANCE.NS,2021-11-04,2021-11-08,2021-11-22,1141.651866434267,1100.7082961691628,1101.2589256319789,1222.4377480388434,26.928627201525526,40.392940802288194,24,-982.6456863625008,59.876152363657006,-1042.5218387261577,-1.0753960737729331,STOP,False,BULL,LOW_VOL,Large,Oil & Gas
1,ONGC.NS,2023-03-29,2023-03-31,2023-04-13,128.5509808315961,137.15205673884955,124.21613771120127,137.22066707238574,2.8898954135965527,4.334843120394822,230,1978.2474586682956,67.76053987486875,1910.4869187934269,1.91620887621942,TARGET,False,SIDEWAYS,LOW_VOL,Large,Oil & Gas
2,ONGC.NS,2024-06-03,2024-06-04,2024-06-05,255.78895520415426,244.51369857684716,244.63601658513974,278.0948324421833,7.435292412676345,11.15293861901452,89,-1003.4978398303319,49.55475152877706,-1053.052591359109,-1.0608909447535435,STOP,False,BULL,HIGH_VOL,Large,Oil & Gas
1,BPCL.NS,2021-07-07,2021-07-08,2021-07-14,163.80913942483406,159.63218600157737,159.71204202258866,172.00333422932485,2.731398268163598,4.097097402245396,244,-1019.1766352746326,87.77404235798824,-1106.950677632621,-1.107291982505814,STOP,False,BULL,LOW_VOL,Large,Oil & Gas
1,NTPC.NS,2021-08-11,2021-08-12,2021-08-23,96.48140961372708,93.31152030799906,93.35819940770291,102.72783002577542,2.082140137349445,3.1232102060241687,320,-1014.3645778329665,67.5649856138015,-1081.929563446768,-1.082549576474132,STOP,False,BULL,LOW_VOL,Large,Power
2,NTPC.NS,2021-11-01,2021-11-02,2021-11-23,114.48517797817742,108.90722367772801,108.96170452999301,125.53212487454623,3.6823156321229393,5.523473448184404,181,-1009.6097283813425,45.00706026059842,-1054.616788641941,-1.0548818866613117,STOP,False,BULL,LOW_VOL,Large,Power
3,NTPC.NS,2022-05-16,2022-05-17,2022-06-17,128.73384210668928,122.19027684338431,122.25140254465664,141.69872123075456,4.321626374688423,6.4824395620326385,154,-1007.7090505489654,43.015922549471,-1050.7249730984363,-1.052518788708111,STOP,False,SIDEWAYS,HIGH_VOL,Large,Power
1,JSWSTEEL.NS,2020-09-25,2020-09-28,2020-10-16,255.14954543426634,283.3944507130246,240.95620874018164,283.5362188224358,9.462224462723148,14.193336694084707,70,1977.1433695130768,41.742800593680386,1935.4005689193964,1.9479971589425022,TARGET,False,SIDEWAYS,HIGH_VOL,Large,Metals & Mining
1,TATASTEEL.NS,2021-02-01,2021-02-02,2021-02-23,54.263044955883686,61.50457919400892,50.62689400010421,61.53534686744264,2.4241006371863185,3.6361509557794776,275,1991.421915484439,35.22774168257553,1956.1941738018636,1.9563085927367956,TARGET,False,BULL,HIGH_VOL,Large,Metals & Mining
2,TATASTEEL.NS,2025-08-04,2025-08-05,2025-08-28,156.4140818110943,151.1959912451682,151.27162705869753,166.6989913158878,3.4283031682644984,5.142454752396759,194,-1012.3095697896642,66.38983955988579,-1078.69940934955,-1.081255256775776,STOP,False,SIDEWAYS,LOW_VOL,Large,Metals & Mining
1,HINDALCO.NS,2022-12-26,2022-12-27,2023-01-02,437.22460232436737,477.617227331764,416.9088257818167,477.8561554094687,13.543851028367115,20.31577654255068,49,1979.2386253624356,49.66476242616957,1929.573862936266,1.9383486693109016,TARGET,False,BULL,LOW_VOL,Large,Metals & Mining
2,HINDALCO.NS,2024-01-24,2024-01-25,2024-02-13,556.5465754837105,533.9993512116146,534.2664844538415,601.1067575434486,14.85339401991271,22.280091029869027,44,-992.0778679722216,53.39549730936725,-1045.473365281589,-1.0664569668948058,STOP,False,BULL,HIGH_VOL,Large,Metals & Mining
3,HINDALCO.NS,2024-07-22,2024-07-23,2024-07-24,660.4877265859839,633.4311020012591,633.7479759892537,713.9672277794441,17.8265003978201,26.73975059673012,37,-1001.0951096348166,53.27502316920305,-1054.3701328040197,-1.0656976763002801,STOP,False,BULL,LOW_VOL,Large,Metals & Mining
1,COALINDIA.NS,2021-11-01,2021-11-02,2021-11-15,113.0349423213122,106.42091162650334,106.47414870085376,126.15652956222908,4.373862413638961,6.5607936204584405,152,-1005.3326656109468,37.14288766529115,-1042.475553276238,-1.0453600882191372,STOP,False,BULL,LOW_VOL,Large,Metals & Mining
2,COALINDIA.NS,2022-02-25,2022-02-28,2022-03-02,116.9919254860714,128.7296640977344,111.09085766495782,128.79406112829855,3.9340452140757156,5.901067821113571,169,1983.677825371048,45.99704919215553,1937.6807761788923,1.9429647430807524,TARGET,False,SIDEWAYS,HIGH_VOL,Large,Metals & Mining
1,ULTRACEMCO.NS,2024-08-16,2024-08-19,2024-09-27,11029.198708222499,11810.716791801266,10635.485510157027,11816.625104353443,262.47546537698133,393.71319806547217,2,1563.0361671575338,50.64338817032201,1512.3927789872118,1.9206782836064717,TARGET,False,BULL,HIGH_VOL,Large,Cement
1,GRASIM.NS,2024-08-07,2024-08-08,2024-08-13,2606.9272888707956,2513.1550223189865,2514.412228433203,2791.957409745981,61.67670695839518,92.51506043759264,10,-937.7226655180903,56.966015063255625,-994.6886805813459,-1.0751640607232025,STOP,False,BULL,HIGH_VOL,Large,Cement
1,BHARTIARTL.NS,2023-08-21,2023-08-22,2023-08-29,848.7397467146793,826.6278178050827,827.0413384743199,892.1365631953981,14.465605493572939,21.698408240359413,46,-1017.1487298414436,85.71503802828582,-1102.8637678697294,-1.1049335525414894,STOP,False,BULL,LOW_VOL,Large,Telecom
2,BHARTIARTL.NS,2023-10-27,2023-10-30,2023-11-20,891.4203887911477,932.6598957526896,870.5673536956313,933.1264589821807,13.902023397011021,20.853035095516475,47,1938.2568271924697,95.12200633676854,1843.1348208557013,1.8805720273651247,TARGET,False,BULL,HIGH_VOL,Large,Telecom
1,LT.NS,2023-10-27,2023-10-30,2023-11-15,2823.8507613340316,2979.58561383582,2745.2380660451595,2981.076151911776,52.40846352591477,78.61269528887215,12,1868.8182300214594,77.24699130596231,1791.571238715497,1.8991538539376975,TARGET,False,BULL,HIGH_VOL,Large,Capital Goods
1,ADANIPORTS.NS,2023-10-10,2023-10-11,2023-10-19,816.8437758292563,784.3300963135179,784.722457542289,881.0864124031908,21.414212191311524,32.121318286967266,31,-1007.9240649878914,55.23284145949161,-1063.1569064473829,-1.067682956613355,STOP,False,BULL,LOW_VOL,Large,Infrastructure
2,ADANIPORTS.NS,2024-03-14,2024-03-15,2024-04-02,1257.5485921150157,1383.4649239450005,1194.2443869494118,1384.1570024462235,42.20280344373597,63.30420516560389,15,1888.7449774497713,43.87978740765087,1844.8651900421205,1.9428569136557365,TARGET,False,BULL,HIGH_VOL,Large,Infrastructure
3,ADANIPORTS.NS,2025-06-20,2025-06-23,2025-06-27,1336.0398107470528,1432.3623352016245,1287.5202788011072,1433.078874638944,32.346354630630366,48.51953194594557,20,1926.450489091435,61.38192507399745,1865.0685640174374,1.9219770772884464,TARGET,False,BULL,HIGH_VOL,Large,Infrastructure
1,PIDILITIND.NS,2022-10-04,2022-10-06,2022-10-10,1326.4441719297752,1280.708749656306,1281.3494243684902,1416.6336670523451,30.06316504085662,45.094747561284976,22,-1006.1792900163205,63.81245792048435,-1069.9917479368048,-1.0785289013201464,STOP,False,BULL,HIGH_VOL,Large,Chemicals
2,PIDILITIND.NS,2024-04-22,2024-04-23,2024-05-02,1433.0729224699794,1523.7947359771301,1387.330876462783,1524.5570144843723,30.494697338130972,45.74204600719645,21,1905.1580836501653,68.85782577686274,1836.3002578733026,1.911651905749496,TARGET,False,BULL,HIGH_VOL,Large,Chemicals
1,BANKBARODA.NS,2023-08-08,2023-08-09,2023-08-16,177.7276281856211,170.51702341771667,170.60232458000667,191.97823539685,4.750202403742967,7.125303605614448,140,-1009.4846675066219,54.25270292122289,-1063.7373704278448,-1.0663579399616874,STOP,False,BULL,LOW_VOL,Mid,Banking & Finance
1,CANBK.NS,2022-12-26,2022-12-27,2023-01-27,54.05455585805647,51.03901238900266,51.06454466133332,60.03457825150276,1.993340797815428,2.9900111967231453,334,-1007.1915186639726,39.08096299051458,-1046.2724816544871,-1.0476724447440082,STOP,False,BULL,LOW_VOL,Mid,Banking & Finance
2,CANBK.NS,2025-07-24,2025-07-25,2025-07-30,110.2790678215162,105.96402379053782,106.01703230669116,118.80313885116625,2.841357009883358,4.26203551482503,234,-1009.7203032489386,56.30474632115262,-1066.0250495700914,-1.0688936282098098,STOP,False,SIDEWAYS,LOW_VOL,Mid,Banking & Finance
1,FEDERALBNK.NS,2022-09-27,2022-09-28,2022-10-12,110.2096387256224,122.30072194390607,104.13350664075672,122.36190289535375,4.050754723243783,6.076132084865677,164,1982.937647798522,42.22421519585374,1940.7134326026683,1.9475578091784171,TARGET,False,BULL,LOW_VOL,Mid,Banking & Finance
2,FEDERALBNK.NS,2024-06-05,2024-06-06,2024-07-05,165.22548902931615,180.69390300943888,157.44608596546553,180.7842951570174,5.186268709233744,7.779403063850623,128,1979.9569894557098,49.05401488501099,1930.902974570699,1.9391178686873147,TARGET,False,BULL,HIGH_VOL,Mid,Banking & Finance
1,BANDHANBNK.NS,2022-02-25,2022-02-28,2022-03-03,294.44457037730587,276.29280293839946,276.4310184476233,330.47167423667105,12.00903461978841,18.013551929682592,55,-998.3472091398522,34.956877502691974,-1033.3040866425442,-1.0429562755420154,STOP,False,SIDEWAYS,HIGH_VOL,Mid,Banking & Finance
1,IDFCFIRSTB.NS,2021-04-01,2021-04-05,2021-04-12,56.675954533549984,52.4184643952985,52.44468673866783,65.13849012331428,2.8208451965881,4.23126779488215,236,-1004.7676726273502,28.6852965008434,-1033.4529691281937,-1.0349233887009146,STOP,False,BULL,HIGH_VOL,Mid,Banking & Finance
1,CHOLAFIN.NS,2024-10-08,2024-10-09,2024-10-17,1535.8766891208,1468.7375670931601,1469.4723032447826,1668.6854608728347,44.269590584011546,66.40438587601739,15,-1007.0868304145972,50.15761373441529,-1057.2444441490125,-1.061420296467543,STOP,False,BULL,HIGH_VOL,Mid,Banking & Finance
2,CHOLAFIN.NS,2025-04-08,2025-04-09,2025-04-16,1473.392584060933,1622.2778624981288,1398.5441724905345,1623.0894072017297,49.8989410469322,74.84841157039841,13,1935.5086196835466,44.57470019294826,1890.9339194905983,1.943347257391322,TARGET,False,BEAR,HIGH_VOL,Mid,Banking & Finance
3,CHOLAFIN.NS,2025-06-06,2025-06-09,2025-06-13,1618.2345211931836,1541.1866770043166,1541.9576558322328,1770.788251915085,50.85124357396712,76.27686536095075,13,-1001.6219744552707,45.71592439313095,-1047.3378988484017,-1.0562108625771294,STOP,False,BULL,HIGH_VOL,Mid,Banking & Finance
1,MUTHOOTFIN.NS,2024-01-19,2024-01-23,2024-02-01,1366.9812694843092,1311.7897490825942,1312.4459720686284,1476.0518643156709,36.356864943787265,54.535297415680816,18,-993.4473672308704,53.65546862234679,-1047.1028358532171,-1.0666922621915795,STOP,False,BULL,HIGH_VOL,Mid,Banking & Finance
2,MUTHOOTFIN.NS,2025-08-14,2025-08-18,2025-08-20,2777.9115344559473,2659.9913086109545,2661.3219695957523,3011.090664176337,77.72637657346316,116.58956486019497,8,-943.3618067599418,48.41266433302589,-991.7744710929677,-1.0633182226494986,STOP,False,SIDEWAYS,LOW_VOL,Mid,Banking & Finance
1,MANAPPURAM.NS,2025-02-17,2025-02-18,2025-03-21,188.50121409284628,217.6025380493034,173.89612426618118,217.7113937461765,9.736726551110081,14.605089826665107,68,1978.8900290390843,30.538150517120116,1948.3518785219642,1.9617978285463464,TARGET,False,SIDEWAYS,LOW_VOL,Mid,Banking & Finance
1,MFSL.NS,2020-08-18,2020-08-19,2020-08-25,548.8742755737304,609.0607399844038,518.6287020127198,609.3654226957516,20.16371570734037,30.245573561010588,33,1986.1533255522206,42.31304585533749,1943.840279696883,1.947532943327572,TARGET,False,SIDEWAYS,LOW_VOL,Mid,Banking & Finance
2,MFSL.NS,2021-08-11,2021-08-12,2021-09-28,1058.328948852539,995.438661097604,995.9366294123101,1183.1135877329968,41.59487962681926,62.3923194402289,16,-1006.24460407896,36.590667803457244,-1042.8352718824174,-1.0446350620943026,STOP,False,BULL,LOW_VOL,Mid,Banking & Finance
3,MFSL.NS,2023-08-04,2023-08-07,2023-08-10,775.137375,840.2988278972322,742.3464687545112,840.7191874909777,21.860604163659218,32.79090624548883,30,1954.8435869169646,53.70682803100162,1901.136758885963,1.9325853583237576,TARGET,False,BULL,LOW_VOL,Mid,Banking & Finance
4,MFSL.NS,2023-10-05,2023-10-06,2023-10-23,920.3099005737305,884.5851207147135,885.0276345319795,990.8744326572324,23.521510694500677,35.28226604175097,28,-1000.293836052475,56.23311773563957,-1056.5269537881145,-1.0694637767251545,STOP,False,BULL,LOW_VOL,Mid,Banking & Finance
1,SBICARD.NS,2025-04-08,2025-04-09,2025-04-21,837.685430649424,913.3863252223553,799.6065225512469,913.8432468457781,25.38593873211804,38.07890809817707,26,1968.2232588962124,50.444131293332504,1917.77912760288,1.9370496519191147,TARGET,False,BEAR,HIGH_VOL,Mid,Banking & Finance
1,ICICIGI.NS,2025-07-21,2025-07-22,2025-07-25,1947.2355900463085,1881.902777842014,1882.8441999419852,2076.0183702549552,42.927593402882266,64.39139010432336,15,-979.9921830644166,63.89907109365588,-1043.8912541580726,-1.0807772617496612,STOP,False,SIDEWAYS,LOW_VOL,Mid,Banking & Finance
1,PERSISTENT.NS,2025-01-15,2025-01-16,2025-01-20,6078.446158109176,5763.4439412986385,5766.327104851064,6702.684264625401,208.07936883874154,312.1190532581122,3,-945.0066504316137,39.547924001596016,-984.5545744332097,-1.0514733231393123,STOP,False,SIDEWAYS,LOW_VOL,Mid,IT
1,COFORGE.NS,2020-03-02,2020-03-03,2020-03-09,336.3278788543633,313.96792768268153,314.1249901777704,380.733656207549,14.801925784395248,22.202888676592863,45,-1006.1978027256791,32.59361719137647,-1038.7914199170557,-1.0396959653394504,STOP,False,SIDEWAYS,HIGH_VOL,Mid,IT
1,MPHASIS.NS,2025-07-28,2025-07-29,2025-08-25,2634.5213471795687,2865.645280418813,2518.2426108549894,2867.0788198287273,77.51915754971967,116.27873632457931,8,1848.991465913954,48.75675092741357,1800.2347149865404,1.9352578681726715,TARGET,False,SIDEWAYS,LOW_VOL,Mid,IT
1,LUPIN.NS,2024-04-22,2024-04-23,2024-06-04,1574.5242597338333,1511.4161462533466,1512.1722323695315,1699.228314462437,41.56801824286792,62.352027364301875,16,-1009.7298156877878,54.942565153512746,-1064.6723808413005,-1.067199040919691,STOP,False,BULL,HIGH_VOL,Mid,Pharma & Healthcare
1,TORNTPHARM.NS,2021-08-13,2021-08-16,2021-09-30,1400.7529632614373,1519.1254088953783,1341.186769106574,1519.885351571164,39.710796103242124,59.5661941548633,16,1893.9591301430555,51.772269288892545,1842.186860854163,1.9329198455091297,TARGET,False,BULL,LOW_VOL,Mid,Pharma & Healthcare
2,TORNTPHARM.NS,2024-03-21,2024-03-22,2024-05-03,2503.5921829876233,2698.4469929913425,2405.4898287629044,2699.7968914370613,65.40156948314603,98.10235422471897,10,1948.548100037192,57.660270746161245,1890.8878292910308,1.9274642736500014,TARGET,False,BULL,HIGH_VOL,Mid,Pharma & Healthcare
3,TORNTPHARM.NS,2024-05-10,2024-05-13,2024-06-06,2557.792241348693,2759.893447836626,2456.051319583507,2761.2740848790654,67.8272811767908,101.74092176518616,9,1818.9108583913953,53.045937064476455,1765.8649213269189,1.9284984849420463,TARGET,False,BULL,HIGH_VOL,Mid,Pharma & Healthcare
1,ALKEM.NS,2024-01-24,2024-01-25,2024-02-02,4869.7102065621675,4684.88358449495,4687.227198093997,5234.676223498509,121.65533897878048,182.48300846817074,5,-924.1331103360881,53.15587518358139,-977.2889855196695,-1.0711013520912347,STOP,False,BULL,HIGH_VOL,Mid,Pharma & Healthcare
1,IPCALAB.NS,2024-03-14,2024-03-15,2024-04-05,1174.7232414327614,1293.453806749264,1115.0344335602156,1294.100857177853,39.79253858169716,59.688807872545794,16,1899.6890450640421,43.74076345831011,1855.948281605732,1.9433587591169101,TARGET,False,BULL,HIGH_VOL,Mid,Pharma & Healthcare
1,BIOCON.NS,2020-03-03,2020-03-04,2020-03-12,302.556516897849,283.92965337340974,284.0716892180187,339.5261722575096,12.323218453220202,18.48482767983029,54,-1005.8506303197207,35.26824757374987,-1041.1188778934707,-1.043016443225316,STOP,False,SIDEWAYS,HIGH_VOL,Mid,Pharma & Healthcare
1,GLENMARK.NS,2025-08-21,2025-08-22,2025-09-09,1935.1935044920633,2098.3172456640555,1853.1067921737852,2099.3669291286196,54.72447487885217,82.08671231827816,12,1957.4848940639058,53.63889283518101,1903.8460012287248,1.9327590173251439,TARGET,False,BULL,LOW_VOL,Mid,Pharma & Healthcare
1,NATCOPHARM.NS,2023-09-12,2023-09-13,2023-11-01,808.099513096681,764.2966332765835,764.678972762965,894.9405937641129,28.947026889143967,43.42054033371596,23,-1007.4662358622419,40.26317201113454,-1047.7294078733764,-1.0491221934624704,STOP,False,BULL,LOW_VOL,Mid,Pharma & Healthcare
1,METROPOLIS.NS,2025-09-16,2025-09-17,2025-10-13,517.9121427121552,490.7749400092245,491.0204502343417,571.6955276677821,17.927794985208973,26.89169247781348,37,-1004.0765000084346,41.547840288314106,-1045.6243402967486,-1.0508865267083152,STOP,False,BULL,LOW_VOL,Mid,Pharma & Healthcare
1,ASHOKLEY.NS,2024-09-12,2024-09-13,2024-09-17,117.97325200873748,113.57788937004378,113.63470672340549,126.65034257940145,2.8923635235546574,4.338545285331989,230,-1010.9334068995504,59.25611919036632,-1070.1895260899166,-1.072478822625756,STOP,False,BULL,HIGH_VOL,Mid,Automobile
1,BALKRISIND.NS,2020-12-22,2020-12-23,2021-01-07,1480.1430766683889,1624.6764075686997,1407.4700389301972,1625.489152144772,48.44869182546108,72.67303773819162,13,1878.9333017040408,44.711109772853156,1834.2221919311876,1.941490532874599,TARGET,False,BULL,LOW_VOL,Mid,Automobile
2,BALKRISIND.NS,2021-02-01,2021-02-02,2021-02-04,1580.4110990794068,1758.716060511038,1490.818719398981,1759.595858440258,59.728253120283775,89.59237968042567,11,1961.3545757479435,40.668672494292466,1920.685903253651,1.9489136242336493,TARGET,False,BULL,HIGH_VOL,Mid,Automobile
3,BALKRISIND.NS,2021-08-23,2021-08-24,2021-09-07,2192.4191057651,2379.6006312113877,2098.233145285275,2380.7910267247503,62.790640319883416,94.1859604798251,10,1871.8152544628765,50.665085898329636,1821.150168564547,1.9335686118045614,TARGET,False,BULL,LOW_VOL,Mid,Automobile
1,MOTHERSON.NS,2024-03-14,2024-03-15,2024-04-16,73.8905417069077,82.30118996773005,69.66463198620944,82.3423611483042,2.8172731471321737,4.2259097206982545,236,1984.912989554076,40.81230944614737,1944.1006801079286,1.9493352415628284,TARGET,False,BULL,HIGH_VOL,Mid,Automobile
2,MOTHERSON.NS,2024-08-07,2024-08-08,2024-09-18,118.82255448567363,133.49290182038584,111.45399089790223,133.55968166121644,4.912375725180937,7.368563587771405,135,1980.4968901861475,37.70269459187227,1942.7941955942752,1.9530357503321316,TARGET,False,BULL,HIGH_VOL,Mid,Automobile
1,BHARATFORG.NS,2021-08-11,2021-08-12,2021-08-20,759.4512220951322,725.8085480585813,726.1716338755191,826.0103985343583,22.186392146408725,33.27958821961306,30,-1009.2802210965249,49.58947421704714,-1058.869695313572,-1.0605797246508955,STOP,False,BULL,LOW_VOL,Mid,Automobile
1,EXIDEIND.NS,2022-12-26,2022-12-27,2023-01-30,177.29024869153005,170.52984109434902,170.61514866868336,190.64044873722344,4.450066681897804,6.675100022846692,149,-1007.3007319799733,57.665049891666584,-1064.9657818716398,-1.0707586898143737,STOP,False,BULL,LOW_VOL,Mid,Automobile
2,EXIDEIND.NS,2023-09-25,2023-09-26,2023-10-25,255.50087417157036,246.2360481602799,246.35922777416698,273.78416696637714,6.094430931602259,9.141646397403377,109,-1009.8660352306608,60.84793929745176,-1070.7139745281127,-1.0745399197771006,STOP,False,BULL,LOW_VOL,Mid,Automobile
1,VOLTAS.NS,2024-08-12,2024-08-13,2024-08-27,1569.6210780843746,1724.3092471297966,1491.845700603402,1725.1718330463198,51.85025165398178,77.77537748097257,12,1856.258028545064,43.784392882656434,1812.4736356624076,1.9419959700675855,TARGET,False,BULL,HIGH_VOL,Mid,Consumer Durables
1,CROMPTON.NS,2021-03-19,2021-03-22,2021-03-24,381.58672919337397,356.44885436169966,356.6271679456725,431.5058516887769,16.639707498467626,24.95956124770146,40,-1005.5149932669724,32.88038679935783,-1038.3953800663303,-1.0400777579393115,STOP,False,BULL,HIGH_VOL,Mid,Consumer Durables
1,INDHOTEL.NS,2024-10-08,2024-10-09,2024-10-22,680.4026533509781,651.0286436392493,651.354320799649,738.4993184536362,19.365555034219387,29.048332551329054,34,-998.7163301987803,50.37862025535983,-1049.0949504541402,-1.0622204831331954,STOP,False,BULL,HIGH_VOL,Mid,Consumer Durables
1,WHIRLPOOL.NS,2020-08-03,2020-08-04,2020-08-12,2088.6722357500253,1993.9576506390385,1994.95512820314,2276.1064508437958,62.478071697923475,93.71710754688525,10,-947.1458511098672,45.43828072015898,-992.5841318300262,-1.0591280053467842,STOP,False,SIDEWAYS,LOW_VOL,Mid,Consumer Durables
1,DIXON.NS,2023-07-25,2023-07-26,2023-08-04,4133.006824779462,4512.702821751331,3942.0300862180516,4514.960301902282,127.31782570760672,190.97673856141,5,1898.4799848593457,47.89430073951468,1850.585684119831,1.9380220837992386,TARGET,False,BULL,LOW_VOL,Mid,Consumer Durables
2,DIXON.NS,2024-07-24,2024-07-25,2024-07-31,10838.377154143209,12133.339352404593,10187.861202748283,12139.40905693306,433.6773009299508,650.5159513949257,1,1294.9621982613844,25.42964648183549,1269.5325517795488,1.9515778960642591,TARGET,False,BULL,LOW_VOL,Mid,Consumer Durables
1,PIIND.NS,2020-01-08,2020-01-09,2020-01-28,1418.5375982845853,1524.3979717970608,1365.2261213903294,1525.1605520730973,35.54098459617062,53.311476894255975,18,1905.4867232245583,58.72188588815001,1846.7648373364084,1.9245020490089582,TARGET,False,BULL,LOW_VOL,Mid,Chemicals
2,PIIND.NS,2021-03-19,2021-03-22,2021-04-08,2247.623164803823,2479.9921000834047,2130.8183889849215,2481.2327164416256,77.86985054593437,116.80477581890136,8,1858.9514822366546,41.88817064154885,1817.0633115951057,1.9445516020812699,TARGET,False,BULL,HIGH_VOL,Mid,Chemicals
3,PIIND.NS,2022-09-20,2022-09-21,2022-09-23,3130.791293908887,2987.112849464463,2988.6071530409836,3415.1595756446936,94.78942724526878,142.18414086790335,7,-1005.7491111109666,47.66405023070269,-1053.4131613416694,-1.0583992951590313,STOP,False,BULL,LOW_VOL,Mid,Chemicals
4,PIIND.NS,2023-07-14,2023-07-17,2023-07-31,3598.543290983785,3455.1250301191812,3456.8534568476052,3881.9229592561446,94.45988942411982,141.6898341361798,7,-1003.9278260522265,54.942832023455665,-1058.870658075682,-1.0675941417404005,STOP,False,BULL,LOW_VOL,Mid,Chemicals
1,AARTIIND.NS,2024-03-14,2024-03-15,2024-04-10,643.2894998103612,714.5836713552508,607.4636787524349,714.9411419262138,23.883880705284184,35.825821057926305,27,1924.9426317120174,40.59603656016692,1884.3465951518504,1.9480534590515086,TARGET,False,BULL,HIGH_VOL,Mid,Chemicals
2,AARTIIND.NS,2024-07-22,2024-07-23,2024-08-01,693.1098823016268,752.2300743658296,663.3616346751368,752.606377554607,19.832165084326743,29.74824762649007,33,1950.9663381186924,52.85495570133689,1898.1113824173556,1.9335097469304732,TARGET,False,BULL,LOW_VOL,Mid,Chemicals
1,DEEPAKNTR.NS,2024-01-19,2024-01-23,2024-01-31,2294.1345211491707,2184.1579742006156,2185.2505995003658,2511.9023644467807,72.58928109920345,108.88392164880497,9,-989.7889225369959,44.861789677128336,-1034.6507122141243,-1.055814196487251,STOP,False,BULL,HIGH_VOL,Mid,Chemicals
1,ATUL.NS,2021-08-13,2021-08-16,2021-09-01,8762.434769890357,9265.559249758051,8508.554981369776,9270.194346931517,169.2531923470536,253.8797885205804,3,1509.3734396030832,59.98632403946324,1449.38711556362,1.9029834605445266,TARGET,False,BULL,LOW_VOL,Mid,Chemicals
1,AMBUJACEM.NS,2021-02-01,2021-02-02,2021-03-04,252.97256915882033,280.13539206044027,239.32108882555406,280.2755298253529,9.100986888844178,13.651480333266278,73,1982.886071818255,43.096733738523525,1939.7893380797316,1.946489028099852,TARGET,False,BULL,HIGH_VOL,Mid,Cement
2,AMBUJACEM.NS,2024-03-14,2024-03-15,2024-04-04,577.3521569357382,632.9341588877918,549.4028432636414,633.2507842799317,18.63287578139782,27.949313672096764,35,1945.3700683218756,46.92565400043199,1898.4444143214437,1.9407012857981025,TARGET,False,BULL,HIGH_VOL,Mid,Cement
1,RAMCOCEM.NS,2023-07-25,2023-07-26,2023-08-03,891.6105560904913,860.8003948304539,861.2310103356217,952.3696476002305,20.253030503246418,30.379545754869582,32,-985.925160321196,62.388331950162595,-1048.3134922713587,-1.0783504433481808,STOP,False,BULL,LOW_VOL,Mid,Cement
1,DALBHARAT.NS,2021-04-26,2021-04-27,2021-05-11,1444.1216988184442,1650.239456750304,1340.650053605203,1651.0649892449264,68.98109680882736,103.47164521324112,9,1855.0598213867386,30.807681638518336,1824.2521397482203,1.9589393961652033,TARGET,False,BULL,HIGH_VOL,Mid,Cement
2,DALBHARAT.NS,2023-12-21,2023-12-22,2024-01-23,2210.226798679032,2107.371454896861,2108.425667730726,2413.829060575644,67.86742063220379,101.80113094830585,9,-925.6980940395397,43.249874289406094,-968.9479683289458,-1.0575607988535272,STOP,False,BULL,HIGH_VOL,Mid,Cement
1,ABB.NS,2022-09-27,2022-09-28,2022-12-16,2934.328310794379,2784.2339348967384,2785.626748270874,3231.7314358413887,99.13437501566989,148.7015625235049,6,-900.5662553858429,38.19523276933609,-938.761488155179,-1.0521762204155176,STOP,False,BULL,LOW_VOL,Mid,Capital Goods
1,CUMMINSIND.NS,2024-06-05,2024-06-06,2024-06-19,3341.027950659666,3827.280264493949,3096.9444950270436,3829.1948619249115,162.7223037550816,244.08345563262264,4,1945.0092553371305,31.716566164618882,1913.2926891725117,1.9596706014071947,TARGET,False,BULL,HIGH_VOL,Mid,Capital Goods
1,BEL.NS,2020-09-10,2020-09-11,2020-09-22,30.734121570171983,28.827137393475898,28.841558172562177,34.51924836539159,1.261708931739871,1.8925633976098055,528,-1006.8876452955328,35.02173489745434,-1041.909380192987,-1.042666904873386,STOP,False,SIDEWAYS,LOW_VOL,Mid,Capital Goods
2,BEL.NS,2021-08-11,2021-08-12,2021-09-01,53.59821105431819,59.18329487483115,50.79086591873034,59.212901325493895,1.871563423725235,2.807345135587852,356,1988.2898401026125,44.46684230990678,1943.8229977927058,1.944961056221725,TARGET,False,BULL,LOW_VOL,Mid,Capital Goods
3,BEL.NS,2022-09-30,2022-10-03,2022-11-03,97.43245378931168,107.34163521444509,92.45101424352475,107.39533288088553,3.3209596971912867,4.981439545786927,200,1981.8362850266822,45.361420644080724,1936.4748643826015,1.943690018300416,TARGET,False,BULL,HIGH_VOL,Mid,Capital Goods
1,HAL.NS,2022-05-16,2022-05-17,2022-05-23,766.1781558549386,851.650843540898,723.2287927914634,852.076881981889,28.632908708983443,42.949363063475175,23,1965.8718167770658,41.2013535104424,1924.6704632666233,1.9483717224439383,TARGET,False,SIDEWAYS,HIGH_VOL,Mid,Capital Goods
2,HAL.NS,2024-07-22,2024-07-23,2024-07-25,4929.656044450627,4622.428855373263,4624.741225986256,5539.4856813793685,203.27654564291421,304.9148184643709,3,-921.6815672320909,31.912701402217518,-953.5942686343084,-1.0424706736533318,STOP,False,BULL,LOW_VOL,Mid,Capital Goods
1,NMDC.NS,2022-12-26,2022-12-27,2023-01-11,33.21335261475719,36.203972907001216,31.708986947647936,36.2220839489757,1.002910444739502,1.504365667109255,664,1985.7718740500322,51.07092285768661,1934.7009511923457,1.9368337868243126,TARGET,False,BULL,LOW_VOL,Mid,Metals & Mining
1,VEDL.NS,2022-12-26,2022-12-27,2023-01-19,203.97414576898086,223.29208307605282,194.25932616920275,223.40378496853708,6.476546399852082,9.71481959977811,102,1970.4296053213397,48.28073070588515,1922.1488746154546,1.93977835783856,TARGET,False,BULL,LOW_VOL,Mid,Metals & Mining
2,VEDL.NS,2023-07-25,2023-07-26,2023-08-02,225.60991652311958,220.05908788023243,220.16917246646565,236.49140463642743,3.62716270443596,5.4407440566539265,183,-1015.8016416483492,90.70491939406645,-1106.5065610424158,-1.111334015561301,STOP,False,BULL,LOW_VOL,Mid,Metals & Mining
1,NATIONALUM.NS,2021-08-11,2021-08-12,2021-08-20,64.58240522108295,59.038312421484356,59.06784634465669,75.61152297393548,3.676372584284178,5.514558876426264,181,-1003.4807967273456,24.939331620291938,-1028.4201283476375,-1.0303415539601262,STOP,False,BULL,LOW_VOL,Mid,Metals & Mining
1,GAIL.NS,2024-03-14,2024-03-15,2024-04-08,163.68264376410954,182.96443304675955,153.99598513252772,183.05596102727318,6.457772421054547,9.686658631581821,103,1986.024296112951,39.52698236914372,1946.4973137438074,1.9509340517746672,TARGET,False,BULL,HIGH_VOL,Mid,Oil & Gas
1,DLF.NS,2020-02-04,2020-02-05,2020-02-07,236.18328027395785,222.34541711997397,222.45664544269533,263.6365499364829,9.15108988750835,13.726634831262515,72,-996.326147086839,36.7608132019309,-1033.08696028877,-1.0452984420720535,STOP,False,BULL,LOW_VOL,Mid,Real Estate
2,DLF.NS,2021-03-22,2021-03-23,2021-03-25,280.3623466250794,262.5400776222411,262.67141332890554,315.7442132174271,11.793955530782574,17.690933296173853,56,-998.0470641589454,33.85894172986448,-1031.90600588881,-1.0416009519568703,STOP,False,BULL,HIGH_VOL,Mid,Real Estate
3,DLF.NS,2024-03-18,2024-03-19,2024-04-01,809.5368984403314,889.05454335344,769.5557011605271,889.4992929999399,26.65413151986954,39.98119727980429,25,1987.941122827715,47.03887875325606,1940.9022440744588,1.9418150291911014,TARGET,False,BULL,HIGH_VOL,Mid,Real Estate
1,GODREJPROP.NS,2021-11-23,2021-11-24,2021-11-29,2189.9640700161062,2024.0326777505509,2025.0452003507262,2519.8018093468663,109.94591311025344,164.91886966538004,6,-995.5883535933322,28.17088562672201,-1023.7592392200542,-1.0346089578239883,STOP,False,BULL,LOW_VOL,Mid,Real Estate
2,GODREJPROP.NS,2023-08-07,2023-08-08,2023-08-14,1564.2245051582215,1487.778286072582,1488.5225473462551,1715.6284207821543,50.46797187464431,75.7019578119664,13,-993.800848113314,44.163578161555634,-1037.9644262748698,-1.054707430474647,STOP,False,BULL,LOW_VOL,Mid,Real Estate
1,PRESTIGE.NS,2023-07-24,2023-07-25,2023-08-08,548.7884977630029,604.1952871452575,520.9339786878973,604.497535913214,18.569679383403702,27.8545190751056,35,1939.237628378911,44.69745175576791,1894.5401766231432,1.9433011636688828,TARGET,False,BULL,LOW_VOL,Mid,Real Estate
2,PRESTIGE.NS,2024-01-24,2024-01-25,2024-02-14,1176.7214129025,1041.0791706923196,1041.5999706776583,1446.9642973521836,90.08096148322781,135.12144222484176,7,-949.4956954712634,17.322555876300505,-966.8182513475639,-1.0221685823914297,STOP,False,BULL,HIGH_VOL,Mid,Real Estate
3,PRESTIGE.NS,2025-07-29,2025-07-30,2025-08-06,1617.9091222313489,1540.4887959115936,1541.2594256244058,1771.208515445235,51.09979773796198,76.64969660694305,13,-1006.464242156819,45.70150532298378,-1052.1657474798028,-1.0559184225379479,STOP,False,SIDEWAYS,LOW_VOL,Mid,Real Estate
1,CONCOR.NS,2020-02-04,2020-02-05,2020-02-18,521.8346521509683,503.633558033734,503.88550078412607,557.7329548846527,11.96610091122815,17.949151366842216,55,-1001.0601764478852,62.74906106642243,-1063.8092375143076,-1.0775989204901668,STOP,False,BULL,LOW_VOL,Mid,Infrastructure
2,CONCOR.NS,2021-07-20,2021-07-22,2021-07-27,623.1485729504031,598.0506912043935,598.3498661374622,672.7459865762851,16.532471208627303,24.798706812940964,40,-1003.9152698403859,54.356428585625146,-1058.271698426011,-1.06686177872969,STOP,False,BULL,LOW_VOL,Mid,Infrastructure
1,EMAMILTD.NS,2020-10-13,2020-10-14,2020-11-20,314.9293874288673,352.36605373527465,296.1229186944392,352.5423248977235,12.537645822952085,18.80646873442811,53,1984.1433142395895,39.15153957829447,1944.991774661295,1.951347620369371,TARGET,False,SIDEWAYS,HIGH_VOL,Mid,FMCG
2,EMAMILTD.NS,2021-03-01,2021-03-02,2021-04-09,422.81657731757014,476.31151867402383,395.9499691909506,476.54979357080924,17.911072084413032,26.866608126619553,37,1979.3128301887866,36.81952868880097,1942.4933014999856,1.9540918121123751,TARGET,False,BULL,HIGH_VOL,Mid,FMCG
1,VBL.NS,2023-10-27,2023-10-30,2023-11-08,365.8616049553523,397.61440023976803,349.8857539864211,397.81330689321464,10.65056731262078,15.975850968931184,62,1968.6733076337769,52.452801517562534,1916.2205061162144,1.9345938076675024,TARGET,False,BULL,HIGH_VOL,Mid,FMCG
1,TATACOMM.NS,2020-02-04,2020-02-05,2020-02-12,389.29316835150735,363.7336420466044,363.9155998465277,440.04830536146665,16.918379003319767,25.37756850497965,39,-996.8215258912144,32.70929746048847,-1029.5308233517028,-1.0402188938868326,STOP,False,BULL,LOW_VOL,Mid,Telecom
2,TATACOMM.NS,2020-09-25,2020-09-28,2020-10-20,759.8592064011357,873.8840316725423,702.6282134673652,874.3211922686767,38.15399528918032,57.230992933770494,17,1938.4220296139122,30.717403726797194,1907.704625887115,1.9607893104299694,TARGET,False,SIDEWAYS,HIGH_VOL,Mid,Telecom
3,TATACOMM.NS,2020-12-22,2020-12-23,2021-01-12,930.8737414945772,1072.0051357124382,860.0399090340428,1072.541406415646,47.22255497368961,70.83383246053438,14,1975.8395190500546,31.010927200916647,1944.8285918491379,1.961157869957445,TARGET,False,BULL,LOW_VOL,Mid,Telecom
1,KPITTECH.NS,2022-12-26,2022-12-27,2023-02-02,677.6298316855045,759.4014499583659,636.5540772139167,759.7813406286803,27.383836314391875,41.07575447158786,24,1962.5188385486726,38.17760763853265,1924.34123091014,1.9520246347931853,TARGET,False,BULL,LOW_VOL,Small,IT
2,KPITTECH.NS,2023-07-24,2023-07-25,2023-08-23,1053.7222453988848,1175.1542807655562,992.7122921775887,1175.742151841477,40.673302147530755,61.00995322129609,16,1942.9125658667435,39.4828503041777,1903.429715562566,1.949917201069657,TARGET,False,BULL,LOW_VOL,Small,IT
1,HAPPSTMNDS.NS,2021-10-04,2021-10-05,2021-10-25,1336.4217478614055,1269.5063055310472,1270.1413762191569,1468.9824911459027,44.18691442816568,66.28037164224861,15,-1003.7316349553737,43.511904978507886,-1047.2435399338815,-1.0533470809793959,STOP,False,BULL,LOW_VOL,Small,IT
1,SONATSOFTW.NS,2021-02-03,2021-02-04,2021-02-22,130.2327519664734,147.85449645372407,121.38489760767703,147.9284606840661,5.898569572530905,8.847854358796354,113,1991.2571270593269,34.76966493603755,1956.4874621232893,1.9568640752049646,TARGET,False,BULL,HIGH_VOL,Small,IT
2,SONATSOFTW.NS,2022-12-19,2022-12-20,2023-01-23,258.122974975938,283.40336240371636,245.41189497830604,283.54513497120195,8.474053331754641,12.71107999763197,78,1971.8702193667114,46.789245104468904,1925.0809742622425,1.9416544711898822,TARGET,False,BULL,LOW_VOL,Small,IT
1,GRANULES.NS,2025-11-12,2025-11-13,2025-12-19,541.5431227130167,581.900132095169,521.2190702150133,582.1912277090236,13.549368332002246,20.324052498003425,49,1977.4934597254646,61.02325634962716,1916.4702033758374,1.9244014847644548,TARGET,False,BULL,LOW_VOL,Small,Pharma & Healthcare
1,LAURUSLABS.NS,2020-03-11,2020-03-12,2020-03-13,79.6552077295881,74.38422462251296,74.42143534018305,90.1227525083982,3.4891815929366965,5.233772389405047,191,-1006.7577734513516,32.769477683693964,-1039.5272511350456,-1.0398906654941011,STOP,False,SIDEWAYS,HIGH_VOL,Small,Pharma & Healthcare
2,LAURUSLABS.NS,2021-07-30,2021-08-02,2021-08-12,639.5504154837472,711.9089234395609,603.1930952418485,712.2650559675446,24.238213494599165,36.35732024189872,27,1953.67971480697,40.40144641595806,1913.2782683910118,1.9490478840872707,TARGET,False,BULL,LOW_VOL,Small,Pharma & Healthcare
3,LAURUSLABS.NS,2021-08-24,2021-08-25,2021-09-20,665.6153920718206,626.3880857158961,626.7014364341131,743.4433033472354,25.942637091804936,38.91395563770743,25,-980.6826588981124,35.9662476146207,-1016.6489065127331,-1.045022424322862,STOP,False,BULL,LOW_VOL,Small,Pharma & Healthcare
4,LAURUSLABS.NS,2025-10-01,2025-10-03,2025-10-27,870.8496720839014,947.9493460340886,832.0627292193545,948.4235578129951,25.85796190969788,38.78694286454686,25,1927.4918487546813,50.382857054022935,1877.1089917006584,1.9358153575093198,TARGET,False,BULL,LOW_VOL,Small,Pharma & Healthcare
1,GALAXYSURF.NS,2023-08-17,2023-08-18,2023-09-28,2576.031496898025,2474.874711312217,2476.112767696065,2775.8689553019453,66.61248613463997,99.9187292019601,10,-1011.5678558580794,56.20285061043571,-1067.770706468515,-1.0686391980729562,STOP,False,BULL,LOW_VOL,Small,Chemicals
1,SUDARSCHEM.NS,2025-09-15,2025-09-16,2025-09-24,1392.299991270355,1530.9991715480176,1322.5674598680048,1531.765054075055,46.488354268233344,69.7325314023501,14,1941.7885238872773,45.33261035773658,1896.4559135295408,1.942581661048321,TARGET,False,BULL,LOW_VOL,Small,Chemicals
1,ENDURANCE.NS,2025-08-04,2025-08-05,2025-08-07,2615.6421725239816,2478.64327338946,2479.8832149969585,2887.1600875780277,90.50597168468191,135.75895752702309,7,-958.992293941652,39.69824149448989,-998.6905354361419,-1.0509072777940172,STOP,False,SIDEWAYS,LOW_VOL,Small,Automobile
1,SUNDRMFAST.NS,2020-09-10,2020-09-11,2020-09-22,407.06185144713993,379.7464192965335,379.9363874902786,461.3127793608626,18.083642637907534,27.125463956861324,36,-983.3555574218324,31.54933673556137,-1014.9048941573938,-1.0393113518838857,STOP,False,SIDEWAYS,LOW_VOL,Small,Automobile
2,SUNDRMFAST.NS,2021-05-17,2021-05-18,2021-06-09,723.2990628405737,814.7962061081986,677.3466902547582,815.2038080122047,30.63491505721036,45.95237258581551,21,1921.4400086201226,35.74849251934373,1885.691516100779,1.9540848284241756,TARGET,False,BULL,HIGH_VOL,Small,Automobile
3,SUNDRMFAST.NS,2024-08-13,2024-08-14,2024-10-09,1329.212083006341,1452.0780768764066,1267.415884951529,1452.8044791159646,41.197465369874514,61.79619805481184,16,1965.8559019210516,49.30283183464978,1916.5530700864017,1.9383808494845247,TARGET,False,BULL,HIGH_VOL,Small,Automobile
1,TIINDIA.NS,2020-01-30,2020-01-31,2020-02-24,494.3506405469141,542.4305715667456,470.1749995563664,542.7019225280096,16.117093993698486,24.17564099054772,41,1971.27717181309,47.08818201981478,1924.1889897932751,1.941269676936184,TARGET,False,BULL,LOW_VOL,Small,Automobile
2,TIINDIA.NS,2021-10-07,2021-10-08,2021-11-02,1321.8278495879927,1490.9533527231094,1236.8921732198532,1491.6992023242715,56.623784245426336,84.93567636813941,11,1860.3805344862847,34.24246310742646,1826.1380713788583,1.9545679629838828,TARGET,False,BULL,LOW_VOL,Small,Automobile
3,TIINDIA.NS,2022-05-13,2022-05-16,2022-05-19,1721.3375987863963,1602.655337393129,1603.4570659260921,1957.0986645070045,78.5870219068695,117.88053286030413,8,-949.458091146138,29.620868352828193,-979.0789594989662,-1.038211034237558,STOP,False,SIDEWAYS,HIGH_VOL,Small,Automobile
4,TIINDIA.NS,2024-06-03,2024-06-04,2024-06-05,3839.614001020905,3623.9084523653314,3625.7213130218424,4267.39937701903,142.59512533270836,213.89268799906267,4,-862.8221946222948,33.23935247174297,-896.0615470940378,-1.0473260627520429,STOP,False,BULL,HIGH_VOL,Small,Automobile
1,CDSL.NS,2021-08-24,2021-08-25,2021-09-14,561.931246088092,654.7509219459862,515.3576385438508,655.0784611765745,31.049071696160826,46.57360754424121,21,1949.213193015777,28.24599504649639,1920.9671979692807,1.964087243785744,TARGET,False,BULL,LOW_VOL,Small,Banking & Finance
2,CDSL.NS,2024-10-09,2024-10-10,2024-10-25,1461.388617760763,1377.082676573573,1377.7715623547504,1628.6227285727884,55.74470360400845,83.6170554060127,11,-927.36535305909,34.76556652917707,-962.130919588267,-1.046035964918797,STOP,False,BULL,HIGH_VOL,Small,Banking & Finance
1,UJJIVANSFB.NS,2022-12-26,2022-12-27,2023-02-08,26.85028327060585,24.538080790426665,24.55035596841087,31.45013787499581,1.533284868129986,2.2999273021949804,434,-1003.4958763977661,24.858435619794683,-1028.3543120175607,-1.0302412512542998,STOP,False,BULL,LOW_VOL,Small,Banking & Finance
1,EQUITASBNK.NS,2021-04-13,2021-04-15,2021-05-25,49.870926643227875,59.22995502784767,45.17659755471291,59.2595848202578,3.1295527256766413,4.694329088514962,213,1993.473045924017,25.673701361085914,1967.799344562931,1.9680117011854816,TARGET,False,BULL,HIGH_VOL,Small,Banking & Finance
2,EQUITASBNK.NS,2023-08-08,2023-08-09,2023-08-10,90.38591276860971,85.3124642860396,85.35514185696809,100.44745459189296,3.353847274427753,5.030770911641625,198,-1004.5427995488826,38.73298044867026,-1043.275779997553,-1.047368224172993,STOP,False,BULL,LOW_VOL,Small,Banking & Finance
1,RBLBANK.NS,2020-12-23,2020-12-24,2021-01-06,218.77580811032837,250.7784691563509,202.71175160703788,250.90392111690934,10.709371002193663,16.064056503290487,62,1984.1649848533966,32.20160474735246,1951.963380106044,1.9598586644563996,TARGET,False,BULL,LOW_VOL,Small,Banking & Finance
2,RBLBANK.NS,2025-12-05,2025-12-08,2025-12-09,306.0609760844136,294.0381005493948,294.1851931459678,329.8125419613052,7.9171886256305255,11.87578293844581,84,-1009.9215449415778,56.09078262451497,-1066.0123275660928,-1.0686135821943727,STOP,False,BULL,LOW_VOL,Small,Banking & Finance
1,TTKPRESTIG.NS,2024-09-10,2024-09-11,2024-09-25,885.5266966849678,845.1036789017041,845.5264421227655,965.5272058093723,26.666836374801495,40.00025456220226,24,-970.1524267983268,46.22767670581008,-1016.3801035041369,-1.0587225367149626,STOP,False,BULL,HIGH_VOL,Small,Consumer Durables
1,RADICO.NS,2025-12-18,2025-12-19,2025-12-30,3144.5979163664165,3368.526123046875,3004.5801625482595,3424.6334240027304,93.34516921210457,140.01775381815696,7,1567.4974467632096,50.54530710824028,1516.9521396549694,1.5477140763419153,END_OF_DATA,False,BULL,LOW_VOL,Small,Consumer Durables
1,ELGIEQUIP.NS,2020-10-13,2020-10-14,2020-11-19,107.68249747871552,125.6952200376996,98.64469667445167,125.75809908724322,6.025200536175907,9.037800804263853,110,1981.399481488249,28.378287666626935,1953.021193821622,1.964497615091802,TARGET,False,SIDEWAYS,HIGH_VOL,Small,Capital Goods
2,ELGIEQUIP.NS,2022-02-23,2022-02-24,2022-03-21,328.7219143946829,289.4060784795014,289.5508539064546,407.06403537113954,26.11404032548554,39.171060488228306,25,-982.8958978795384,17.245714617581175,-1000.1416124971196,-1.0213066483586088,STOP,False,BULL,HIGH_VOL,Small,Capital Goods
1,GRINDWELL.NS,2022-09-30,2022-10-03,2022-10-11,2006.4633733405299,1896.130548267696,1897.0790878116018,2225.231944398386,72.92285701928536,109.3842855289281,9,-992.995425655505,39.104449155121365,-1032.0998748106263,-1.0483934078219976,STOP,False,BULL,HIGH_VOL,Small,Capital Goods
2,GRINDWELL.NS,2024-07-24,2024-07-25,2024-08-05,2547.390790747059,2410.469651146813,2411.6754888912583,2818.82139445866,90.47686790386715,135.7153018558006,7,-958.4479772017226,38.63700759011784,-997.0849847918404,-1.0495552834894426,STOP,False,BULL,LOW_VOL,Small,Capital Goods
1,PRAJIND.NS,2024-08-07,2024-08-08,2024-08-20,662.0747575152045,741.6968809986932,622.0781787947211,742.0679149561713,26.664385813655567,39.9965787204834,25,1990.5530870872185,38.84839708794958,1951.704689999269,1.951871637460576,TARGET,False,BULL,HIGH_VOL,Small,Capital Goods
1,AFFLE.NS,2020-10-29,2020-10-30,2020-11-20,544.272,618.6869994298623,506.90975116064925,618.9964976787016,24.908165892900524,37.3622488393508,26,1934.7899851764196,33.45495795572343,1901.3350272206962,1.9572769988271872,TARGET,False,SIDEWAYS,HIGH_VOL,Small,Capital Goods
2,AFFLE.NS,2021-01-19,2021-01-20,2021-02-05,722.1208897705078,799.3471159760102,683.3078399203889,799.7469894707456,25.875366566745953,38.81304985011889,25,1930.6556551375593,42.122570979706694,1888.5330841578525,1.9462867169167515,TARGET,False,BULL,LOW_VOL,Small,Capital Goods
3,AFFLE.NS,2024-01-24,2024-01-25,2024-02-08,1230.615,1159.782288066696,1160.3624693013467,1371.1200613973067,46.83502046576884,70.25253069865335,14,-991.657967066255,37.2621769831388,-1028.9201440493937,-1.0461444630198484,STOP,False,BULL,HIGH_VOL,Small,Capital Goods
4,AFFLE.NS,2025-07-29,2025-07-30,2025-08-29,1976.0875255737305,1872.0225992998821,1872.9590788393018,2182.344419042588,68.75229782295246,103.12844673442873,9,-936.5843364646357,38.5553240198401,-975.1396604844758,-1.0506204116887008,STOP,False,SIDEWAYS,LOW_VOL,Small,Capital Goods
1,BLUEDART.NS,2021-01-20,2021-01-21,2021-01-22,3914.614208969821,4228.650537511177,3756.5383532190253,4230.765920471413,105.38390383386374,158.07585575079565,6,1884.2179712481384,54.152728719194954,1830.0652425289434,1.9295222050587486,TARGET,False,BULL,LOW_VOL,Small,Infrastructure
2,BLUEDART.NS,2021-06-21,2021-06-22,2021-07-26,5636.995592688683,5354.988135296414,5357.666968780804,6195.652840504441,186.2190826052527,279.32862390787886,3,-846.022372176808,36.707186008255164,-882.7295581850631,-1.0533943208008913,STOP,False,BULL,LOW_VOL,Small,Infrastructure
3,BLUEDART.NS,2021-10-26,2021-10-27,2021-11-01,6118.982709590947,6665.196595386165,5844.208633978134,6668.530860816573,183.18271707520876,274.77407561281325,3,1638.641657385656,42.495439172753564,1596.1462182129023,1.9363134539446716,TARGET,False,BULL,LOW_VOL,Small,Infrastructure
1,APLAPOLLO.NS,2021-07-15,2021-07-16,2021-07-27,749.6010155448472,836.1577935178769,706.1134825379427,836.5760815586563,28.991688671269724,43.48753300690453,22,1904.2491154066543,38.62418252025427,1865.6249328864,1.9500102086626594,TARGET,False,BULL,LOW_VOL,Small,Infrastructure
2,APLAPOLLO.NS,2023-09-27,2023-09-28,2023-11-01,1617.6587249784868,1534.810432534905,1535.5782216457278,1781.8197316440048,54.72033555517271,82.08050333275901,12,-994.1795093229821,42.11183176752293,-1036.291341090505,-1.0521087012276646,STOP,False,BULL,LOW_VOL,Small,Infrastructure
3,APLAPOLLO.NS,2025-07-01,2025-07-02,2025-07-04,1759.9399775786128,1696.4000789346817,1697.2487032863248,1885.3225261631887,41.79418286152532,62.69127429228797,15,-953.0984796589667,57.68310642056006,-1010.7815860795267,-1.0748774822759972,STOP,False,BULL,LOW_VOL,Small,Infrastructure
1,ASTRAL.NS,2021-03-26,2021-03-30,2021-04-12,1228.458582057172,1135.7451390123802,1136.3132956602103,1412.7491548510952,61.43019093130773,92.14528639696164,10,-927.134430447918,26.341181523775937,-953.475611971694,-1.0347524537111141,STOP,False,BULL,HIGH_VOL,Small,Infrastructure
2,ASTRAL.NS,2023-07-12,2023-07-13,2023-08-01,1852.412894378782,1991.786303899216,1782.2279939447535,1992.7826952468392,46.789933622685744,70.18490043402858,14,1951.2277332860735,59.65849529628288,1891.5692379897907,1.9250876982413472,TARGET,False,BULL,LOW_VOL,Small,Infrastructure
1,RATNAMANI.NS,2020-03-13,2020-03-16,2020-03-18,813.3948011756272,728.7778620513154,729.1424332679494,981.8995369909828,56.16824527178521,84.25236790767781,11,-930.7863303674296,18.920534933314805,-949.7068653007444,-1.024742566870282,STOP,False,BEAR,HIGH_VOL,Small,Metals & Mining
2,RATNAMANI.NS,2021-01-28,2021-01-29,2021-02-01,1021.6732736375681,966.8060031810156,967.2896480050181,1130.4405249026681,36.25575042169999,54.38362563254998,18,-987.6108682179438,39.847768526632485,-1027.4586367445763,-1.0495996673773482,STOP,False,BULL,HIGH_VOL,Small,Metals & Mining
3,RATNAMANI.NS,2025-06-25,2025-06-26,2025-07-08,2782.492709159559,3006.412098765702,2669.781035342289,3007.916056794099,75.14111587817992,112.71167381726991,8,1791.355116849143,51.32790063896877,1740.0272162101744,1.9297326945822135,TARGET,False,BULL,LOW_VOL,Small,Metals & Mining
1,PVRINOX.NS,2020-12-23,2020-12-24,2021-01-19,1323.3613011474608,1516.530112460902,1226.3975733015304,1517.2887568393216,64.64248523062034,96.9637278459304,10,1931.688113134412,31.412735151298588,1900.2753779831135,1.9597796208934313,TARGET,False,BULL,LOW_VOL,Small,Media
2,PVRINOX.NS,2021-07-22,2021-07-23,2021-08-24,1345.0722244262695,1287.1633661266892,1287.80726976157,1459.6021337556683,38.17663644313291,57.26495466469942,17,-984.4505910928649,49.7989804422446,-1034.2495715351095,-1.062398642355057,STOP,False,BULL,LOW_VOL,Small,Media
3,PVRINOX.NS,2023-10-10,2023-10-11,2023-10-23,1698.7489744262696,1649.2438946709594,1650.0689291355272,1796.1090650077542,32.45336352716159,48.68004529074233,20,-990.1015951062027,74.48179209874172,-1064.5833872049443,-1.0934494625536022,STOP,False,BULL,LOW_VOL,Small,Media
4,PVRINOX.NS,2024-10-08,2024-10-09,2024-10-22,1619.8095,1548.6184935239212,1549.3931901189808,1760.6421197620386,46.944206587346216,70.41630988101929,14,-996.6740906651044,49.36650447424247,-1046.0405951393468,-1.061077831163604,STOP,False,BULL,HIGH_VOL,Small,Media
5,PVRINOX.NS,2025-10-01,2025-10-03,2025-10-27,1095.5475,1181.6527352908574,1052.1993213902663,1182.2438572194671,28.898785739822433,43.34817860973362,23,1980.4204116897233,58.05260296833359,1922.3678087213898,1.9281365850992245,TARGET,False,BULL,LOW_VOL,Small,Media
1,ARVIND.NS,2021-03-26,2021-03-30,2021-04-19,61.68101442551224,55.4658755249699,55.493622336137975,74.05579860426076,4.12492805958284,6.1873920893742635,161,-1000.637362987316,21.03349166129448,-1021.6708546486105,-1.0255987683065588,STOP,False,BULL,HIGH_VOL,Small,Textiles
1,NHPC.NS,2021-01-29,2021-02-01,2021-02-02,19.45696015991468,18.580448194763353,18.5897430662965,21.19139434715104,0.5781447290787872,0.86721709361818,1153,-1010.6182958194796,48.81098155038124,-1059.4292773698608,-1.0595338438861535,STOP,False,BULL,HIGH_VOL,Small,Power
2,NHPC.NS,2021-03-30,2021-03-31,2021-04-12,21.02978877238372,19.922497324717753,19.932463556496,23.224439204159165,0.7315501439251487,1.0973252158877216,911,-1008.7425088236971,41.532755947421606,-1050.2752647711186,-1.0506290413297528,STOP,False,BULL,HIGH_VOL,Small,Power
3,NHPC.NS,2024-03-14,2024-03-15,2024-05-06,80.87394326130553,96.80471482031453,72.88434419645327,96.85314139101004,5.326399376568175,7.989599064852257,125,1991.3464448761254,24.53079207981008,1966.8156527963154,1.9693760718969802,TARGET,False,BULL,HIGH_VOL,Small,Power
1,SJVN.NS,2024-03-14,2024-03-15,2024-05-21,112.1318172880262,138.4936536229628,98.91625838678526,138.56293509050806,8.810372600827291,13.21555890124094,75,1977.1377251202448,20.73933013600608,1956.3983949842386,1.9738334283140893,TARGET,False,BULL,HIGH_VOL,Small,Power
1,BRIGADE.NS,2021-01-29,2021-02-01,2021-02-08,179.52321345212866,209.45113366251906,164.50686436902888,209.55591161832822,10.010899388733193,15.016349083099783,66,1975.2427338857663,28.379591712848793,1946.8631421729174,1.9643873642866978,TARGET,False,BULL,HIGH_VOL,Small,Real Estate
1,JKCEMENT.NS,2020-09-14,2020-09-15,2020-09-25,1503.0542767296638,1428.905084231841,1429.6198941789305,1649.9230418311304,48.95625503382221,73.43438255073329,13,-963.939502471695,42.427198609654894,-1006.3667010813499,-1.054176810251274,STOP,False,SIDEWAYS,LOW_VOL,Small,Cement
2,JKCEMENT.NS,2021-06-17,2021-06-18,2021-07-06,2737.7931966130286,2949.755606904974,2631.074183661427,2951.231222516232,71.1460086344012,106.7190129516016,9,1907.6616926275065,56.7382943336958,1850.9233982938106,1.9270994893782187,TARGET,False,BULL,LOW_VOL,Small,Cement
3,JKCEMENT.NS,2022-12-26,2022-12-27,2023-01-06,2965.290670325444,2816.203190398333,2817.611996396531,3260.6480181832694,98.452449285942,147.67867392891276,6,-894.5248795626658,38.61436714722704,-933.1392467098929,-1.0531189348290428,STOP,False,BULL,LOW_VOL,Small,Cement
1,JKLAKSHMI.NS,2023-01-11,2023-01-12,2023-01-19,747.1657409438403,699.9271861225326,700.2773247849251,840.9425732616708,31.25894410594349,46.88841615891522,21,-992.0096512474623,33.84339370826097,-1025.8530449557234,-1.041838240650476,STOP,False,BULL,LOW_VOL,Small,Cement
1,MRPL.NS,2024-03-14,2024-03-15,2024-04-26,201.30239791195865,251.1288588745858,176.32635380911566,251.25448611764463,16.650696068561995,24.97604410284299,40,1993.058438505086,19.9606556472675,1973.0977828578186,1.9749902894282039,TARGET,False,BULL,HIGH_VOL,Small,Oil & Gas
