trade_id,symbol,signal_timestamp,entry_timestamp,exit_timestamp,entry_price,exit_price,stop_price,target_price,atr_at_signal,risk_per_share,quantity,gross_pnl,total_costs,net_pnl,r_multiple,exit_reason,ambiguous_exit
1,RELIANCE.NS,2021-11-04,2021-11-08,2021-11-22,1141.651866434267,1090.8351724771946,1091.380862908649,1212.5596853155143,26.92862720152555,50.27100352561797,19,-965.5171851843756,47.20756899261596,-1012.7247541769916,-1.0602792686296467,STOP,False
1,PERSISTENT.NS,2025-01-15,2025-01-16,2025-01-22,6078.446158109176,5717.048824383751,5719.908778773138,6656.265938547474,208.07936883874163,358.5373793360386,2,-722.7946674508512,26.269131014890185,-749.0637984657413,-1.0446104669098986,STOP,False
1,POLYCAB.NS,2024-07-11,2024-07-12,2024-07-19,6579.064810912952,6252.399376619422,6255.527140189516,7142.194743058468,197.0372450819891,323.53767072343635,3,-979.9963028805923,42.849469592480595,-1022.8457724730729,-1.0538141974688453,STOP,False
2,POLYCAB.NS,2025-01-07,2025-01-08,2025-01-09,7080.172628336125,6808.720303461178,6812.126366644501,7643.804883898498,184.8174482786662,268.04626169162384,3,-814.3569746248395,46.362173584185044,-860.7191482090245,-1.0703614403188935,STOP,False
1,INDHOTEL.NS,2024-10-08,2024-10-09,2024-10-22,680.4026533509781,650.2422894237845,650.5675732103897,737.7125708643769,19.365555034219387,29.83508014058839,33,-995.2920095973869,48.87000638765415,-1044.162015985041,-1.0605392397998734,STOP,False
1,DIXON.NS,2023-07-25,2023-07-26,2023-08-04,4133.006824779462,4483.611428851055,3912.92414034484,4485.85435602907,127.31782570760664,220.08268443462157,4,1402.4184162863748,38.194859560813825,1364.2235567255611,1.549671615727249,TARGET,False
2,DIXON.NS,2024-07-24,2024-07-25,2024-07-31,10838.377154143209,12265.29169689705,10319.879556417574,12271.427410602351,433.6773009299505,518.4975977256345,1,1426.9145427538406,25.566378931959527,1401.3481638218811,2.7027090770889384,TARGET,False
1,CDSL.NS,2021-08-24,2021-08-25,2021-09-14,561.931246088092,655.7428246779597,516.35003747529,656.0708601080137,31.049071696160826,45.581208612802016,21,1970.04315038722,28.26757958990357,1941.7755707973165,2.0285882315400205,TARGET,False
2,CDSL.NS,2024-10-09,2024-10-10,2024-10-25,1461.388617760763,1362.450890084581,1363.1324563127373,1613.9836225307754,55.74470360400839,98.25616144802575,10,-989.3772767618202,31.45344210520664,-1020.8307188670268,-1.038948299854979,STOP,False
1,KPITTECH.NS,2022-12-26,2022-12-27,2023-02-01,677.6298316855045,753.7522275002276,630.9020287315371,754.1292921463007,27.383836314391875,46.7278029539674,21,1598.5703121091842,33.28247538870703,1565.2878367204771,1.5951427484775393,TARGET,False
2,KPITTECH.NS,2023-07-24,2023-07-25,2023-08-07,1053.7222453988848,1153.5913817798983,971.1386063490164,1154.1684660129047,40.67330214753073,82.58363904986834,12,1198.429636572162,29.34400928936153,1169.0856272828005,1.1796985867229355,TARGET,False
