fold,symbol,entry_timestamp,entry_price,exit_timestamp,exit_price,quantity,position_at_test_start,market_value_at_test_start,unrealized_pnl_at_test_start,realized_pnl_in_test_period
2021,RBLBANK.NS,2020-12-24,218.7758081103284,2021-01-06,250.7784691563509,320,True,VARIES_BY_DAY,VARIES_BY_DAY,10074.649703773126
2021,BALKRISIND.NS,2020-12-23,1480.1430766683889,2021-01-07,1624.6764075686997,70,True,VARIES_BY_DAY,VARIES_BY_DAY,9876.581033475626
2021,TATACOMM.NS,2020-12-23,930.8737414945772,2021-01-12,1072.0051357124382,72,True,VARIES_BY_DAY,VARIES_BY_DAY,10001.975615224133
2021,PVRINOX.NS,2020-12-24,1323.3613011474608,2021-01-19,1516.530112460902,53,True,VARIES_BY_DAY,VARIES_BY_DAY,10071.459503310498
2023,HINDALCO.NS,2022-12-27,437.22460232436737,2023-01-02,477.617227331764,280,True,VARIES_BY_DAY,VARIES_BY_DAY,11026.1363596358
2023,JKCEMENT.NS,2022-12-27,2965.290670325444,2023-01-06,2816.203190398333,38,True,VARIES_BY_DAY,VARIES_BY_DAY,-5909.881895829324
2023,NMDC.NS,2022-12-27,33.21335261475719,2023-01-11,36.20397290700121,3793,True,VARIES_BY_DAY,VARIES_BY_DAY,11051.687813061066
2023,VEDL.NS,2022-12-27,203.9741457689809,2023-01-19,223.2920830760529,1,True,VARIES_BY_DAY,VARIES_BY_DAY,18.844596809955494
2023,SONATSOFTW.NS,2022-12-20,258.122974975938,2023-01-23,283.4033624037164,448,True,VARIES_BY_DAY,VARIES_BY_DAY,11056.875339352382
2023,INDUSINDBK.NS,2022-12-27,1174.24546805372,2023-01-25,1125.4471642016138,118,True,VARIES_BY_DAY,VARIES_BY_DAY,-6060.178152444173
2023,SBIN.NS,2022-12-27,558.0643133165967,2023-01-25,540.1855594381858,314,True,VARIES_BY_DAY,VARIES_BY_DAY,-5997.556559788825
2023,CANBK.NS,2022-12-27,54.05455585805647,2023-01-27,51.03901238900266,1908,True,VARIES_BY_DAY,VARIES_BY_DAY,-5976.909865259774
2023,EXIDEIND.NS,2022-12-27,177.29024869153005,2023-01-30,170.529841094349,854,True,VARIES_BY_DAY,VARIES_BY_DAY,-6103.8978370361265
2023,KPITTECH.NS,2022-12-27,677.6298316855045,2023-02-02,759.4014499583659,138,True,VARIES_BY_DAY,VARIES_BY_DAY,11064.96207773331
2024,DALBHARAT.NS,2023-12-22,2210.226798679032,2024-01-23,2107.371454896861,57,True,VARIES_BY_DAY,VARIES_BY_DAY,-6136.6704660833275
2025,TECHM.NS,2024-12-24,1627.8334576188442,2025-01-08,1570.5118956711158,118,True,VARIES_BY_DAY,VARIES_BY_DAY,-7183.833578254672
