date,capital,open_positions,peak,drawdown
2020-01-08,734733.4691207826,1,734733.4691207826,0.0
2020-01-28,1019185.8346989949,0,1019185.8346989949,0.0
2020-01-30,811064.2150287441,1,1019185.8346989949,0.20420379933137237
2020-02-04,416941.889034797,3,1019185.8346989949,0.5909069034913186
2020-02-07,416941.889034797,3,1019185.8346989949,0.5909069034913186
2020-02-12,416941.889034797,3,1019185.8346989949,0.5909069034913186
2020-02-18,581256.9908214876,2,1019185.8346989949,0.4296849788996966
2020-02-24,809136.7462162011,1,1019185.8346989949,0.20609498418394856
2020-02-28,1023922.9001820289,0,1023922.9001820289,0.0
2020-03-02,868875.7480301674,1,1023922.9001820289,0.15142463570674883
2020-03-03,559544.7391763176,3,1023922.9001820289,0.45352844527957725
2020-03-05,750445.3545281511,2,1023922.9001820289,0.26708802548049276
2020-03-09,894850.6656893068,1,1023922.9001820289,0.1260565951496701
2020-03-11,758719.9156794407,2,1023922.9001820289,0.25900679089748013
2020-03-12,860982.7457810541,1,1023922.9001820289,0.1591332261169351
2020-03-13,892644.984303687,1,1023922.9001820289,0.12821074306962352
2020-03-18,977710.7484739457,0,1023922.9001820289,0.04513245255074168
2020-07-08,713799.5539917634,1,1023922.9001820289,0.30287763476638035
2020-07-24,996504.111043061,0,1023922.9001820289,0.026778177472242752
2020-08-03,775104.8540535583,1,1023922.9001820289,0.24300466967213713
2020-08-12,985982.7192456628,0,1023922.9001820289,0.037053747825760354
2020-08-18,807598.5796842005,1,1023922.9001820289,0.211270126353626
2020-08-25,1005126.6007881322,0,1023922.9001820289,0.018357143287404922
2020-09-01,539494.9437531267,2,1023922.9001820289,0.4731097979572315
2020-09-10,451902.6972781365,3,1023922.9001820289,0.5586555421333002
2020-09-14,451902.6972781365,3,1023922.9001820289,0.5586555421333002
2020-09-17,664771.7091481314,2,1023922.9001820289,0.35075999469300767
2020-09-22,746740.0129459435,1,1023922.9001820289,0.2707067955866686
2020-09-25,531226.4169625979,3,1023922.9001820289,0.4811851391660851
2020-10-06,817474.3398649851,2,1023922.9001820289,0.2016251031013587
2020-10-13,720129.3621442262,3,1023922.9001820289,0.29669571603857625
2020-10-16,868881.1758891018,2,1023922.9001820289,0.1514193346641279
2020-10-20,962193.4283251951,1,1023922.9001820289,0.06028722655373737
2020-10-29,822315.5243251951,2,1023922.9001820289,0.19689702791195784
2020-11-11,630688.9052432697,3,1023922.9001820289,0.3840464891144163
2020-11-19,926998.7677032312,1,1023922.9001820289,0.09465960030932691
2020-11-20,1085670.637164605,0,1085670.637164605,0.0
2020-12-22,751562.7222786767,2,1085670.637164605,0.307743346323248
2020-12-23,649663.9020903222,3,1085670.637164605,0.40160129614721934
2021-01-06,649663.9020903222,3,1085670.637164605,0.40160129614721934
2021-01-07,891228.2287137388,2,1085670.637164605,0.17909889223741218
2021-01-12,1021742.6171907627,1,1085670.637164605,0.05888343829653552
2021-01-19,574491.1113034217,3,1085670.637164605,0.47084217658884736
2021-01-20,574491.1113034217,3,1085670.637164605,0.47084217658884736
2021-01-22,574491.1113034217,3,1085670.637164605,0.47084217658884736
2021-01-27,574491.1113034217,3,1085670.637164605,0.47084217658884736
2021-01-28,585347.1645130484,3,1085670.637164605,0.4608427782096309
2021-01-29,585347.1645130484,3,1085670.637164605,0.4608427782096309
2021-02-01,624620.6992336712,3,1085670.637164605,0.42466833139656085
2021-02-02,624620.6992336712,3,1085670.637164605,0.42466833139656085
2021-02-03,624620.6992336712,3,1085670.637164605,0.42466833139656085
2021-02-04,772042.2875448237,2,1085670.637164605,0.28887983047867055
2021-02-05,1005757.3159939125,1,1085670.637164605,0.07360733396953466
2021-02-08,1005757.3159939125,1,1085670.637164605,0.07360733396953466
2021-02-17,1005757.3159939125,1,1085670.637164605,0.07360733396953466
2021-02-19,1005757.3159939125,1,1085670.637164605,0.07360733396953466
2021-02-22,1005757.3159939125,1,1085670.637164605,0.07360733396953466
2021-02-23,1005757.3159939125,1,1085670.637164605,0.07360733396953466
2021-03-01,651809.5368259461,3,1085670.637164605,0.3996249741742612
2021-03-02,651809.5368259461,3,1085670.637164605,0.3996249741742612
2021-03-04,841900.1544004399,2,1085670.637164605,0.22453447152334252
2021-03-08,841900.1544004399,2,1085670.637164605,0.22453447152334252
2021-03-10,634457.7035396816,3,1085670.637164605,0.41560756842732255
2021-03-15,833022.8157832089,2,1085670.637164605,0.23271129634787266
2021-03-19,700085.2103952201,3,1085670.637164605,0.3551587503337111
2021-03-22,700085.2103952201,3,1085670.637164605,0.3551587503337111
2021-03-24,845180.96302944,2,1085670.637164605,0.22151255261286298
2021-03-25,845180.96302944,2,1085670.637164605,0.22151255261286298
2021-03-26,760986.3783386159,3,1085670.637164605,0.29906331415018444
2021-03-30,760986.3783386159,3,1085670.637164605,0.29906331415018444
2021-04-01,760986.3783386159,3,1085670.637164605,0.29906331415018444
2021-04-07,760986.3783386159,3,1085670.637164605,0.29906331415018444
2021-04-08,941643.5720876004,2,1085670.637164605,0.1326618406602148
2021-04-09,1119411.9042952093,1,1119411.9042952093,0.0
2021-04-12,1119411.9042952093,1,1119411.9042952093,0.0
2021-04-13,797109.8223532869,3,1119411.9042952093,0.28792089909464236
2021-04-19,872642.4150155685,2,1119411.9042952093,0.22044565394809595
2021-04-26,751336.1923148192,3,1119411.9042952093,0.32881168278457207
2021-04-29,1000649.9959921457,2,1119411.9042952093,0.10609312608466233
2021-05-11,1138982.5719972118,1,1138982.5719972118,0.0
2021-05-17,960327.7034755901,2,1138982.5719972118,0.1568547868193887
2021-05-25,1072576.4943697888,1,1138982.5719972118,0.05830297957147807
2021-06-09,1273410.6869141196,0,1273410.6869141196,0.0
2021-06-17,947613.2965171692,1,1273410.6869141196,0.25584628254256403
2021-06-21,761592.4419584427,2,1273410.6869141196,0.4019270846516734
2021-07-06,1111863.1528439447,1,1273410.6869141196,0.12686208442435498
2021-07-07,667448.9575843699,2,1273410.6869141196,0.47585726706769543
2021-07-14,757064.1951903605,2,1273410.6869141196,0.40548308336804634
2021-07-15,626633.6184855571,3,1273410.6869141196,0.5079092511748191
2021-07-20,626633.6184855571,3,1273410.6869141196,0.5079092511748191
2021-07-22,626633.6184855571,3,1273410.6869141196,0.5079092511748191
2021-07-23,990145.714465802,2,1273410.6869141196,0.22244588910649013
2021-07-26,1166456.5438844927,1,1273410.6869141196,0.08399029796805847
2021-07-27,1311642.5177857613,0,1311642.5177857613,0.0
2021-07-30,1081404.3682116123,1,1311642.5177857613,0.1755342225127191
2021-08-03,1081404.3682116123,1,1311642.5177857613,0.1755342225127191
2021-08-11,675967.839041454,3,1311642.5177857613,0.4846401897808378
2021-08-12,931716.3655274832,2,1311642.5177857613,0.28965678308419535
2021-08-13,616268.7138114304,3,1311642.5177857613,0.53015497328359
2021-08-20,805997.4719946166,2,1311642.5177857613,0.385505226412411
2021-08-23,619641.848004583,3,1311642.5177857613,0.5275832861452018
2021-08-24,619641.848004583,3,1311642.5177857613,0.5275832861452018
2021-09-01,1179975.0557389068,1,1311642.5177857613,0.10038364894508589
2021-09-07,1381810.456161739,0,1381810.456161739,0.0
2021-09-14,1381810.456161739,0,1381810.456161739,0.0
2021-09-20,1381810.456161739,0,1381810.456161739,0.0
2021-09-28,1381810.456161739,0,1381810.456161739,0.0
2021-09-30,1381810.456161739,0,1381810.456161739,0.0
2021-10-04,1103834.7326065667,1,1381810.456161739,0.20116776676253176
2021-10-06,703832.5493291845,2,1381810.456161739,0.4906446494230307
2021-10-07,595442.6656629691,3,1381810.456161739,0.569085135368759
2021-10-08,983372.4678366769,2,1381810.456161739,0.2883448931424395
2021-10-25,1246826.414304766,1,1381810.456161739,0.09768636592309392
2021-10-26,971472.1923731735,2,1381810.456161739,0.2969569827459288
2021-11-01,833953.1803734497,3,1381810.456161739,0.3964778767922157
2021-11-02,955956.0932990348,2,1381810.456161739,0.30818580143444696
2021-11-04,686526.2528205477,3,1381810.456161739,0.5031690129719277
2021-11-12,686526.2528205477,3,1381810.456161739,0.5031690129719277
2021-11-15,892084.0546339317,2,1381810.456161739,0.35440924574280797
2021-11-22,1151262.430364945,1,1381810.456161739,0.16684489885623557
2021-11-23,1178571.2860710118,1,1381810.456161739,0.1470818006800047
2021-11-29,1344156.9635429918,0,1381810.456161739,0.02724939042894317
2022-02-23,1231405.3469056156,1,1381810.456161739,0.10884641130441605
2022-02-25,807800.7299266881,3,1381810.456161739,0.4154040980623929
2022-03-02,807800.7299266881,3,1381810.456161739,0.4154040980623929
2022-03-03,955553.0016409167,2,1381810.456161739,0.3084775141337688
2022-03-04,1208333.9689780753,1,1381810.456161739,0.12554289657463596
2022-03-21,1307363.642691991,0,1381810.456161739,0.05387628465089145
2022-05-13,1118016.5068254876,1,1381810.456161739,0.19090458330225193
2022-05-16,736394.3320380249,3,1381810.456161739,0.46708006966200655
2022-05-19,912279.1322114177,2,1381810.456161739,0.33979430525843657
2022-05-23,1133242.5971010635,1,1381810.456161739,0.1798856405755704
2022-06-17,1305990.4170358493,0,1381810.456161739,0.05487007193193155
2022-09-07,875450.7726771203,1,1381810.456161739,0.36644655656401404
2022-09-19,863537.8077774431,1,1381810.456161739,0.3750678293634455
2022-09-20,675690.3301429099,2,1381810.456161739,0.5110108429633845
2022-09-23,854508.5521088003,1,1381810.456161739,0.3816021956568686
2022-09-27,562604.7369948417,3,1381810.456161739,0.5928495587176325
2022-09-30,562604.7369948417,3,1381810.456161739,0.5928495587176325
2022-10-04,562604.7369948417,3,1381810.456161739,0.5928495587176325
2022-10-10,562604.7369948417,3,1381810.456161739,0.5928495587176325
2022-10-11,562604.7369948417,3,1381810.456161739,0.5928495587176325
2022-10-12,700635.6609073841,2,1381810.456161739,0.49295820003161445
2022-10-24,700635.6609073841,2,1381810.456161739,0.49295820003161445
2022-10-25,1114933.2864514205,1,1381810.456161739,0.1931358736795381
2022-11-03,1114933.2864514205,1,1381810.456161739,0.1931358736795381
2022-12-16,1273271.766029226,0,1381810.456161739,0.0785481754378973
2022-12-19,1014890.668078312,1,1381810.456161739,0.2655355417577472
2022-12-26,610703.1458751133,3,1381810.456161739,0.5580413050488371
2023-01-02,610703.1458751133,3,1381810.456161739,0.5580413050488371
2023-01-06,610703.1458751133,3,1381810.456161739,0.5580413050488371
2023-01-11,610703.1458751133,3,1381810.456161739,0.5580413050488371
2023-01-19,610703.1458751133,3,1381810.456161739,0.5580413050488371
2023-01-23,893789.4496623927,2,1381810.456161739,0.35317507138781135
2023-01-25,893789.4496623927,2,1381810.456161739,0.35317507138781135
2023-01-27,1066618.7296017162,1,1381810.456161739,0.22810055109550434
2023-01-30,1278446.5496358913,0,1381810.456161739,0.0748032453112
2023-02-02,1278446.5496358913,0,1381810.456161739,0.0748032453112
2023-02-08,1278446.5496358913,0,1381810.456161739,0.0748032453112
2023-03-29,899349.7071635145,1,1381810.456161739,0.34915117833046216
2023-04-13,1302942.3145207688,0,1381810.456161739,0.05707594792707144
2023-07-12,960245.9290606941,1,1381810.456161739,0.3050812976709024
2023-07-14,719143.5285647805,2,1381810.456161739,0.47956427355286585
2023-07-24,595858.025853111,3,1381810.456161739,0.5687845440768856
2023-07-25,595858.025853111,3,1381810.456161739,0.5687845440768856
2023-07-26,595858.025853111,3,1381810.456161739,0.5687845440768856
2023-07-31,622452.7088063612,3,1381810.456161739,0.5495382843350666
2023-08-01,990144.8306255867,2,1381810.456161739,0.28344381372253014
2023-08-02,990144.8306255867,2,1381810.456161739,0.28344381372253014
2023-08-03,990144.8306255867,2,1381810.456161739,0.28344381372253014
2023-08-04,694944.2715999987,3,1381810.456161739,0.49707699163722613
2023-08-07,694944.2715999987,3,1381810.456161739,0.49707699163722613
2023-08-08,694944.2715999987,3,1381810.456161739,0.49707699163722613
2023-08-09,915219.740157717,2,1381810.456161739,0.33766622182037404
2023-08-10,915219.740157717,2,1381810.456161739,0.33766622182037404
2023-08-14,915219.740157717,2,1381810.456161739,0.33766622182037404
2023-08-16,915219.740157717,2,1381810.456161739,0.33766622182037404
2023-08-17,680800.8739399967,3,1381810.456161739,0.5073124024324869
2023-08-21,680800.8739399967,3,1381810.456161739,0.5073124024324869
2023-08-23,818005.2064467175,2,1381810.456161739,0.40801923823988556
2023-08-29,1102518.8846411945,1,1381810.456161739,0.20212003048256996
2023-09-12,898069.7078277342,2,1381810.456161739,0.3500774988182487
2023-09-25,647167.849391252,3,1381810.456161739,0.5316522273330504
2023-09-27,647167.849391252,3,1381810.456161739,0.5316522273330504
2023-09-28,871870.0021801088,2,1381810.456161739,0.3690379181223553
2023-10-05,644553.4567383974,3,1381810.456161739,0.5335442325941169
2023-10-10,644553.4567383974,3,1381810.456161739,0.5335442325941169
2023-10-19,644553.4567383974,3,1381810.456161739,0.5335442325941169
2023-10-23,862549.9251234779,2,1381810.456161739,0.37578274843903947
2023-10-25,1103805.5347252204,1,1381810.456161739,0.2011888969263803
2023-10-27,406336.08814798074,3,1381810.456161739,0.705939344766096
2023-11-01,599260.2414748339,2,1381810.456161739,0.5663224005849531
2023-11-08,599260.2414748339,2,1381810.456161739,0.5663224005849531
2023-11-15,837112.1106396598,1,1381810.456161739,0.39419179605507565
2023-11-20,1329418.5669534253,0,1381810.456161739,0.03791539496223162
2023-12-21,1042089.0831251511,1,1381810.456161739,0.2458523681896528
2024-01-19,617732.1319238492,3,1381810.456161739,0.5529545103894159
2024-01-23,891065.7006540387,2,1381810.456161739,0.3551462165591395
2024-01-24,736008.2106540387,3,1381810.456161739,0.46735950117322755
2024-01-31,943029.6770898387,2,1381810.456161739,0.3175404970452342
2024-02-01,1140659.8194367562,1,1381810.456161739,0.17451788387448453
2024-02-02,1140659.8194367562,1,1381810.456161739,0.17451788387448453
2024-02-07,1140659.8194367562,1,1381810.456161739,0.17451788387448453
2024-02-08,1286457.0281403116,0,1381810.456161739,0.06900615608763817
2024-02-13,1286457.0281403116,0,1381810.456161739,0.06900615608763817
2024-02-14,1286457.0281403116,0,1381810.456161739,0.06900615608763817
2024-03-14,672402.6800227064,3,1381810.456161739,0.5133900767472536
2024-03-18,672402.6800227064,3,1381810.456161739,0.5133900767472536
2024-03-21,672402.6800227064,3,1381810.456161739,0.5133900767472536
2024-04-01,672402.6800227064,3,1381810.456161739,0.5133900767472536
2024-04-02,901572.2544169318,2,1381810.456161739,0.34754274698337934
2024-04-04,1092313.4690436698,1,1381810.456161739,0.20950556990443273
2024-04-05,1092313.4690436698,1,1381810.456161739,0.20950556990443273
2024-04-08,1092313.4690436698,1,1381810.456161739,0.20950556990443273
2024-04-10,1348309.2301296454,0,1381810.456161739,0.024244443861823232
2024-04-16,1348309.2301296454,0,1381810.456161739,0.024244443861823232
2024-04-19,864956.8390906826,1,1381810.456161739,0.374040893066277
2024-04-22,445609.20917914645,3,1381810.456161739,0.6775178482749964
2024-04-26,445609.20917914645,3,1381810.456161739,0.6775178482749964
2024-04-29,954536.1325826718,2,1381810.456161739,0.3092134103297416
2024-05-02,1168928.8592395168,1,1381810.456161739,0.15405991174328237
2024-05-03,1168928.8592395168,1,1381810.456161739,0.15405991174328237
2024-05-06,1168928.8592395168,1,1381810.456161739,0.15405991174328237
2024-05-10,877340.5437257658,2,1381810.456161739,0.36507895144840746
2024-05-21,877340.5437257658,2,1381810.456161739,0.36507895144840746
2024-06-03,676290.4249353006,3,1381810.456161739,0.5105765614092721
2024-06-04,884391.9734938134,2,1381810.456161739,0.35997591453288547
2024-06-05,731857.6360058424,3,1381810.456161739,0.470363223304355
2024-06-06,1045813.573856401,2,1381810.456161739,0.24315699798555443
2024-06-19,1213865.0232663238,1,1381810.456161739,0.12154013753949872
2024-06-26,1213865.0232663238,1,1381810.456161739,0.12154013753949872
2024-07-03,1213865.0232663238,1,1381810.456161739,0.12154013753949872
2024-07-05,1429155.9614769947,0,1429155.9614769947,0.0
2024-07-22,696056.9907442774,3,1429155.9614769947,0.5129593903628817
2024-07-24,762356.6871822913,3,1429155.9614769947,0.4665685847229606
2024-07-25,923769.3822706629,2,1429155.9614769947,0.3536259112574587
2024-07-31,1093280.1181535816,1,1429155.9614769947,0.23501692773705
2024-08-01,1453581.754493524,0,1453581.754493524,0.0
2024-08-05,1453581.754493524,0,1453581.754493524,0.0
2024-08-07,731590.313296295,3,1453581.754493524,0.4966982001289599
2024-08-12,731590.313296295,3,1453581.754493524,0.4966982001289599
2024-08-13,883344.6862567287,3,1453581.754493524,0.39229789894788875
2024-08-16,883344.6862567287,3,1453581.754493524,0.39229789894788875
2024-08-20,1044695.8482918369,2,1453581.754493524,0.28129543105345084
2024-08-27,1044695.8482918369,2,1453581.754493524,0.28129543105345084
2024-09-10,813573.3804570603,3,1453581.754493524,0.440297473505
2024-09-12,813573.3804570603,3,1453581.754493524,0.440297473505
2024-09-17,813573.3804570603,3,1453581.754493524,0.440297473505
2024-09-18,1002337.083682942,2,1453581.754493524,0.3104363888825852
2024-09-25,1222406.417892111,1,1453581.754493524,0.15903841382624
2024-09-27,1222406.417892111,1,1453581.754493524,0.15903841382624
2024-10-08,647929.1140773525,3,1453581.754493524,0.5542534074369196
2024-10-09,752355.1450208162,3,1453581.754493524,0.48241291369059486
2024-10-17,936994.7545191853,2,1453581.754493524,0.35538902327123306
2024-10-22,936994.7545191853,2,1453581.754493524,0.35538902327123306
2024-10-25,1086752.271106461,1,1453581.754493524,0.2523624710155216
2024-11-07,1490768.822677021,0,1490768.822677021,0.0
2024-12-23,1062648.623323265,1,1490768.822677021,0.287180810895258
2025-01-08,1474757.396989894,0,1490768.822677021,0.010740381368034374
2025-01-15,1189070.427558763,1,1490768.822677021,0.20237771982411637
2025-01-20,1459332.7086571073,0,1490768.822677021,0.021087182359678526
2025-02-17,1271019.995778354,1,1490768.822677021,0.14740637418487
2025-03-21,1487956.2899312756,0,1490768.822677021,0.0018866323892491336
2025-04-08,933191.3330632919,2,1490768.822677021,0.3740200902595142
2025-04-16,1253723.4428657517,1,1490768.822677021,0.1590088122352863
2025-04-21,1539917.5390922595,0,1539917.5390922595,0.0
2025-06-06,1214652.4003324294,1,1539917.5390922595,0.2112224391908447
2025-06-13,1523724.083886988,0,1539917.5390922595,0.010515793731927424
2025-06-20,1104207.5833124134,1,1539917.5390922595,0.28294369322962937
2025-06-25,834305.7905239363,2,1539917.5390922595,0.4582139826683594
2025-06-27,1283103.8675535847,1,1539917.5390922595,0.1667710543059725
2025-07-01,924076.1121275477,2,1539917.5390922595,0.39991844454718917
2025-07-04,1269357.2379829031,1,1539917.5390922595,0.17569791514216043
2025-07-08,1560356.8607679287,0,1560356.8607679287,0.0
2025-07-21,1089125.847976722,1,1560356.8607679287,0.3020020769859598
2025-07-24,807362.8296927481,2,1560356.8607679287,0.48257808838972577
2025-07-25,1261752.3969168712,1,1560356.8607679287,0.19136934079560458
2025-07-28,977224.0914214777,2,1560356.8607679287,0.373717566800368
2025-07-29,791471.8640175471,3,1560356.8607679287,0.4927622751451711
2025-07-30,1061595.164345745,2,1560356.8607679287,0.31964591495865785
2025-08-04,857575.0748888744,3,1560356.8607679287,0.4503981131170088
2025-08-06,857575.0748888744,3,1560356.8607679287,0.4503981131170088
2025-08-07,1050466.8983794565,2,1560356.8607679287,0.32677778731817164
2025-08-14,800454.8602784212,3,1560356.8607679287,0.48700526116539916
2025-08-20,1039309.4355796606,2,1560356.8607679287,0.33392837131618397
2025-08-21,795475.0540136606,3,1560356.8607679287,0.4901967146014482
2025-08-25,1104306.5281613725,2,1560356.8607679287,0.2922730973106442
2025-08-28,1104306.5281613725,2,1560356.8607679287,0.2922730973106442
2025-08-29,1279873.9635557986,1,1560356.8607679287,0.1797556086458905
2025-09-09,1543698.7281347003,0,1560356.8607679287,0.01067584797559068
2025-09-15,1236000.4300639518,1,1560356.8607679287,0.2078732364751132
2025-09-16,998278.7565590725,2,1560356.8607679287,0.36022407331373524
2025-09-24,855538.3866557141,2,1560356.8607679287,0.4517033839075367
2025-09-29,1321312.4568200782,1,1560356.8607679287,0.15319854704916983
2025-10-01,766674.3583115517,3,1560356.8607679287,0.5086544766853953
2025-10-13,991424.6379732902,2,1560356.8607679287,0.36461673422234886
2025-10-27,1591316.5841106086,0,1591316.5841106086,0.0
2025-11-10,1102620.8384523985,1,1591316.5841106086,0.30710152243611755
2025-11-12,809104.4659419435,2,1591316.5841106086,0.49155028356965547
2025-11-17,888212.6484320783,2,1591316.5841106086,0.4418378735564407
2025-11-24,1353065.4570144447,1,1591316.5841106086,0.14971950237628112
2025-12-05,1004462.0052542978,2,1591316.5841106086,0.36878556078412617
2025-12-09,1338610.8374775664,1,1591316.5841106086,0.1588029366100524
2025-12-18,1039874.0354227568,2,1591316.5841106086,0.3465322703188282
2025-12-19,962367.8457649839,2,1591316.5841106086,0.3952379712658785
2025-12-29,1340128.3678151295,1,1591316.5841106086,0.15784930465980715
2025-12-30,1659452.3774795423,0,1659452.3774795423,0.0
