sector,trades,wins,losses,win_rate,mean_r,net_pnl,profit_factor,max_drawdown,low_sample
Automobile,23,11,12,0.4782608695652174,0.37434381649740783,8486.769906075253,1.7268090010358064,5208.1448813068655,False
Banking & Finance,43,17,26,0.3953488372093023,0.12519067208556467,5396.408932208183,1.1986054927692424,6528.687784034724,False
Capital Goods,17,9,8,0.5294117647058824,0.5389674239580267,9236.774834913445,2.1592845062384014,3029.3264720995894,False
Cement,11,5,6,0.45454545454545453,0.30306347221746743,3048.4929355017985,1.5100109208335624,2083.3835627820927,False
Chemicals,12,7,5,0.5833333333333334,0.6815715126362306,7343.732427430377,2.3896222331827084,2112.2838194173514,False
Consumer Durables,10,5,5,0.5,0.3995738394403586,3196.936692426981,1.6252447159342205,3080.0744623504966,False
FMCG,12,5,7,0.4166666666666667,0.17262586162815727,2312.051493332719,1.3168119570534838,4353.800539561734,False
IT,13,7,6,0.5384615384615384,0.5555723477091941,7093.365180934734,2.138876183375405,3058.3050691835674,False
Infrastructure,13,6,7,0.46153846153846156,0.3214223802309793,3824.823445963105,1.5411069987793782,3000.5485391417255,False
Media,5,2,3,0.4,0.13419805398407852,677.769632825102,1.2155157023687106,3144.873553879401,True
Metals & Mining,15,7,8,0.4666666666666667,0.3411450807571317,5022.615771707622,1.6027299986006665,4112.092191435379,False
Oil & Gas,6,3,3,0.5,0.43309236939833345,2627.5569076771653,1.8204641085701145,2160.00326899173,True
Pharma & Healthcare,19,11,8,0.5789473684210527,0.6738868022527235,12213.866423212221,2.4791144343080207,2093.353748170124,False
Power,7,2,5,0.2857142857142857,-0.19384337669262738,-1373.7618195475666,0.7406516748507458,4215.046303881354,True
Real Estate,9,3,6,0.3333333333333333,-0.04497769223447282,-363.39506762934775,0.9408700342763375,2186.167487699144,True
Telecom,5,3,2,0.6,0.7314733522648434,3563.2734473705295,2.671019736234413,1029.530823351705,True
Textiles,1,0,1,0.0,-1.0255987683065588,-1021.6708546486104,0.0,0.0,True
