parameter,value,trades,win_rate,mean_r,profit_factor,net_pnl,max_drawdown
rsi_reclaim_level,35.0,13,0.38461538461538464,0.09743965031386326,1.1547423303569961,1271.5507417699905,2329.762278286045
rsi_reclaim_level,40.0,221,0.4660633484162896,0.3357326900277144,1.5875805035620336,71285.6102897537,7502.396322737393
rsi_reclaim_level,45.0,1619,0.4243360098826436,0.2083843776962024,1.3382221052754526,323111.7074595346,26934.034503380462
ema_period,40.0,71,0.5211267605633803,0.503949394283924,2.014893689588048,35351.6318030628,4026.65889802943
ema_period,50.0,221,0.4660633484162896,0.3357326900277144,1.5875805035620336,71285.6102897537,7502.396322737393
ema_period,60.0,500,0.412,0.16928048844773888,1.2778921216134091,83643.44746438618,18330.622303259057
slope_bars,3.0,136,0.47794117647058826,0.3741071143128955,1.6794750067979518,49557.83134199519,9412.065570982377
slope_bars,5.0,221,0.4660633484162896,0.3357326900277144,1.5875805035620336,71285.6102897537,7502.396322737393
slope_bars,7.0,302,0.4337748344370861,0.23938700505015367,1.4005121000197789,70145.52308909304,8681.148850206097
atr_period,10.0,220,0.4636363636363636,0.32962534048972403,1.567016754448121,68793.49522413909,7163.956515106644
atr_period,14.0,221,0.4660633484162896,0.3357326900277144,1.5875805035620336,71285.6102897537,7502.396322737393
atr_period,20.0,222,0.47297297297297297,0.35537897210509606,1.6189136849053662,74785.02007586732,7676.143115587936
stop_atr_multiple,1.25,222,0.4954954954954955,0.41363726526974204,1.7637810095729005,89223.09734557642,6655.030113921221
stop_atr_multiple,1.5,221,0.4660633484162896,0.3357326900277144,1.5875805035620336,71285.6102897537,7502.396322737393
stop_atr_multiple,1.75,219,0.4703196347031963,0.3478471296678798,1.6337395940613715,74492.56748360756,7069.221387852147
reward_risk_multiple,1.5,221,0.5294117647058824,0.2629427486572254,1.5222751053457966,55830.15384001531,8066.904189547508
reward_risk_multiple,2.0,221,0.4660633484162896,0.3357326900277144,1.5875805035620336,71285.6102897537,7502.396322737393
reward_risk_multiple,2.5,219,0.4155251141552511,0.38947497689891186,1.6278969336373201,82523.3320618887,8583.75495196314
