timestamp,severity,category,description,affected_session,resolution_status
2026-09-29 02:10:35,WARNING,DATA,"MISSING data for symbols: LTIM.NS,TATAMOTORS.NS,TVSMOTORS.NS,SUVENPHAR.NS",2026-09-29,OPEN
2026-09-28 21:03:30,WARNING,DATA,STALE data for symbols: GSPL.NS,2026-09-28,OPEN
2026-09-28 21:03:30,WARNING,DATA,"MISSING data for symbols: LTIM.NS,TATAMOTORS.NS,TVSMOTORS.NS,SUVENPHAR.NS",2026-09-28,OPEN
2026-09-28 21:03:30,WARNING,DATA,Unexpected: Missing data (DATA_DELAY),2026-09-28,OPEN
2026-09-28 21:04:38,WARNING,DATA,STALE data for symbols: GSPL.NS,2026-09-28,OPEN
2026-09-28 21:04:38,WARNING,DATA,"MISSING data for symbols: LTIM.NS,TATAMOTORS.NS,TVSMOTORS.NS,SUVENPHAR.NS",2026-09-28,OPEN
2026-09-28 21:04:38,WARNING,DATA,Unexpected: Missing data (DATA_DELAY),2026-09-28,OPEN
2026-09-28 21:11:45,WARNING,DATA,STALE data for symbols: GSPL.NS,2026-09-28,OPEN
2026-09-28 21:11:45,WARNING,DATA,"MISSING data for symbols: LTIM.NS,TATAMOTORS.NS,TVSMOTORS.NS,SUVENPHAR.NS",2026-09-28,OPEN
2026-09-28 21:11:45,WARNING,DATA,Unexpected: Missing data (DATA_DELAY),2026-09-28,OPEN
2026-09-28 21:13:34,WARNING,DATA,STALE data for symbols: GSPL.NS,2026-09-28,OPEN
2026-09-28 21:13:34,WARNING,DATA,"MISSING data for symbols: LTIM.NS,TATAMOTORS.NS,TVSMOTORS.NS,SUVENPHAR.NS",2026-09-28,OPEN
2026-09-28 21:13:34,WARNING,DATA,Unexpected: Missing data (DATA_DELAY),2026-09-28,OPEN
2026-09-28 21:20:42,WARNING,DATA,STALE data for symbols: GSPL.NS,2026-09-28,OPEN
2026-09-28 21:20:42,WARNING,DATA,"MISSING data for symbols: LTIM.NS,TATAMOTORS.NS,TVSMOTORS.NS,SUVENPHAR.NS",2026-09-28,OPEN
2026-09-28 21:20:42,WARNING,DATA,Unexpected: Missing data (DATA_DELAY),2026-09-28,OPEN
2026-09-29 16:41:13,WARNING,DATA,STALE data for symbols: GSPL.NS,2026-09-29,OPEN
2026-09-29 16:41:13,WARNING,DATA,"MISSING data for symbols: LTIM.NS,TATAMOTORS.NS,TVSMOTORS.NS,SUVENPHAR.NS",2026-09-29,OPEN
2026-09-30 16:33:18,WARNING,DATA,STALE data for symbols: GSPL.NS,2026-09-30,OPEN
2026-09-30 16:33:18,WARNING,DATA,"MISSING data for symbols: LTIM.NS,TATAMOTORS.NS,TVSMOTORS.NS,SUVENPHAR.NS",2026-09-30,OPEN
2026-10-01 17:11:12,WARNING,DATA,STALE data for symbols: GSPL.NS,2026-10-01,OPEN
2026-10-01 17:11:12,WARNING,DATA,"MISSING data for symbols: LTIM.NS,TATAMOTORS.NS,TVSMOTORS.NS,SUVENPHAR.NS",2026-10-01,OPEN
2026-10-02 16:24:43,WARNING,DATA,STALE data for symbols: GSPL.NS,2026-10-02,OPEN
2026-10-02 16:24:43,WARNING,DATA,"MISSING data for symbols: LTIM.NS,TATAMOTORS.NS,TVSMOTORS.NS,SUVENPHAR.NS",2026-10-02,OPEN
2026-10-02 16:24:43,WARNING,DATA,Unexpected: Missing data (DATA_DELAY),2026-10-02,OPEN
2026-10-05 19:26:25,WARNING,DATA,STALE data for symbols: GSPL.NS,2026-10-05,OPEN
2026-10-05 19:26:25,WARNING,DATA,"MISSING data for symbols: LTIM.NS,TATAMOTORS.NS,TVSMOTORS.NS,SUVENPHAR.NS",2026-10-05,OPEN
2026-10-05 19:26:25,WARNING,DATA,Unexpected: Missing data (DATA_DELAY),2026-10-05,OPEN
2026-10-06 16:59:19,WARNING,DATA,STALE data for symbols: GSPL.NS,2026-10-06,OPEN
2026-10-06 16:59:19,WARNING,DATA,"MISSING data for symbols: LTIM.NS,TATAMOTORS.NS,TVSMOTORS.NS,SUVENPHAR.NS",2026-10-06,OPEN
2026-10-07 17:35:30,WARNING,DATA,STALE data for symbols: GSPL.NS,2026-10-07,OPEN
2026-10-07 17:35:30,WARNING,DATA,"MISSING data for symbols: LTIM.NS,TATAMOTORS.NS,TVSMOTORS.NS,SUVENPHAR.NS",2026-10-07,OPEN
2026-10-08 17:38:39,WARNING,DATA,STALE data for symbols: GSPL.NS,2026-10-08,OPEN
2026-10-08 17:38:39,WARNING,DATA,"MISSING data for symbols: LTIM.NS,TATAMOTORS.NS,TVSMOTORS.NS,SUVENPHAR.NS",2026-10-08,OPEN
2026-10-09 17:14:42,WARNING,DATA,STALE data for symbols: GSPL.NS,2026-10-09,OPEN
2026-10-09 17:14:42,WARNING,DATA,"MISSING data for symbols: LTIM.NS,TATAMOTORS.NS,TVSMOTORS.NS,SUVENPHAR.NS",2026-10-09,OPEN
