session_id,market_date,symbol,expected,processed,data_timestamp,data_age_hours,freshness_status,failure_classification
20260929_021027,2026-09-29,HDFCBANK.NS,1,1,2026-09-25,96.0,FRESH,AVAILABLE
20260929_021027,2026-09-29,ICICIBANK.NS,1,1,2026-09-25,96.0,FRESH,AVAILABLE
20260929_021027,2026-09-29,SBIN.NS,1,1,2026-09-25,96.0,FRESH,AVAILABLE
20260929_021027,2026-09-29,KOTAKBANK.NS,1,1,2026-09-25,96.0,FRESH,AVAILABLE
20260929_021027,2026-09-29,AXISBANK.NS,1,1,2026-09-25,96.0,FRESH,AVAILABLE
20260929_021027,2026-09-29,INDUSINDBK.NS,1,1,2026-09-25,96.0,FRESH,AVAILABLE
20260929_021027,2026-09-29,BAJFINANCE.NS,1,1,2026-09-25,96.0,FRESH,AVAILABLE
20260929_021027,2026-09-29,BAJAJFINSV.NS,1,1,2026-09-25,96.0,FRESH,AVAILABLE
20260929_021027,2026-09-29,HDFCLIFE.NS,1,1,2026-09-25,96.0,FRESH,AVAILABLE
20260929_021027,2026-09-29,SBILIFE.NS,1,1,2026-09-25,96.0,FRESH,AVAILABLE
20260929_021027,2026-09-29,TCS.NS,1,1,2026-09-25,96.0,FRESH,AVAILABLE
20260929_021027,2026-09-29,INFY.NS,1,1,2026-09-25,96.0,FRESH,AVAILABLE
20260929_021027,2026-09-29,WIPRO.NS,1,1,2026-09-25,96.0,FRESH,AVAILABLE
20260929_021027,2026-09-29,HCLTECH.NS,1,1,2026-09-25,96.0,FRESH,AVAILABLE
20260929_021027,2026-09-29,TECHM.NS,1,1,2026-09-25,96.0,FRESH,AVAILABLE
20260929_021027,2026-09-29,LTIM.NS,1,0,N/A,inf,NO_DATA,NO_DATA
20260929_021027,2026-09-29,SUNPHARMA.NS,1,1,2026-09-25,96.0,FRESH,AVAILABLE
20260929_021027,2026-09-29,DRREDDY.NS,1,1,2026-09-25,96.0,FRESH,AVAILABLE
20260929_021027,2026-09-29,CIPLA.NS,1,1,2026-09-25,96.0,FRESH,AVAILABLE
20260929_021027,2026-09-29,DIVISLAB.NS,1,1,2026-09-25,96.0,FRESH,AVAILABLE
20260929_021027,2026-09-29,APOLLOHOSP.NS,1,1,2026-09-25,96.0,FRESH,AVAILABLE
20260929_021027,2026-09-29,TATAMOTORS.NS,1,0,N/A,inf,NO_DATA,NO_DATA
20260929_021027,2026-09-29,M&M.NS,1,1,2026-09-25,96.0,FRESH,AVAILABLE
20260929_021027,2026-09-29,MARUTI.NS,1,1,2026-09-25,96.0,FRESH,AVAILABLE
20260929_021027,2026-09-29,BAJAJ-AUTO.NS,1,1,2026-09-25,96.0,FRESH,AVAILABLE
20260929_021027,2026-09-29,HEROMOTOCO.NS,1,1,2026-09-25,96.0,FRESH,AVAILABLE
20260929_021027,2026-09-29,EICHERMOT.NS,1,1,2026-09-25,96.0,FRESH,AVAILABLE
20260929_021027,2026-09-29,HINDUNILVR.NS,1,1,2026-09-25,96.0,FRESH,AVAILABLE
20260929_021027,2026-09-29,ITC.NS,1,1,2026-09-25,96.0,FRESH,AVAILABLE
20260929_021027,2026-09-29,NESTLEIND.NS,1,1,2026-09-25,96.0,FRESH,AVAILABLE
20260929_021027,2026-09-29,BRITANNIA.NS,1,1,2026-09-25,96.0,FRESH,AVAILABLE
20260929_021027,2026-09-29,DABUR.NS,1,1,2026-09-25,96.0,FRESH,AVAILABLE
20260929_021027,2026-09-29,GODREJCP.NS,1,1,2026-09-25,96.0,FRESH,AVAILABLE
20260929_021027,2026-09-29,MARICO.NS,1,1,2026-09-25,96.0,FRESH,AVAILABLE
20260929_021027,2026-09-29,COLPAL.NS,1,1,2026-09-25,96.0,FRESH,AVAILABLE
20260929_021027,2026-09-29,TITAN.NS,1,1,2026-09-25,96.0,FRESH,AVAILABLE
20260929_021027,2026-09-29,RELIANCE.NS,1,1,2026-09-25,96.0,FRESH,AVAILABLE
20260929_021027,2026-09-29,ONGC.NS,1,1,2026-09-25,96.0,FRESH,AVAILABLE
20260929_021027,2026-09-29,BPCL.NS,1,1,2026-09-25,96.0,FRESH,AVAILABLE
20260929_021027,2026-09-29,NTPC.NS,1,1,2026-09-25,96.0,FRESH,AVAILABLE
20260929_021027,2026-09-29,POWERGRID.NS,1,1,2026-09-25,96.0,FRESH,AVAILABLE
20260929_021027,2026-09-29,JSWSTEEL.NS,1,1,2026-09-25,96.0,FRESH,AVAILABLE
20260929_021027,2026-09-29,TATASTEEL.NS,1,1,2026-09-25,96.0,FRESH,AVAILABLE
20260929_021027,2026-09-29,HINDALCO.NS,1,1,2026-09-25,96.0,FRESH,AVAILABLE
20260929_021027,2026-09-29,COALINDIA.NS,1,1,2026-09-25,96.0,FRESH,AVAILABLE
20260929_021027,2026-09-29,ULTRACEMCO.NS,1,1,2026-09-25,96.0,FRESH,AVAILABLE
20260929_021027,2026-09-29,GRASIM.NS,1,1,2026-09-25,96.0,FRESH,AVAILABLE
20260929_021027,2026-09-29,BHARTIARTL.NS,1,1,2026-09-25,96.0,FRESH,AVAILABLE
20260929_021027,2026-09-29,LT.NS,1,1,2026-09-25,96.0,FRESH,AVAILABLE
20260929_021027,2026-09-29,ADANIPORTS.NS,1,1,2026-09-25,96.0,FRESH,AVAILABLE
20260929_021027,2026-09-29,ASIANPAINT.NS,1,1,2026-09-25,96.0,FRESH,AVAILABLE
20260929_021027,2026-09-29,PIDILITIND.NS,1,1,2026-09-25,96.0,FRESH,AVAILABLE
20260929_021027,2026-09-29,TATACONSUM.NS,1,1,2026-09-25,96.0,FRESH,AVAILABLE
20260929_021027,2026-09-29,PNB.NS,1,1,2026-09-25,96.0,FRESH,AVAILABLE
20260929_021027,2026-09-29,BANKBARODA.NS,1,1,2026-09-25,96.0,FRESH,AVAILABLE
20260929_021027,2026-09-29,CANBK.NS,1,1,2026-09-25,96.0,FRESH,AVAILABLE
20260929_021027,2026-09-29,FEDERALBNK.NS,1,1,2026-09-25,96.0,FRESH,AVAILABLE
20260929_021027,2026-09-29,BANDHANBNK.NS,1,1,2026-09-25,96.0,FRESH,AVAILABLE
20260929_021027,2026-09-29,IDFCFIRSTB.NS,1,1,2026-09-25,96.0,FRESH,AVAILABLE
20260929_021027,2026-09-29,CHOLAFIN.NS,1,1,2026-09-25,96.0,FRESH,AVAILABLE
20260929_021027,2026-09-29,MUTHOOTFIN.NS,1,1,2026-09-25,96.0,FRESH,AVAILABLE
20260929_021027,2026-09-29,MANAPPURAM.NS,1,1,2026-09-25,96.0,FRESH,AVAILABLE
20260929_021027,2026-09-29,LICHSGFIN.NS,1,1,2026-09-25,96.0,FRESH,AVAILABLE
20260929_021027,2026-09-29,MFSL.NS,1,1,2026-09-25,96.0,FRESH,AVAILABLE
20260929_021027,2026-09-29,SBICARD.NS,1,1,2026-09-25,96.0,FRESH,AVAILABLE
20260929_021027,2026-09-29,ICICIGI.NS,1,1,2026-09-25,96.0,FRESH,AVAILABLE
20260929_021027,2026-09-29,PERSISTENT.NS,1,1,2026-09-25,96.0,FRESH,AVAILABLE
20260929_021027,2026-09-29,COFORGE.NS,1,1,2026-09-25,96.0,FRESH,AVAILABLE
20260929_021027,2026-09-29,MPHASIS.NS,1,1,2026-09-25,96.0,FRESH,AVAILABLE
20260929_021027,2026-09-29,LTTS.NS,1,1,2026-09-25,96.0,FRESH,AVAILABLE
20260929_021027,2026-09-29,TATAELXSI.NS,1,1,2026-09-25,96.0,FRESH,AVAILABLE
20260929_021027,2026-09-29,BSOFT.NS,1,1,2026-09-25,96.0,FRESH,AVAILABLE
20260929_021027,2026-09-29,LUPIN.NS,1,1,2026-09-25,96.0,FRESH,AVAILABLE
20260929_021027,2026-09-29,AUROPHARMA.NS,1,1,2026-09-25,96.0,FRESH,AVAILABLE
20260929_021027,2026-09-29,TORNTPHARM.NS,1,1,2026-09-25,96.0,FRESH,AVAILABLE
20260929_021027,2026-09-29,ALKEM.NS,1,1,2026-09-25,96.0,FRESH,AVAILABLE
20260929_021027,2026-09-29,IPCALAB.NS,1,1,2026-09-25,96.0,FRESH,AVAILABLE
20260929_021027,2026-09-29,BIOCON.NS,1,1,2026-09-25,96.0,FRESH,AVAILABLE
20260929_021027,2026-09-29,GLENMARK.NS,1,1,2026-09-25,96.0,FRESH,AVAILABLE
20260929_021027,2026-09-29,NATCOPHARM.NS,1,1,2026-09-25,96.0,FRESH,AVAILABLE
20260929_021027,2026-09-29,LALPATHLAB.NS,1,1,2026-09-25,96.0,FRESH,AVAILABLE
20260929_021027,2026-09-29,METROPOLIS.NS,1,1,2026-09-25,96.0,FRESH,AVAILABLE
20260929_021027,2026-09-29,ASHOKLEY.NS,1,1,2026-09-25,96.0,FRESH,AVAILABLE
20260929_021027,2026-09-29,BALKRISIND.NS,1,1,2026-09-25,96.0,FRESH,AVAILABLE
20260929_021027,2026-09-29,MOTHERSON.NS,1,1,2026-09-25,96.0,FRESH,AVAILABLE
20260929_021027,2026-09-29,BHARATFORG.NS,1,1,2026-09-25,96.0,FRESH,AVAILABLE
20260929_021027,2026-09-29,TVSMOTORS.NS,1,0,N/A,inf,NO_DATA,NO_DATA
20260929_021027,2026-09-29,EXIDEIND.NS,1,1,2026-09-25,96.0,FRESH,AVAILABLE
20260929_021027,2026-09-29,TRENT.NS,1,1,2026-09-25,96.0,FRESH,AVAILABLE
20260929_021027,2026-09-29,VOLTAS.NS,1,1,2026-09-25,96.0,FRESH,AVAILABLE
20260929_021027,2026-09-29,HAVELLS.NS,1,1,2026-09-25,96.0,FRESH,AVAILABLE
20260929_021027,2026-09-29,CROMPTON.NS,1,1,2026-09-25,96.0,FRESH,AVAILABLE
20260929_021027,2026-09-29,PAGEIND.NS,1,1,2026-09-25,96.0,FRESH,AVAILABLE
20260929_021027,2026-09-29,INDHOTEL.NS,1,1,2026-09-25,96.0,FRESH,AVAILABLE
20260929_021027,2026-09-29,WHIRLPOOL.NS,1,1,2026-09-25,96.0,FRESH,AVAILABLE
20260929_021027,2026-09-29,DIXON.NS,1,1,2026-09-25,96.0,FRESH,AVAILABLE
20260929_021027,2026-09-29,SRF.NS,1,1,2026-09-25,96.0,FRESH,AVAILABLE
20260929_021027,2026-09-29,PIIND.NS,1,1,2026-09-25,96.0,FRESH,AVAILABLE
20260929_021027,2026-09-29,AARTIIND.NS,1,1,2026-09-25,96.0,FRESH,AVAILABLE
20260929_021027,2026-09-29,DEEPAKNTR.NS,1,1,2026-09-25,96.0,FRESH,AVAILABLE
20260929_021027,2026-09-29,ATUL.NS,1,1,2026-09-25,96.0,FRESH,AVAILABLE
20260929_021027,2026-09-29,BERGEPAINT.NS,1,1,2026-09-25,96.0,FRESH,AVAILABLE
20260929_021027,2026-09-29,UPL.NS,1,1,2026-09-25,96.0,FRESH,AVAILABLE
20260929_021027,2026-09-29,ACC.NS,1,1,2026-09-25,96.0,FRESH,AVAILABLE
20260929_021027,2026-09-29,AMBUJACEM.NS,1,1,2026-09-25,96.0,FRESH,AVAILABLE
20260929_021027,2026-09-29,RAMCOCEM.NS,1,1,2026-09-25,96.0,FRESH,AVAILABLE
20260929_021027,2026-09-29,SHREECEM.NS,1,1,2026-09-25,96.0,FRESH,AVAILABLE
20260929_021027,2026-09-29,DALBHARAT.NS,1,1,2026-09-25,96.0,FRESH,AVAILABLE
20260929_021027,2026-09-29,ABB.NS,1,1,2026-09-25,96.0,FRESH,AVAILABLE
20260929_021027,2026-09-29,SIEMENS.NS,1,1,2026-09-25,96.0,FRESH,AVAILABLE
20260929_021027,2026-09-29,CUMMINSIND.NS,1,1,2026-09-25,96.0,FRESH,AVAILABLE
20260929_021027,2026-09-29,HONAUT.NS,1,1,2026-09-25,96.0,FRESH,AVAILABLE
20260929_021027,2026-09-29,THERMAX.NS,1,1,2026-09-25,96.0,FRESH,AVAILABLE
20260929_021027,2026-09-29,BEL.NS,1,1,2026-09-25,96.0,FRESH,AVAILABLE
20260929_021027,2026-09-29,HAL.NS,1,1,2026-09-25,96.0,FRESH,AVAILABLE
20260929_021027,2026-09-29,SAIL.NS,1,1,2026-09-25,96.0,FRESH,AVAILABLE
20260929_021027,2026-09-29,NMDC.NS,1,1,2026-09-25,96.0,FRESH,AVAILABLE
20260929_021027,2026-09-29,VEDL.NS,1,1,2026-09-25,96.0,FRESH,AVAILABLE
20260929_021027,2026-09-29,NATIONALUM.NS,1,1,2026-09-25,96.0,FRESH,AVAILABLE
20260929_021027,2026-09-29,JINDALSTEL.NS,1,1,2026-09-25,96.0,FRESH,AVAILABLE
20260929_021027,2026-09-29,HINDPETRO.NS,1,1,2026-09-25,96.0,FRESH,AVAILABLE
20260929_021027,2026-09-29,IOC.NS,1,1,2026-09-25,96.0,FRESH,AVAILABLE
20260929_021027,2026-09-29,PETRONET.NS,1,1,2026-09-25,96.0,FRESH,AVAILABLE
20260929_021027,2026-09-29,GAIL.NS,1,1,2026-09-25,96.0,FRESH,AVAILABLE
20260929_021027,2026-09-29,DLF.NS,1,1,2026-09-25,96.0,FRESH,AVAILABLE
20260929_021027,2026-09-29,GODREJPROP.NS,1,1,2026-09-25,96.0,FRESH,AVAILABLE
20260929_021027,2026-09-29,OBEROIRLTY.NS,1,1,2026-09-25,96.0,FRESH,AVAILABLE
20260929_021027,2026-09-29,PRESTIGE.NS,1,1,2026-09-25,96.0,FRESH,AVAILABLE
20260929_021027,2026-09-29,PHOENIXLTD.NS,1,1,2026-09-25,96.0,FRESH,AVAILABLE
20260929_021027,2026-09-29,CONCOR.NS,1,1,2026-09-25,96.0,FRESH,AVAILABLE
20260929_021027,2026-09-29,IRCTC.NS,1,1,2026-09-25,96.0,FRESH,AVAILABLE
20260929_021027,2026-09-29,EMAMILTD.NS,1,1,2026-09-25,96.0,FRESH,AVAILABLE
20260929_021027,2026-09-29,VBL.NS,1,1,2026-09-25,96.0,FRESH,AVAILABLE
20260929_021027,2026-09-29,JUBLFOOD.NS,1,1,2026-09-25,96.0,FRESH,AVAILABLE
20260929_021027,2026-09-29,TATACOMM.NS,1,1,2026-09-25,96.0,FRESH,AVAILABLE
20260929_021027,2026-09-29,KPITTECH.NS,1,1,2026-09-25,96.0,FRESH,AVAILABLE
20260929_021027,2026-09-29,HAPPSTMNDS.NS,1,1,2026-09-25,96.0,FRESH,AVAILABLE
20260929_021027,2026-09-29,ROUTE.NS,1,1,2026-09-25,96.0,FRESH,AVAILABLE
20260929_021027,2026-09-29,MASTEK.NS,1,1,2026-09-25,96.0,FRESH,AVAILABLE
20260929_021027,2026-09-29,SONATSOFTW.NS,1,1,2026-09-25,96.0,FRESH,AVAILABLE
20260929_021027,2026-09-29,GRANULES.NS,1,1,2026-09-25,96.0,FRESH,AVAILABLE
20260929_021027,2026-09-29,LAURUSLABS.NS,1,1,2026-09-25,96.0,FRESH,AVAILABLE
20260929_021027,2026-09-29,SYNGENE.NS,1,1,2026-09-25,96.0,FRESH,AVAILABLE
20260929_021027,2026-09-29,SUVENPHAR.NS,1,0,N/A,inf,NO_DATA,NO_DATA
20260929_021027,2026-09-29,ASTRAZEN.NS,1,1,2026-09-25,96.0,FRESH,AVAILABLE
20260929_021027,2026-09-29,FINEORG.NS,1,1,2026-09-25,96.0,FRESH,AVAILABLE
20260929_021027,2026-09-29,GALAXYSURF.NS,1,1,2026-09-25,96.0,FRESH,AVAILABLE
20260929_021027,2026-09-29,BALAMINES.NS,1,1,2026-09-25,96.0,FRESH,AVAILABLE
20260929_021027,2026-09-29,SUDARSCHEM.NS,1,1,2026-09-25,96.0,FRESH,AVAILABLE
20260929_021027,2026-09-29,CLEAN.NS,1,1,2026-09-25,96.0,FRESH,AVAILABLE
20260929_021027,2026-09-29,ENDURANCE.NS,1,1,2026-09-25,96.0,FRESH,AVAILABLE
20260929_021027,2026-09-29,SUNDRMFAST.NS,1,1,2026-09-25,96.0,FRESH,AVAILABLE
20260929_021027,2026-09-29,TIINDIA.NS,1,1,2026-09-25,96.0,FRESH,AVAILABLE
20260929_021027,2026-09-29,CDSL.NS,1,1,2026-09-25,96.0,FRESH,AVAILABLE
20260929_021027,2026-09-29,UJJIVANSFB.NS,1,1,2026-09-25,96.0,FRESH,AVAILABLE
20260929_021027,2026-09-29,EQUITASBNK.NS,1,1,2026-09-25,96.0,FRESH,AVAILABLE
20260929_021027,2026-09-29,RBLBANK.NS,1,1,2026-09-25,96.0,FRESH,AVAILABLE
20260929_021027,2026-09-29,CREDITACC.NS,1,1,2026-09-25,96.0,FRESH,AVAILABLE
20260929_021027,2026-09-29,TTKPRESTIG.NS,1,1,2026-09-25,96.0,FRESH,AVAILABLE
20260929_021027,2026-09-29,RAJESHEXPO.NS,1,1,2026-09-25,96.0,FRESH,AVAILABLE
20260929_021027,2026-09-29,RADICO.NS,1,1,2026-09-25,96.0,FRESH,AVAILABLE
20260929_021027,2026-09-29,ELGIEQUIP.NS,1,1,2026-09-25,96.0,FRESH,AVAILABLE
20260929_021027,2026-09-29,GRINDWELL.NS,1,1,2026-09-25,96.0,FRESH,AVAILABLE
20260929_021027,2026-09-29,CARBORUNIV.NS,1,1,2026-09-25,96.0,FRESH,AVAILABLE
20260929_021027,2026-09-29,PRAJIND.NS,1,1,2026-09-25,96.0,FRESH,AVAILABLE
20260929_021027,2026-09-29,AFFLE.NS,1,1,2026-09-25,96.0,FRESH,AVAILABLE
20260929_021027,2026-09-29,BLUEDART.NS,1,1,2026-09-25,96.0,FRESH,AVAILABLE
20260929_021027,2026-09-29,APLAPOLLO.NS,1,1,2026-09-25,96.0,FRESH,AVAILABLE
20260929_021027,2026-09-29,ASTRAL.NS,1,1,2026-09-25,96.0,FRESH,AVAILABLE
20260929_021027,2026-09-29,RATNAMANI.NS,1,1,2026-09-25,96.0,FRESH,AVAILABLE
20260929_021027,2026-09-29,HLEGLAS.NS,1,1,2026-09-25,96.0,FRESH,AVAILABLE
20260929_021027,2026-09-29,PVRINOX.NS,1,1,2026-09-25,96.0,FRESH,AVAILABLE
20260929_021027,2026-09-29,RAYMOND.NS,1,1,2026-09-25,96.0,FRESH,AVAILABLE
20260929_021027,2026-09-29,ARVIND.NS,1,1,2026-09-25,96.0,FRESH,AVAILABLE
20260929_021027,2026-09-29,TATAPOWER.NS,1,1,2026-09-25,96.0,FRESH,AVAILABLE
20260929_021027,2026-09-29,NHPC.NS,1,1,2026-09-25,96.0,FRESH,AVAILABLE
20260929_021027,2026-09-29,SJVN.NS,1,1,2026-09-25,96.0,FRESH,AVAILABLE
20260929_021027,2026-09-29,BRIGADE.NS,1,1,2026-09-25,96.0,FRESH,AVAILABLE
20260929_021027,2026-09-29,SOBHA.NS,1,1,2026-09-25,96.0,FRESH,AVAILABLE
20260929_021027,2026-09-29,JKCEMENT.NS,1,1,2026-09-25,96.0,FRESH,AVAILABLE
20260929_021027,2026-09-29,JKLAKSHMI.NS,1,1,2026-09-25,96.0,FRESH,AVAILABLE
20260929_021027,2026-09-29,ZYDUSWELL.NS,1,1,2026-09-25,96.0,FRESH,AVAILABLE
20260929_021027,2026-09-29,GSPL.NS,1,1,2026-05-11,3384.0,STALE,UNRESOLVED
20260929_021027,2026-09-29,MRPL.NS,1,1,2026-09-25,96.0,FRESH,AVAILABLE
