file,status,rows,invalid_ohlc,duplicate_timestamps,missing_ohlcv,non_chronological,missing_columns
^NSEI_2019-01-01_2025-12-31.csv,ok,1726,0,0,0,False,
AARTIIND_NS_2019-01-01_2025-12-31.csv,ok,1729,0,0,0,False,
ABB_NS_2019-01-01_2025-12-31.csv,ok,1729,0,0,0,False,
ACC_NS_2019-01-01_2025-12-31.csv,ok,1729,0,0,0,False,
ADANIPORTS_NS_2019-01-01_2025-12-31.csv,ok,1729,0,0,0,False,
AFFLE_NS_2019-01-01_2025-12-31.csv,ok,1581,0,0,0,False,
ALKEM_NS_2019-01-01_2025-12-31.csv,ok,1729,0,0,0,False,
AMBUJACEM_NS_2019-01-01_2025-12-31.csv,ok,1729,0,0,0,False,
APLAPOLLO_NS_2019-01-01_2025-12-31.csv,ok,1729,0,0,0,False,
APOLLOHOSP_NS_2019-01-01_2025-12-31.csv,ok,1729,0,0,0,False,
ARVIND_NS_2019-01-01_2025-12-31.csv,ok,1729,0,0,0,False,
ASHOKLEY_NS_2019-01-01_2025-12-31.csv,ok,1729,0,0,0,False,
ASIANPAINT_NS_2019-01-01_2025-12-31.csv,ok,1729,0,0,0,False,
ASTRAL_NS_2019-01-01_2025-12-31.csv,ok,1729,0,0,0,False,
ASTRAZEN_NS_2019-01-01_2025-12-31.csv,ok,1729,0,0,0,False,
ATUL_NS_2019-01-01_2025-12-31.csv,ok,1729,0,0,0,False,
AUROPHARMA_NS_2019-01-01_2025-12-31.csv,ok,1729,0,0,0,False,
AXISBANK_NS_2019-01-01_2025-12-31.csv,ok,1729,0,0,0,False,
BAJAJ-AUTO_NS_2019-01-01_2025-12-31.csv,ok,1729,0,0,0,False,
BAJAJFINSV_NS_2019-01-01_2025-12-31.csv,ok,1729,0,0,0,False,
BAJFINANCE_NS_2019-01-01_2025-12-31.csv,ok,1729,0,0,0,False,
BALAMINES_NS_2019-01-01_2025-12-31.csv,ok,1729,0,0,0,False,
BALKRISIND_NS_2019-01-01_2025-12-31.csv,ok,1729,0,0,0,False,
BANDHANBNK_NS_2019-01-01_2025-12-31.csv,ok,1729,0,0,0,False,
BANKBARODA_NS_2019-01-01_2025-12-31.csv,ok,1729,0,0,0,False,
BEL_NS_2019-01-01_2025-12-31.csv,ok,1729,0,0,0,False,
BERGEPAINT_NS_2019-01-01_2025-12-31.csv,ok,1729,0,0,0,False,
BHARATFORG_NS_2019-01-01_2025-12-31.csv,ok,1729,0,0,0,False,
BHARTIARTL_NS_2019-01-01_2025-12-31.csv,ok,1729,0,0,0,False,
BIOCON_NS_2019-01-01_2025-12-31.csv,ok,1729,0,0,0,False,
BLUEDART_NS_2019-01-01_2025-12-31.csv,ok,1729,0,0,0,False,
BPCL_NS_2019-01-01_2025-12-31.csv,ok,1729,0,0,0,False,
BRIGADE_NS_2019-01-01_2025-12-31.csv,ok,1729,0,0,0,False,
BRITANNIA_NS_2019-01-01_2025-12-31.csv,ok,1729,0,0,0,False,
BSOFT_NS_2019-01-01_2025-12-31.csv,ok,1729,0,0,0,False,
CANBK_NS_2019-01-01_2025-12-31.csv,ok,1729,0,0,0,False,
CARBORUNIV_NS_2019-01-01_2025-12-31.csv,ok,1729,0,0,0,False,
CDSL_NS_2019-01-01_2025-12-31.csv,ok,1729,0,0,0,False,
CDSL_NS_2024-01-01_2025-12-31.csv,ok,494,0,0,0,False,
CDSL_NS_2025-01-01_2025-12-31.csv,ok,248,0,0,0,False,
CHOLAFIN_NS_2019-01-01_2025-12-31.csv,ok,1729,0,0,0,False,
CIPLA_NS_2019-01-01_2025-12-31.csv,ok,1729,0,0,0,False,
CLEAN_NS_2019-01-01_2025-12-31.csv,ok,1101,0,0,0,False,
COALINDIA_NS_2019-01-01_2025-12-31.csv,ok,1729,0,0,0,False,
COFORGE_NS_2019-01-01_2025-12-31.csv,ok,1729,0,0,0,False,
COLPAL_NS_2019-01-01_2025-12-31.csv,ok,1729,0,0,0,False,
CONCOR_NS_2019-01-01_2025-12-31.csv,ok,1729,0,0,0,False,
CREDITACC_NS_2019-01-01_2025-12-31.csv,ok,1729,0,0,0,False,
CROMPTON_NS_2019-01-01_2025-12-31.csv,ok,1729,0,0,0,False,
CUMMINSIND_NS_2019-01-01_2025-12-31.csv,ok,1729,0,0,0,False,
DABUR_NS_2019-01-01_2025-12-31.csv,ok,1729,0,0,0,False,
DALBHARAT_NS_2019-01-01_2025-12-31.csv,ok,1729,0,0,0,False,
DEEPAKNTR_NS_2019-01-01_2025-12-31.csv,ok,1729,0,0,0,False,
DIVISLAB_NS_2019-01-01_2025-12-31.csv,ok,1729,0,0,0,False,
DIXON_NS_2019-01-01_2025-12-31.csv,ok,1729,0,0,0,False,
DIXON_NS_2024-01-01_2025-12-31.csv,ok,494,0,0,0,False,
Dixon_NS_2025-01-01_2025-12-31.csv,ok,248,0,0,0,False,
DLF_NS_2019-01-01_2025-12-31.csv,ok,1729,0,0,0,False,
DRREDDY_NS_2019-01-01_2025-12-31.csv,ok,1729,0,0,0,False,
EICHERMOT_NS_2019-01-01_2025-12-31.csv,ok,1729,0,0,0,False,
ELGIEQUIP_NS_2019-01-01_2025-12-31.csv,ok,1729,0,0,0,False,
EMAMILTD_NS_2019-01-01_2025-12-31.csv,ok,1729,0,0,0,False,
ENDURANCE_NS_2019-01-01_2025-12-31.csv,ok,1729,0,0,0,False,
EQUITASBNK_NS_2019-01-01_2025-12-31.csv,ok,1277,0,0,0,False,
EXIDEIND_NS_2019-01-01_2025-12-31.csv,ok,1729,0,0,0,False,
FEDERALBNK_NS_2019-01-01_2025-12-31.csv,ok,1729,0,0,0,False,
FINEORG_NS_2019-01-01_2025-12-31.csv,ok,1729,0,0,0,False,
GAIL_NS_2019-01-01_2025-12-31.csv,ok,1729,0,0,0,False,
GALAXYSURF_NS_2019-01-01_2025-12-31.csv,ok,1729,0,0,0,False,
GLENMARK_NS_2019-01-01_2025-12-31.csv,ok,1729,0,0,0,False,
GODREJCP_NS_2019-01-01_2025-12-31.csv,ok,1729,0,0,0,False,
GODREJPROP_NS_2019-01-01_2025-12-31.csv,ok,1729,0,0,0,False,
GRANULES_NS_2019-01-01_2025-12-31.csv,ok,1729,0,0,0,False,
GRASIM_NS_2019-01-01_2025-12-31.csv,ok,1729,0,0,0,False,
GRINDWELL_NS_2019-01-01_2025-12-31.csv,ok,1729,0,0,0,False,
HAL_NS_2019-01-01_2025-12-31.csv,ok,1729,0,0,0,False,
HAPPSTMNDS_NS_2019-01-01_2025-12-31.csv,ok,1308,0,0,0,False,
HAVELLS_NS_2019-01-01_2025-12-31.csv,ok,1729,0,0,0,False,
HCLTECH_NS_2019-01-01_2025-12-31.csv,ok,1729,0,0,0,False,
HDFCBANK_NS_2019-01-01_2025-12-31.csv,ok,1729,0,0,0,False,
HDFCLIFE_NS_2019-01-01_2025-12-31.csv,ok,1729,0,0,0,False,
HEROMOTOCO_NS_2019-01-01_2025-12-31.csv,ok,1729,0,0,0,False,
HINDALCO_NS_2019-01-01_2025-12-31.csv,ok,1729,0,0,0,False,
HINDPETRO_NS_2019-01-01_2025-12-31.csv,ok,1729,0,0,0,False,
HINDUNILVR_NS_2019-01-01_2025-12-31.csv,ok,1729,0,0,0,False,
HLEGLAS_NS_2019-01-01_2025-12-31.csv,ok,1200,0,0,0,False,
HONAUT_NS_2019-01-01_2025-12-31.csv,ok,1729,0,0,0,False,
ICICIBANK_NS_2019-01-01_2025-12-31.csv,ok,1729,0,0,0,False,
ICICIGI_NS_2019-01-01_2025-12-31.csv,ok,1729,0,0,0,False,
IDFCFIRSTB_NS_2019-01-01_2025-12-31.csv,ok,1729,0,0,0,False,
INDHOTEL_NS_2019-01-01_2025-12-31.csv,ok,1729,0,0,0,False,
INDHOTEL_NS_2024-01-01_2025-12-31.csv,ok,494,0,0,0,False,
INDUSINDBK_NS_2019-01-01_2025-12-31.csv,ok,1729,0,0,0,False,
INFY_NS_2019-01-01_2025-12-31.csv,ok,1729,0,0,0,False,
IOC_NS_2019-01-01_2025-12-31.csv,ok,1729,0,0,0,False,
IPCALAB_NS_2019-01-01_2025-12-31.csv,ok,1729,0,0,0,False,
IRCTC_NS_2019-01-01_2025-12-31.csv,ok,1540,0,0,0,False,
ITC_NS_2019-01-01_2025-12-31.csv,ok,1729,0,0,0,False,
JINDALSTEL_NS_2019-01-01_2025-12-31.csv,ok,1729,0,0,0,False,
JKCEMENT_NS_2019-01-01_2025-12-31.csv,ok,1729,0,0,0,False,
JKLAKSHMI_NS_2019-01-01_2025-12-31.csv,ok,1729,0,0,0,False,
JSWSTEEL_NS_2019-01-01_2025-12-31.csv,ok,1729,0,0,0,False,
JUBLFOOD_NS_2019-01-01_2025-12-31.csv,ok,1729,0,0,0,False,
KOTAKBANK_NS_2019-01-01_2025-12-31.csv,ok,1729,0,0,0,False,
KPITTECH_NS_2019-01-01_2025-12-31.csv,ok,1656,0,0,0,False,
KPITTECH_NS_2024-01-01_2025-12-31.csv,ok,494,0,0,0,False,
KPITTECH_NS_2025-01-01_2025-12-31.csv,ok,248,0,0,0,False,
LALPATHLAB_NS_2019-01-01_2025-12-31.csv,ok,1729,0,0,0,False,
LAURUSLABS_NS_2019-01-01_2025-12-31.csv,ok,1729,0,0,0,False,
LICHSGFIN_NS_2019-01-01_2025-12-31.csv,ok,1729,0,0,0,False,
LT_NS_2019-01-01_2025-12-31.csv,ok,1729,0,0,0,False,
LTTS_NS_2019-01-01_2025-12-31.csv,ok,1729,0,0,0,False,
LUPIN_NS_2019-01-01_2025-12-31.csv,ok,1729,0,0,0,False,
M&M_NS_2019-01-01_2025-12-31.csv,ok,1729,0,0,0,False,
MANAPPURAM_NS_2019-01-01_2025-12-31.csv,ok,1729,0,0,0,False,
MARICO_NS_2019-01-01_2025-12-31.csv,ok,1729,0,0,0,False,
MARUTI_NS_2019-01-01_2025-12-31.csv,ok,1729,0,0,0,False,
MASTEK_NS_2019-01-01_2025-12-31.csv,ok,1729,0,0,0,False,
METROPOLIS_NS_2019-01-01_2025-12-31.csv,ok,1659,0,0,0,False,
MFSL_NS_2019-01-01_2025-12-31.csv,ok,1729,0,0,0,False,
MOTHERSON_NS_2019-01-01_2025-12-31.csv,ok,1729,0,0,0,False,
MPHASIS_NS_2019-01-01_2025-12-31.csv,ok,1729,0,0,0,False,
MRPL_NS_2019-01-01_2025-12-31.csv,ok,1729,0,0,0,False,
MUTHOOTFIN_NS_2019-01-01_2025-12-31.csv,ok,1729,0,0,0,False,
NATCOPHARM_NS_2019-01-01_2025-12-31.csv,ok,1729,0,0,0,False,
NATIONALUM_NS_2019-01-01_2025-12-31.csv,ok,1729,0,0,0,False,
NESTLEIND_NS_2019-01-01_2025-12-31.csv,ok,1729,0,0,0,False,
NHPC_NS_2019-01-01_2025-12-31.csv,ok,1729,0,0,0,False,
NMDC_NS_2019-01-01_2025-12-31.csv,ok,1729,0,0,0,False,
NTPC_NS_2019-01-01_2025-12-31.csv,ok,1729,0,0,0,False,
OBEROIRLTY_NS_2019-01-01_2025-12-31.csv,ok,1729,0,0,0,False,
ONGC_NS_2019-01-01_2025-12-31.csv,ok,1729,0,0,0,False,
PAGEIND_NS_2019-01-01_2025-12-31.csv,ok,1729,0,0,0,False,
PERSISTENT_NS_2019-01-01_2025-12-31.csv,ok,1729,0,0,0,False,
PERSISTENT_NS_2024-01-01_2025-12-31.csv,ok,494,0,0,0,False,
PERSISTENT_NS_2025-01-01_2025-12-31.csv,ok,248,0,0,0,False,
PETRONET_NS_2019-01-01_2025-12-31.csv,ok,1729,0,0,0,False,
PHOENIXLTD_NS_2019-01-01_2025-12-31.csv,ok,1729,0,0,0,False,
PIDILITIND_NS_2019-01-01_2025-12-31.csv,ok,1729,0,0,0,False,
PIIND_NS_2019-01-01_2025-12-31.csv,ok,1729,0,0,0,False,
PNB_NS_2019-01-01_2025-12-31.csv,ok,1729,0,0,0,False,
POLYCAB_NS_2019-01-01_2025-12-31.csv,ok,1658,0,0,0,False,
POLYCAB_NS_2024-01-01_2025-12-31.csv,ok,494,0,0,0,False,
POLYCAB_NS_2025-01-01_2025-12-31.csv,ok,248,0,0,0,False,
POWERGRID_NS_2019-01-01_2025-12-31.csv,ok,1729,0,0,0,False,
PRAJIND_NS_2019-01-01_2025-12-31.csv,ok,1729,0,0,0,False,
PRESTIGE_NS_2019-01-01_2025-12-31.csv,ok,1729,0,0,0,False,
PVRINOX_NS_2019-01-01_2025-12-31.csv,ok,1728,0,0,0,False,
RADICO_NS_2019-01-01_2025-12-31.csv,ok,1729,0,0,0,False,
RAJESHEXPO_NS_2019-01-01_2025-12-31.csv,ok,1729,0,0,0,False,
RAMCOCEM_NS_2019-01-01_2025-12-31.csv,ok,1729,0,0,0,False,
RATNAMANI_NS_2019-01-01_2025-12-31.csv,ok,1729,0,0,0,False,
RAYMOND_NS_2019-01-01_2025-12-31.csv,ok,1729,0,0,0,False,
RBLBANK_NS_2019-01-01_2025-12-31.csv,ok,1729,0,0,0,False,
RELIANCE_NS_2019-01-01_2025-12-31.csv,ok,1729,0,0,0,False,
RELIANCE_NS_2020-01-01_2025-12-31.csv,ok,1486,0,0,0,False,
RELIANCE_NS_2024-01-01_2025-12-31.csv,ok,494,0,0,0,False,
RELIANCE_NS_2025-01-01_2025-12-31.csv,ok,248,0,0,0,False,
ROUTE_NS_2019-01-01_2025-12-31.csv,ok,1306,0,0,0,False,
ROUTE_NS_2024-01-01_2025-12-31.csv,ok,494,0,0,0,False,
ROUTE_NS_2025-01-01_2025-12-31.csv,ok,248,0,0,0,False,
SAIL_NS_2019-01-01_2025-12-31.csv,ok,1729,0,0,0,False,
SBICARD_NS_2019-01-01_2025-12-31.csv,ok,1435,0,0,0,False,
SBILIFE_NS_2019-01-01_2025-12-31.csv,ok,1729,0,0,0,False,
SBIN_NS_2019-01-01_2025-12-31.csv,ok,1729,0,0,0,False,
SHREECEM_NS_2019-01-01_2025-12-31.csv,ok,1729,0,0,0,False,
SIEMENS_NS_2019-01-01_2025-12-31.csv,ok,1729,0,0,0,False,
SJVN_NS_2019-01-01_2025-12-31.csv,ok,1729,0,0,0,False,
SOBHA_NS_2019-01-01_2025-12-31.csv,ok,1729,0,0,0,False,
SONATSOFTW_NS_2019-01-01_2025-12-31.csv,ok,1729,0,0,0,False,
SRF_NS_2019-01-01_2025-12-31.csv,ok,1729,0,0,0,False,
SUDARSCHEM_NS_2019-01-01_2025-12-31.csv,ok,1729,0,0,0,False,
SUNDRMFAST_NS_2019-01-01_2025-12-31.csv,ok,1729,0,0,0,False,
SUNPHARMA_NS_2019-01-01_2025-12-31.csv,ok,1729,0,0,0,False,
SYNGENE_NS_2019-01-01_2025-12-31.csv,ok,1729,0,0,0,False,
TATACOMM_NS_2019-01-01_2025-12-31.csv,ok,1729,0,0,0,False,
TATACONSUM_NS_2019-01-01_2025-12-31.csv,ok,1729,0,0,0,False,
TATAELXSI_NS_2019-01-01_2025-12-31.csv,ok,1729,0,0,0,False,
TATAPOWER_NS_2019-01-01_2025-12-31.csv,ok,1729,0,0,0,False,
TATASTEEL_NS_2019-01-01_2025-12-31.csv,ok,1729,0,0,0,False,
TCS_NS_2019-01-01_2025-12-31.csv,ok,1729,0,0,0,False,
TCS_NS_2024-01-01_2025-12-31.csv,ok,494,0,0,0,False,
TCS_NS_2025-01-01_2025-12-31.csv,ok,248,0,0,0,False,
TECHM_NS_2019-01-01_2025-12-31.csv,ok,1729,0,0,0,False,
THERMAX_NS_2019-01-01_2025-12-31.csv,ok,1729,0,0,0,False,
TIINDIA_NS_2019-01-01_2025-12-31.csv,ok,1729,0,0,0,False,
TITAN_NS_2019-01-01_2025-12-31.csv,ok,1729,0,0,0,False,
TORNTPHARM_NS_2019-01-01_2025-12-31.csv,ok,1729,0,0,0,False,
TRENT_NS_2019-01-01_2025-12-31.csv,ok,1729,0,0,0,False,
TRENT_NS_2024-01-01_2025-12-31.csv,ok,494,0,0,0,False,
TRENT_NS_2025-01-01_2025-12-31.csv,ok,248,0,0,0,False,
TTKPRESTIG_NS_2019-01-01_2025-12-31.csv,ok,1729,0,0,0,False,
UJJIVANSFB_NS_2019-01-01_2025-12-31.csv,ok,1499,0,0,0,False,
ULTRACEMCO_NS_2019-01-01_2025-12-31.csv,ok,1729,0,0,0,False,
UPL_NS_2019-01-01_2025-12-31.csv,ok,1729,0,0,0,False,
VBL_NS_2019-01-01_2025-12-31.csv,ok,1729,0,0,0,False,
VEDL_NS_2019-01-01_2025-12-31.csv,ok,1729,0,0,0,False,
VOLTAS_NS_2019-01-01_2025-12-31.csv,ok,1729,0,0,0,False,
WHIRLPOOL_NS_2019-01-01_2025-12-31.csv,ok,1729,0,0,0,False,
WIPRO_NS_2019-01-01_2025-12-31.csv,ok,1729,0,0,0,False,
ZYDUSWELL_NS_2019-01-01_2025-12-31.csv,ok,1729,0,0,0,False,
