trade_id,symbol,entry_price,initial_risk,stop_price,target_price,exit_price,gross_pnl,costs,net_pnl,r_multiple,exit_reason,risk_check,target_check,classification
1,ICICIBANK.NS,507.6665028126829,17.286570612536195,490.3799322001467,542.2396440377553,490.1347422340466,-999.3103529822688,63.2755613971866,-1062.5859143794553,-1.0784011800171018,STOP,True,True,other
2,ICICIBANK.NS,832.3326624655173,28.216277479639984,804.1163849858773,888.7652174247972,888.3208348160848,1959.586032269864,66.77425265853834,1892.8117796113252,1.9166361189687873,TARGET,True,True,other
3,ICICIBANK.NS,1053.055318167675,29.337194556153918,1023.7181236115212,1111.729707279983,1111.1738424263426,1976.0298247946969,81.62002001228883,1894.409804782408,1.8992250717132402,TARGET,True,True,other
4,ICICIBANK.NS,1091.3196618309426,47.19277779461845,1044.126884036324,1185.70521742018,1185.11236481147,1969.646762591074,52.97451605279824,1916.672246538276,1.933984631614988,TARGET,True,True,other
1,SBIN.NS,327.3663916423031,17.362240603274245,310.00415103902884,362.0908728488516,309.8491489635093,-998.4828326912444,40.43604336299021,-1038.9188760542347,-1.0497865664229218,STOP,True,True,other
2,SBIN.NS,558.0643133165967,17.608525984744915,540.4557873318518,593.2813652860865,540.1855594381858,-1001.2102171910084,68.41770429999045,-1069.6279214909987,-1.0847301253154977,STOP,True,True,other
3,SBIN.NS,586.0594324928012,20.079906551525255,565.9795259412759,626.2192455958517,625.9061359730538,1952.4884705323768,65.84517825312795,1886.6432922792487,1.9174852349751055,TARGET,True,True,other
1,KOTAKBANK.NS,375.9664693234425,11.860175018496022,364.10629430494646,399.6868193604345,363.924241157794,-1011.5471659144748,69.13947278764228,-1080.686638702117,-1.0847493487526623,STOP,True,True,other
1,AXISBANK.NS,746.5795709457631,34.54157947380088,712.0379914719622,815.6627298933648,711.6819724762262,-977.1327571470327,45.446112928604045,-1022.5788700756368,-1.0572960034723649,STOP,True,True,other
1,INDUSINDBK.NS,1174.24546805372,48.235298767463064,1126.010169286257,1270.7160655886462,1125.4471642016138,-975.966077042126,51.18276235518948,-1027.1488393973154,-1.0647273528345746,STOP,True,True,other
1,BAJFINANCE.NS,435.0176222907096,18.86116059486062,416.156461695849,472.73994348043067,415.948383465001,-1010.669657762551,50.19342441206264,-1060.8630821746135,-1.0612435257449886,STOP,True,True,other
2,BAJFINANCE.NS,483.91562776592144,22.958856205180552,460.9567715607409,529.8333401762825,460.7262931749605,-997.1413874113198,45.21234412335231,-1042.353731534672,-1.0558358934634073,STOP,True,True,other
1,BAJAJFINSV.NS,950.9889137897044,34.46968631108996,916.5192274786144,1019.928286411884,916.0609678648752,-1012.9104318200452,60.242685064339774,-1073.153116884385,-1.0735601002745205,STOP,True,True,other
2,BAJAJFINSV.NS,891.4787972269488,41.464095290906926,850.0147019360419,974.4069878087628,973.9197843148582,1978.5836901098264,49.60071192337879,1928.982978186448,1.938406956521604,TARGET,True,True,other
3,BAJAJFINSV.NS,972.6375737027035,47.80015053196519,924.8374231707384,1068.2378747666344,1067.7037558292511,1901.3236425309487,45.2030074118197,1856.1206351191292,1.9415426671908635,TARGET,True,True,other
1,SBILIFE.NS,872.7958507723461,35.689956121317664,837.1058946510284,944.1757630149814,836.6873417037028,-1011.0382539220104,53.26524863023107,-1064.3035025522415,-1.065029030791154,STOP,True,True,other
2,SBILIFE.NS,1267.1762247993297,37.89583614360572,1229.280388655724,1342.9678970865411,1342.296413137998,1953.1248968053728,75.24607551341776,1877.878821291955,1.905911463136194,TARGET,True,True,other
1,WIPRO.NS,191.78685529010312,8.293945994205927,183.4929092958972,208.3747472785149,183.4011628412493,-1006.2830938624631,50.10571290836332,-1056.3888067708265,-1.061405519468467,STOP,True,True,other
2,WIPRO.NS,256.35549130956497,8.228728718658772,248.1267625909062,272.8129487468825,272.6765422725091,1974.8471665162397,70.9846586789734,1903.862507837266,1.9121302243855813,TARGET,True,True,other
3,WIPRO.NS,302.3029918598347,11.176930518890174,291.12606134094455,324.65685289761507,290.9804983102741,-1007.7019259108976,58.75078917309479,-1066.4527150839924,-1.0720845724121457,STOP,True,True,other
1,TECHM.NS,1021.864063362552,41.210650444923544,980.6534129176284,1104.285364252399,1103.7332215702727,1964.8597969853,56.54109076034841,1908.3187062249517,1.929435196183232,TARGET,True,True,other
2,TECHM.NS,1627.8334576188442,56.53591317550672,1571.2975444433375,1740.9052839698577,1570.5118956711158,-974.466553111384,60.49252172191817,-1034.959074833302,-1.0768366894408774,STOP,True,True,other
1,DRREDDY.NS,747.6237804027826,27.679492590341283,719.9442878124413,802.9827655834652,802.5812742006734,1978.46977672407,61.86622859898978,1916.60354812508,1.9234090825240253,TARGET,True,True,other
2,DRREDDY.NS,838.4266392243624,31.066202281978008,807.3604369423844,900.5590437883184,900.1087642664243,1973.8280013459807,61.672946652841546,1912.1550546931392,1.9234679835270796,TARGET,True,True,other
3,DRREDDY.NS,939.3461719702224,40.210882660728544,899.1352893094938,1019.7679372916792,898.6857216648391,-975.850807329196,49.09244070742604,-1024.943248036622,-1.0620500183623383,STOP,True,True,other
1,APOLLOHOSP.NS,6926.4880179188685,219.3973841112138,6707.090633807655,7365.282786141296,7361.600144748226,1740.4485073174292,63.37864658854281,1677.0698607288864,1.9109957344326973,TARGET,True,True,other
1,MARUTI.NS,12145.91449852721,510.0175635224987,11635.896935004712,13165.949625572208,11630.07898653721,-515.8355119900007,26.45918979983345,-542.2947017898341,-1.0632863269343302,STOP,True,True,other
1,BAJAJ-AUTO.NS,3438.1626245901944,148.50427098806904,3289.6583536021253,3735.171166566333,3288.013524425324,-900.8946009892206,44.913377999269706,-945.8079789884904,-1.0614823541163534,STOP,True,True,other
2,BAJAJ-AUTO.NS,3345.845981625133,134.28192717966385,3211.564054445469,3614.40983598446,3209.958272418247,-951.2139644482022,51.06620201335888,-1002.2801664615612,-1.0662855674651377,STOP,True,True,other
1,HEROMOTOCO.NS,5198.890911257553,168.52097711001898,5030.369934147534,5535.932865477591,5533.164899044852,1671.3699389364956,59.50334450387526,1611.8665944326203,1.9129566206826734,TARGET,True,True,other
2,HEROMOTOCO.NS,5603.15813308247,191.62209621965212,5411.536036862818,5986.402325521774,5408.830268844386,-971.6393211904189,61.25691206868715,-1032.896233259106,-1.078055457732933,STOP,True,True,other
1,EICHERMOT.NS,6767.54854066782,201.53647592303696,6566.012064744783,7170.621492513894,7167.036181767637,1597.950564399267,61.81804507876231,1536.1325193205048,1.9055266699055575,TARGET,True,True,other
1,HINDUNILVR.NS,2419.7602532484148,72.62079905429891,2347.139454194116,2565.0018513570126,2345.965884467019,-959.3267941581462,68.91733381997848,-1028.2441279781249,-1.089160449653318,STOP,True,True,other
2,HINDUNILVR.NS,2501.9561415652997,69.34586190745085,2432.610279657849,2640.6478653802,2431.39397451802,-987.870338661909,76.82302710072688,-1064.693365762636,-1.0966699963639999,STOP,True,True,other
1,BRITANNIA.NS,3669.7448007099297,100.92197388353907,3568.8228268263906,3871.588748477008,3567.038415412977,-924.3574676725702,72.44464180514998,-996.8021094777204,-1.0974397911576501,STOP,True,True,other
2,BRITANNIA.NS,3472.093906118782,104.86381426533671,3367.230091853445,3681.8215346494553,3365.5464768075185,-958.9268638013704,68.45539346420405,-1027.3822572655745,-1.088588899234361,STOP,True,True,other
3,BRITANNIA.NS,4760.934310052488,138.08234594184796,4622.85196411064,5037.099001936184,4620.5405381285855,-982.7564034673204,73.04827811777409,-1055.8046815850946,-1.0923137146725648,STOP,True,True,other
1,DABUR.NS,456.2812710065498,17.163050015792123,439.11822099075766,490.607371038134,490.362067352615,1976.686188071781,60.86396057396169,1915.82222749782,1.9245657202587347,TARGET,True,True,other
2,DABUR.NS,496.4271776296888,17.677875210677996,478.7493024190108,531.7829280510448,478.5099277678012,-1003.3659922657008,60.74427820283608,-1064.1102704685368,-1.0749011908417474,STOP,True,True,other
3,DABUR.NS,542.6480864440955,18.195892888790013,524.4521935553055,579.0398722216755,524.1899674585278,-996.7384252206556,64.09165727933535,-1060.8300824999908,-1.0796393256348717,STOP,True,True,other
4,DABUR.NS,598.0627612489917,22.830290102388176,575.2324711466035,643.7233414537681,643.4014797830412,1949.564896964127,59.17431836904535,1890.3905785950817,1.9256247466884238,TARGET,True,True,other
1,TITAN.NS,1487.6615420481678,63.824842086506806,1423.836699961661,1615.3112262211814,1423.1247816116802,-968.0514065473142,48.590725504919625,-1016.6421320522338,-1.0619084970857158,STOP,True,True,other
2,TITAN.NS,1687.74786306968,46.66600056517791,1641.0818625045022,1781.0798642000352,1780.1893242679353,1941.270685163364,80.78130604627775,1860.489379117086,1.8984856483505486,TARGET,True,True,other
1,RELIANCE.NS,1141.651866434267,40.392940802288194,1101.2589256319789,1222.4377480388434,1100.7082961691628,-982.6456863625008,59.876152363657006,-1042.5218387261575,-1.075396073772933,STOP,True,True,other
1,ONGC.NS,128.5509808315961,4.334843120394808,124.21613771120128,137.22066707238574,137.15205673884955,1978.247458668296,67.76053987486875,1910.4869187934269,1.9162088762194265,TARGET,True,True,other
2,ONGC.NS,255.78895520415423,11.15293861901452,244.6360165851397,278.09483244218325,244.51369857684716,-1003.497839830332,49.55475152877706,-1053.052591359109,-1.0608909447535435,STOP,True,True,other
1,BPCL.NS,163.80913942483406,4.097097402245396,159.71204202258866,172.00333422932485,159.63218600157737,-1019.1766352746326,87.77404235798824,-1106.950677632621,-1.107291982505814,STOP,True,True,other
1,NTPC.NS,96.4814096137271,3.1232102060241687,93.35819940770293,102.72783002577545,93.31152030799907,-1014.3645778329663,67.56498561380151,-1081.929563446768,-1.082549576474132,STOP,True,True,other
2,NTPC.NS,114.4851779781774,5.523473448184404,108.961704529993,125.5321248745462,108.907223677728,-1009.6097283813424,45.00706026059842,-1054.616788641941,-1.0548818866613117,STOP,True,True,other
3,NTPC.NS,128.73384210668928,6.482439562032624,122.25140254465666,141.69872123075453,122.19027684338432,-1007.7090505489632,43.015922549471,-1050.7249730984342,-1.0525187887081116,STOP,True,True,other
1,JSWSTEEL.NS,255.1495454342664,14.193336694084707,240.9562087401817,283.5362188224358,283.3944507130246,1977.1433695130747,41.74280059368039,1935.4005689193943,1.9479971589425003,TARGET,True,True,other
1,TATASTEEL.NS,54.263044955883686,3.6361509557794776,50.62689400010421,61.53534686744264,61.50457919400892,1991.421915484439,35.22774168257553,1956.194173801864,1.9563085927367962,TARGET,True,True,other
2,TATASTEEL.NS,156.4140818110943,5.1424547523967306,151.27162705869756,166.69899131588775,151.19599124516822,-1012.3095697896588,66.38983955988579,-1078.6994093495446,-1.0812552567757765,STOP,True,True,other
1,HINDALCO.NS,437.22460232436737,20.31577654255068,416.9088257818167,477.8561554094687,477.617227331764,1979.238625362436,49.66476242616957,1929.573862936266,1.9383486693109016,TARGET,True,True,other
2,HINDALCO.NS,556.5465754837105,22.280091029869027,534.2664844538415,601.1067575434486,533.9993512116146,-992.0778679722216,53.39549730936725,-1045.473365281589,-1.0664569668948058,STOP,True,True,other
3,HINDALCO.NS,660.4877265859839,26.73975059673012,633.7479759892537,713.9672277794441,633.4311020012591,-1001.0951096348166,53.27502316920305,-1054.3701328040197,-1.0656976763002801,STOP,True,True,other
1,COALINDIA.NS,113.0349423213122,6.5607936204584405,106.47414870085376,126.15652956222908,106.42091162650334,-1005.3326656109468,37.14288766529115,-1042.475553276238,-1.0453600882191372,STOP,True,True,other
2,COALINDIA.NS,116.9919254860714,5.9010678211136,111.0908576649578,128.79406112829855,128.7296640977344,1983.677825371048,45.99704919215553,1937.6807761788923,1.942964743080743,TARGET,True,True,other
1,ULTRACEMCO.NS,11029.1987082225,393.71319806547217,10635.485510157028,11816.625104353445,11810.716791801267,1563.0361671575338,50.64338817032201,1512.3927789872118,1.9206782836064717,TARGET,True,True,other
1,GRASIM.NS,2606.927288870796,92.51506043759309,2514.412228433203,2791.957409745981,2513.1550223189865,-937.7226655180904,56.966015063255625,-994.688680581346,-1.0751640607231971,STOP,True,True,other
1,BHARTIARTL.NS,848.7397467146793,21.698408240359413,827.0413384743199,892.1365631953981,826.6278178050827,-1017.1487298414436,85.71503802828582,-1102.8637678697294,-1.1049335525414894,STOP,True,True,other
2,BHARTIARTL.NS,891.4203887911477,20.85303509551659,870.5673536956311,933.1264589821808,932.65989575269,1938.25682719248,95.12200633676856,1843.1348208557115,1.880572027365125,TARGET,True,True,other
1,LT.NS,2823.850761334032,78.6126952888726,2745.2380660451595,2981.076151911776,2979.58561383582,1868.8182300214596,77.24699130596231,1791.571238715497,1.8991538539376867,TARGET,True,True,other
1,ADANIPORTS.NS,816.8437758292563,32.121318286967266,784.722457542289,881.0864124031908,784.3300963135179,-1007.9240649878914,55.23284145949161,-1063.1569064473829,-1.067682956613355,STOP,True,True,other
2,ADANIPORTS.NS,1257.5485921150157,63.30420516560389,1194.2443869494118,1384.1570024462235,1383.4649239450005,1888.7449774497716,43.87978740765087,1844.8651900421205,1.9428569136557365,TARGET,True,True,other
3,ADANIPORTS.NS,1336.0398107470528,48.51953194594557,1287.5202788011072,1433.078874638944,1432.3623352016243,1926.450489091435,61.38192507399745,1865.0685640174372,1.921977077288446,TARGET,True,True,other
1,PIDILITIND.NS,1326.4441719297754,45.094747561284976,1281.3494243684904,1416.6336670523451,1280.7087496563065,-1006.1792900163204,63.81245792048436,-1069.9917479368048,-1.0785289013201464,STOP,True,True,other
2,PIDILITIND.NS,1433.0729224699794,45.74204600719645,1387.330876462783,1524.5570144843723,1523.79473597713,1905.1580836501653,68.85782577686274,1836.3002578733024,1.9116519057494958,TARGET,True,True,other
1,BANKBARODA.NS,177.7276281856211,7.125303605614448,170.60232458000667,191.97823539685,170.51702341771667,-1009.484667506622,54.25270292122289,-1063.7373704278448,-1.0663579399616874,STOP,True,True,other
1,CANBK.NS,54.05455585805647,2.990011196723138,51.06454466133333,60.03457825150274,51.03901238900266,-1007.1915186639702,39.08096299051458,-1046.2724816544849,-1.0476724447440084,STOP,True,True,other
2,CANBK.NS,110.2790678215162,4.26203551482503,106.01703230669116,118.80313885116628,105.9640237905378,-1009.720303248942,56.30474632115262,-1066.0250495700946,-1.068893628209813,STOP,True,True,other
1,FEDERALBNK.NS,110.2096387256224,6.076132084865662,104.13350664075674,122.36190289535372,122.30072194390604,1982.9376477985172,42.22421519585373,1940.713432602664,1.9475578091784171,TARGET,True,True,other
2,FEDERALBNK.NS,165.22548902931615,7.779403063850623,157.44608596546553,180.7842951570174,180.69390300943888,1979.9569894557096,49.05401488501099,1930.902974570699,1.9391178686873147,TARGET,True,True,other
1,BANDHANBNK.NS,294.44457037730587,18.01355192968265,276.4310184476232,330.4716742366712,276.2928029383994,-998.3472091398552,34.95687750269197,-1033.3040866425472,-1.0429562755420152,STOP,True,True,other
1,IDFCFIRSTB.NS,56.675954533549984,4.23126779488215,52.44468673866783,65.13849012331428,52.4184643952985,-1004.7676726273502,28.6852965008434,-1033.4529691281937,-1.0349233887009146,STOP,True,True,other
1,CHOLAFIN.NS,1535.8766891208,66.40438587601739,1469.4723032447826,1668.6854608728347,1468.73756709316,-1007.0868304145972,50.15761373441529,-1057.2444441490125,-1.061420296467543,STOP,True,True,other
2,CHOLAFIN.NS,1473.392584060933,74.84841157039818,1398.5441724905347,1623.0894072017293,1622.2778624981283,1935.5086196835407,44.57470019294826,1890.9339194905924,1.9433472573913217,TARGET,True,True,other
3,CHOLAFIN.NS,1618.2345211931836,76.27686536095075,1541.9576558322328,1770.788251915085,1541.1866770043166,-1001.6219744552708,45.71592439313095,-1047.3378988484017,-1.0562108625771294,STOP,True,True,other
1,MUTHOOTFIN.NS,1366.9812694843092,54.53529741568104,1312.4459720686282,1476.0518643156713,1311.789749082594,-993.4473672308744,53.65546862234678,-1047.1028358532212,-1.0666922621915793,STOP,True,True,other
2,MUTHOOTFIN.NS,2777.9115344559477,116.58956486019497,2661.3219695957528,3011.0906641763363,2659.991308610955,-943.3618067599382,48.41266433302589,-991.774471092964,-1.0633182226494946,STOP,True,True,other
1,MANAPPURAM.NS,188.50121409284623,14.605089826665107,173.89612426618112,217.71139374617653,217.60253804930343,1978.890029039088,30.53815051712012,1948.351878521968,1.9617978285463504,TARGET,True,True,other
1,MFSL.NS,548.8742755737304,30.245573561010588,518.6287020127198,609.3654226957516,609.0607399844038,1986.1533255522208,42.31304585533749,1943.840279696883,1.947532943327572,TARGET,True,True,other
2,MFSL.NS,1058.328948852539,62.392319440229016,995.93662941231,1183.1135877329968,995.438661097604,-1006.24460407896,36.59066780345725,-1042.8352718824174,-1.0446350620943008,STOP,True,True,other
3,MFSL.NS,775.137375,32.79090624548883,742.3464687545112,840.7191874909777,840.2988278972322,1954.8435869169648,53.70682803100162,1901.136758885963,1.9325853583237576,TARGET,True,True,other
4,MFSL.NS,920.3099005737306,35.28226604175097,885.0276345319796,990.8744326572324,884.5851207147136,-1000.293836052475,56.23311773563957,-1056.5269537881145,-1.0694637767251545,STOP,True,True,other
1,SBICARD.NS,837.685430649424,38.07890809817707,799.6065225512469,913.843246845778,913.3863252223553,1968.2232588962124,50.4441312933325,1917.77912760288,1.9370496519191147,TARGET,True,True,other
1,ICICIGI.NS,1947.2355900463083,64.39139010432359,1882.8441999419847,2076.0183702549552,1881.902777842014,-979.9921830644166,63.89907109365588,-1043.8912541580726,-1.0807772617496574,STOP,True,True,other
1,PERSISTENT.NS,6078.446158109176,312.1190532581122,5766.327104851064,6702.684264625401,5763.443941298639,-945.0066504316136,39.547924001596016,-984.5545744332096,-1.051473323139312,STOP,True,True,other
1,COFORGE.NS,336.3278788543633,22.202888676592863,314.1249901777704,380.733656207549,313.96792768268153,-1006.1978027256793,32.59361719137647,-1038.7914199170557,-1.0396959653394504,STOP,True,True,other
1,MPHASIS.NS,2634.5213471795687,116.27873632457977,2518.242610854989,2867.078819828728,2865.645280418814,1848.9914659139613,48.75675092741358,1800.2347149865475,1.9352578681726715,TARGET,True,True,other
1,LUPIN.NS,1574.524259733833,62.35202736430142,1512.1722323695317,1699.228314462437,1511.4161462533466,-1009.7298156877878,54.942565153512746,-1064.6723808413003,-1.0671990409196985,STOP,True,True,other
1,TORNTPHARM.NS,1400.7529632614371,59.56619415486307,1341.186769106574,1519.885351571164,1519.1254088953783,1893.9591301430555,51.77226928889255,1842.186860854163,1.932919845509137,TARGET,True,True,other
2,TORNTPHARM.NS,2503.592182987624,98.10235422471942,2405.4898287629044,2699.7968914370613,2698.4469929913425,1948.548100037192,57.660270746161245,1890.8878292910308,1.9274642736499925,TARGET,True,True,other
3,TORNTPHARM.NS,2557.792241348693,101.74092176518616,2456.051319583507,2761.2740848790654,2759.893447836626,1818.9108583913955,53.045937064476455,1765.8649213269189,1.9284984849420463,TARGET,True,True,other
1,ALKEM.NS,4869.710206562168,182.48300846817165,4687.227198093997,5234.676223498509,4684.88358449495,-924.133110336088,53.15587518358139,-977.2889855196696,-1.0711013520912294,STOP,True,True,other
1,IPCALAB.NS,1174.7232414327614,59.688807872545794,1115.0344335602156,1294.100857177853,1293.453806749264,1899.689045064042,43.74076345831011,1855.948281605732,1.9433587591169101,TARGET,True,True,other
1,BIOCON.NS,302.556516897849,18.48482767983029,284.0716892180187,339.5261722575096,283.92965337340974,-1005.8506303197208,35.26824757374987,-1041.1188778934709,-1.0430164432253162,STOP,True,True,other
1,GLENMARK.NS,1935.1935044920635,82.08671231827861,1853.106792173785,2099.36692912862,2098.317245664056,1957.4848940639115,53.63889283518101,1903.8460012287303,1.9327590173251386,TARGET,True,True,other
1,NATCOPHARM.NS,808.099513096681,43.42054033371596,764.678972762965,894.9405937641129,764.2966332765835,-1007.466235862242,40.26317201113454,-1047.7294078733764,-1.0491221934624704,STOP,True,True,other
1,METROPOLIS.NS,517.9121427121552,26.89169247781348,491.0204502343417,571.6955276677821,490.7749400092245,-1004.0765000084346,41.547840288314106,-1045.6243402967486,-1.0508865267083152,STOP,True,True,other
1,ASHOKLEY.NS,117.97325200873748,4.338545285331975,113.6347067234055,126.65034257940148,113.5778893700438,-1010.9334068995504,59.25611919036632,-1070.1895260899166,-1.0724788226257596,STOP,True,True,other
1,BALKRISIND.NS,1480.1430766683889,72.67303773819162,1407.4700389301972,1625.489152144772,1624.6764075686997,1878.9333017040408,44.71110977285316,1834.222191931188,1.9414905328745995,TARGET,True,True,other
2,BALKRISIND.NS,1580.4110990794068,89.59237968042567,1490.818719398981,1759.595858440258,1758.716060511038,1961.3545757479435,40.66867249429247,1920.685903253651,1.9489136242336493,TARGET,True,True,other
3,BALKRISIND.NS,2192.4191057651,94.1859604798251,2098.233145285275,2380.7910267247503,2379.600631211388,1871.8152544628765,50.66508589832964,1821.150168564547,1.9335686118045614,TARGET,True,True,other
1,MOTHERSON.NS,73.8905417069077,4.2259097206982545,69.66463198620944,82.3423611483042,82.30118996773005,1984.912989554076,40.81230944614737,1944.1006801079288,1.9493352415628287,TARGET,True,True,other
2,MOTHERSON.NS,118.82255448567363,7.368563587771391,111.45399089790224,133.55968166121644,133.49290182038584,1980.4968901861475,37.70269459187227,1942.7941955942752,1.9530357503321354,TARGET,True,True,other
1,BHARATFORG.NS,759.4512220951322,33.27958821961306,726.1716338755191,826.0103985343583,725.8085480585813,-1009.2802210965248,49.58947421704714,-1058.869695313572,-1.0605797246508955,STOP,True,True,other
1,EXIDEIND.NS,177.29024869153005,6.6751000228467205,170.61514866868333,190.6404487372235,170.529841094349,-1007.3007319799776,57.66504989166658,-1064.965781871644,-1.0707586898143733,STOP,True,True,other
2,EXIDEIND.NS,255.5008741715704,9.141646397403434,246.35922777416695,273.7841669663772,246.2360481602799,-1009.866035230664,60.84793929745176,-1070.7139745281158,-1.0745399197770973,STOP,True,True,other
1,VOLTAS.NS,1569.6210780843746,77.7753774809728,1491.8457006034018,1725.1718330463202,1724.309247129797,1856.2580285450692,43.78439288265644,1812.473635662413,1.9419959700675857,TARGET,True,True,other
1,CROMPTON.NS,381.586729193374,24.959561247701515,356.6271679456725,431.5058516887769,356.44885436169966,-1005.5149932669724,32.88038679935783,-1038.3953800663303,-1.0400777579393092,STOP,True,True,other
1,INDHOTEL.NS,680.4026533509781,29.048332551329054,651.354320799649,738.4993184536362,651.0286436392493,-998.7163301987804,50.37862025535983,-1049.0949504541402,-1.0622204831331954,STOP,True,True,other
1,WHIRLPOOL.NS,2088.6722357500257,93.71710754688525,1994.9551282031405,2276.106450843796,1993.957650639039,-947.1458511098672,45.438280720158986,-992.5841318300262,-1.0591280053467842,STOP,True,True,other
1,DIXON.NS,4133.006824779462,190.97673856140955,3942.030086218052,4514.960301902282,4512.702821751331,1898.4799848593457,47.89430073951468,1850.585684119831,1.9380220837992432,TARGET,True,True,other
2,DIXON.NS,10838.377154143209,650.5159513949257,10187.861202748283,12139.40905693306,12133.339352404591,1294.9621982613844,25.42964648183549,1269.5325517795488,1.9515778960642591,TARGET,True,True,other
1,PIIND.NS,1418.537598284585,53.31147689425575,1365.2261213903294,1525.1605520730966,1524.39797179706,1905.48672322455,58.72188588815,1846.7648373364,1.9245020490089577,TARGET,True,True,other
2,PIIND.NS,2247.623164803823,116.80477581890182,2130.818388984921,2481.2327164416256,2479.9921000834047,1858.9514822366543,41.88817064154885,1817.0633115951057,1.9445516020812623,TARGET,True,True,other
3,PIIND.NS,3130.791293908887,142.1841408679029,2988.607153040984,3415.1595756446936,2987.112849464463,-1005.7491111109666,47.66405023070269,-1053.4131613416694,-1.0583992951590349,STOP,True,True,other
4,PIIND.NS,3598.543290983785,141.68983413618025,3456.853456847605,3881.9229592561446,3455.125030119181,-1003.9278260522264,54.94283202345567,-1058.870658075682,-1.0675941417403971,STOP,True,True,other
1,AARTIIND.NS,643.2894998103612,35.825821057926305,607.4636787524349,714.9411419262138,714.5836713552508,1924.9426317120171,40.59603656016692,1884.3465951518504,1.9480534590515086,TARGET,True,True,other
2,AARTIIND.NS,693.1098823016268,29.74824762649007,663.3616346751368,752.606377554607,752.2300743658296,1950.9663381186924,52.85495570133689,1898.111382417356,1.9335097469304736,TARGET,True,True,other
1,DEEPAKNTR.NS,2294.1345211491707,108.88392164880497,2185.2505995003658,2511.9023644467807,2184.157974200616,-989.788922536996,44.861789677128336,-1034.6507122141245,-1.0558141964872512,STOP,True,True,other
1,ATUL.NS,8762.434769890357,253.8797885205804,8508.554981369776,9270.194346931516,9265.559249758053,1509.3734396030832,59.98632403946324,1449.38711556362,1.9029834605445266,TARGET,True,True,other
1,AMBUJACEM.NS,252.97256915882036,13.651480333266278,239.32108882555409,280.2755298253528,280.1353920604401,1982.8860718182468,43.09673373852351,1939.7893380797236,1.946489028099844,TARGET,True,True,other
2,AMBUJACEM.NS,577.3521569357382,27.949313672096764,549.4028432636414,633.2507842799317,632.9341588877918,1945.370068321876,46.92565400043199,1898.444414321444,1.9407012857981027,TARGET,True,True,other
1,RAMCOCEM.NS,891.6105560904913,30.379545754869696,861.2310103356216,952.3696476002308,860.8003948304538,-985.9251603211997,62.38833195016259,-1048.3134922713623,-1.0783504433481805,STOP,True,True,other
1,DALBHARAT.NS,1444.1216988184442,103.47164521324112,1340.650053605203,1651.0649892449264,1650.239456750304,1855.0598213867383,30.807681638518336,1824.2521397482203,1.9589393961652033,TARGET,True,True,other
2,DALBHARAT.NS,2210.226798679032,101.80113094830585,2108.425667730726,2413.829060575644,2107.371454896861,-925.6980940395396,43.249874289406094,-968.9479683289458,-1.0575607988535272,STOP,True,True,other
1,ABB.NS,2934.3283107943794,148.7015625235049,2785.6267482708745,3231.731435841389,2784.233934896739,-900.5662553858429,38.19523276933609,-938.761488155179,-1.0521762204155176,STOP,True,True,other
1,CUMMINSIND.NS,3341.027950659666,244.0834556326222,3096.944495027044,3829.194861924912,3827.280264493949,1945.0092553371303,31.71656616461888,1913.292689172512,1.9596706014071985,TARGET,True,True,other
1,BEL.NS,30.734121570171983,1.8925633976098055,28.841558172562177,34.51924836539159,28.827137393475898,-1006.8876452955328,35.02173489745434,-1041.909380192987,-1.042666904873386,STOP,True,True,other
2,BEL.NS,53.59821105431819,2.807345135587852,50.79086591873034,59.212901325493895,59.18329487483115,1988.2898401026123,44.46684230990678,1943.8229977927056,1.9449610562217248,TARGET,True,True,other
3,BEL.NS,97.43245378931168,4.981439545786927,92.45101424352475,107.39533288088552,107.34163521444508,1981.8362850266824,45.36142064408072,1936.4748643826013,1.9436900183004158,TARGET,True,True,other
1,HAL.NS,766.1781558549386,42.949363063475175,723.2287927914634,852.076881981889,851.650843540898,1965.8718167770655,41.2013535104424,1924.6704632666235,1.9483717224439385,TARGET,True,True,other
2,HAL.NS,4929.656044450627,304.9148184643709,4624.741225986256,5539.4856813793685,4622.428855373263,-921.6815672320909,31.91270140221752,-953.5942686343084,-1.0424706736533318,STOP,True,True,other
1,NMDC.NS,33.21335261475719,1.5043656671092513,31.70898694764794,36.222083948975694,36.20397290700121,1985.7718740500277,51.07092285768661,1934.7009511923409,1.9368337868243124,TARGET,True,True,other
1,VEDL.NS,203.9741457689809,9.714819599778139,194.25932616920275,223.4037849685372,223.2920830760529,1970.4296053213452,48.28073070588516,1922.1488746154605,1.9397783578385601,TARGET,True,True,other
2,VEDL.NS,225.60991652311955,5.440744056653955,220.1691724664656,236.49140463642743,220.0590878802324,-1015.8016416483543,90.70491939406644,-1106.5065610424208,-1.1113340155613003,STOP,True,True,other
1,NATIONALUM.NS,64.58240522108295,5.514558876426264,59.06784634465669,75.61152297393548,59.03831242148436,-1003.4807967273456,24.939331620291934,-1028.4201283476375,-1.0303415539601262,STOP,True,True,other
1,GAIL.NS,163.68264376410954,9.686658631581821,153.99598513252772,183.0559610272732,182.96443304675955,1986.024296112951,39.52698236914372,1946.4973137438076,1.9509340517746674,TARGET,True,True,other
1,DLF.NS,236.18328027395785,13.726634831262515,222.45664544269533,263.6365499364829,222.345417119974,-996.326147086839,36.7608132019309,-1033.08696028877,-1.0452984420720535,STOP,True,True,other
2,DLF.NS,280.3623466250794,17.690933296173853,262.67141332890554,315.7442132174271,262.5400776222411,-998.0470641589454,33.85894172986448,-1031.90600588881,-1.0416009519568703,STOP,True,True,other
3,DLF.NS,809.5368984403314,39.98119727980429,769.5557011605271,889.4992929999399,889.05454335344,1987.941122827715,47.03887875325606,1940.9022440744588,1.9418150291911014,TARGET,True,True,other
1,GODREJPROP.NS,2189.9640700161062,164.91886966537982,2025.0452003507264,2519.8018093468663,2024.0326777505509,-995.5883535933322,28.17088562672201,-1023.7592392200542,-1.0346089578239899,STOP,True,True,other
2,GODREJPROP.NS,1564.2245051582215,75.7019578119664,1488.5225473462551,1715.6284207821543,1487.778286072582,-993.800848113314,44.163578161555634,-1037.9644262748698,-1.054707430474647,STOP,True,True,other
1,PRESTIGE.NS,548.7884977630029,27.8545190751056,520.9339786878973,604.497535913214,604.1952871452575,1939.237628378911,44.69745175576791,1894.5401766231432,1.9433011636688828,TARGET,True,True,other
2,PRESTIGE.NS,1176.7214129025,135.1214422248422,1041.599970677658,1446.9642973521834,1041.0791706923194,-949.4956954712634,17.322555876300502,-966.818251347564,-1.0221685823914264,STOP,True,True,other
3,PRESTIGE.NS,1617.909122231349,76.6496966069426,1541.2594256244065,1771.2085154452348,1540.488795911594,-1006.464242156816,45.7015053229838,-1052.1657474797998,-1.0559184225379512,STOP,True,True,other
1,CONCOR.NS,521.8346521509683,17.949151366842216,503.88550078412607,557.7329548846527,503.633558033734,-1001.0601764478852,62.74906106642243,-1063.8092375143076,-1.0775989204901668,STOP,True,True,other
2,CONCOR.NS,623.1485729504031,24.798706812940964,598.3498661374622,672.7459865762851,598.0506912043935,-1003.915269840386,54.356428585625146,-1058.271698426011,-1.06686177872969,STOP,True,True,other
1,EMAMILTD.NS,314.9293874288673,18.80646873442811,296.1229186944392,352.5423248977235,352.36605373527465,1984.1433142395892,39.15153957829447,1944.991774661295,1.951347620369371,TARGET,True,True,other
2,EMAMILTD.NS,422.8165773175701,26.866608126619496,395.9499691909506,476.5497935708093,476.31151867402383,1979.3128301887864,36.81952868880097,1942.4933014999856,1.9540918121123796,TARGET,True,True,other
1,VBL.NS,365.8616049553523,15.975850968931184,349.8857539864211,397.8133068932146,397.614400239768,1968.6733076337769,52.45280151756253,1916.2205061162144,1.9345938076675024,TARGET,True,True,other
1,TATACOMM.NS,389.2931683515074,25.377568504979706,363.9155998465277,440.0483053614668,363.7336420466044,-996.8215258912164,32.70929746048848,-1029.530823351705,-1.0402188938868326,STOP,True,True,other
2,TATACOMM.NS,759.8592064011357,57.230992933770494,702.6282134673652,874.3211922686767,873.8840316725423,1938.422029613912,30.717403726797198,1907.704625887115,1.9607893104299694,TARGET,True,True,other
3,TATACOMM.NS,930.8737414945772,70.83383246053438,860.0399090340428,1072.541406415646,1072.0051357124382,1975.8395190500544,31.010927200916647,1944.8285918491376,1.9611578699574448,TARGET,True,True,other
1,KPITTECH.NS,677.6298316855045,41.07575447158786,636.5540772139167,759.7813406286803,759.4014499583659,1962.5188385486729,38.17760763853265,1924.34123091014,1.9520246347931853,TARGET,True,True,other
2,KPITTECH.NS,1053.7222453988848,61.00995322129597,992.7122921775888,1175.742151841477,1175.1542807655562,1942.9125658667435,39.4828503041777,1903.429715562566,1.9499172010696606,TARGET,True,True,other
1,HAPPSTMNDS.NS,1336.4217478614055,66.28037164224861,1270.1413762191569,1468.9824911459027,1269.5063055310472,-1003.7316349553736,43.511904978507886,-1047.2435399338815,-1.0533470809793959,STOP,True,True,other
1,SONATSOFTW.NS,130.2327519664734,8.84785435879634,121.38489760767705,147.9284606840661,147.85449645372407,1991.2571270593269,34.76966493603755,1956.487462123289,1.9568640752049675,TARGET,True,True,other
2,SONATSOFTW.NS,258.122974975938,12.71107999763197,245.41189497830604,283.54513497120195,283.4033624037164,1971.8702193667116,46.7892451044689,1925.0809742622423,1.9416544711898818,TARGET,True,True,other
1,GRANULES.NS,541.5431227130167,20.324052498003425,521.2190702150133,582.1912277090236,581.900132095169,1977.4934597254648,61.02325634962716,1916.4702033758372,1.9244014847644546,TARGET,True,True,other
1,LAURUSLABS.NS,79.6552077295881,5.233772389405047,74.42143534018305,90.1227525083982,74.38422462251296,-1006.7577734513516,32.769477683693964,-1039.5272511350456,-1.0398906654941011,STOP,True,True,other
2,LAURUSLABS.NS,639.5504154837472,36.35732024189872,603.1930952418485,712.2650559675446,711.9089234395609,1953.67971480697,40.40144641595806,1913.278268391012,1.949047884087271,TARGET,True,True,other
3,LAURUSLABS.NS,665.6153920718206,38.91395563770743,626.7014364341131,743.4433033472354,626.3880857158961,-980.6826588981124,35.9662476146207,-1016.6489065127332,-1.045022424322862,STOP,True,True,other
4,LAURUSLABS.NS,870.8496720839014,38.78694286454686,832.0627292193545,948.4235578129952,947.9493460340886,1927.491848754681,50.382857054022935,1877.1089917006584,1.9358153575093198,TARGET,True,True,other
1,GALAXYSURF.NS,2576.031496898025,99.9187292019601,2476.112767696065,2775.8689553019453,2474.874711312217,-1011.5678558580794,56.20285061043571,-1067.770706468515,-1.0686391980729562,STOP,True,True,other
1,SUDARSCHEM.NS,1392.299991270355,69.7325314023501,1322.5674598680048,1531.765054075055,1530.9991715480176,1941.7885238872773,45.33261035773658,1896.4559135295408,1.942581661048321,TARGET,True,True,other
1,ENDURANCE.NS,2615.6421725239816,135.75895752702309,2479.8832149969585,2887.160087578028,2478.64327338946,-958.992293941652,39.69824149448989,-998.690535436142,-1.0509072777940172,STOP,True,True,other
1,SUNDRMFAST.NS,407.06185144713993,27.125463956861267,379.93638749027866,461.31277936086246,379.74641929653353,-983.3555574218304,31.54933673556137,-1014.9048941573916,-1.0393113518838857,STOP,True,True,other
2,SUNDRMFAST.NS,723.2990628405737,45.95237258581551,677.3466902547582,815.2038080122047,814.7962061081986,1921.4400086201224,35.74849251934373,1885.691516100779,1.9540848284241756,TARGET,True,True,other
3,SUNDRMFAST.NS,1329.212083006341,61.79619805481184,1267.415884951529,1452.8044791159646,1452.0780768764066,1965.855901921052,49.30283183464978,1916.5530700864017,1.9383808494845247,TARGET,True,True,other
1,TIINDIA.NS,494.3506405469141,24.17564099054772,470.1749995563664,542.7019225280096,542.4305715667456,1971.27717181309,47.08818201981478,1924.1889897932751,1.941269676936184,TARGET,True,True,other
2,TIINDIA.NS,1321.827849587993,84.93567636813964,1236.8921732198532,1491.6992023242717,1490.9533527231094,1860.380534486285,34.24246310742646,1826.1380713788585,1.954567962983878,TARGET,True,True,other
3,TIINDIA.NS,1721.3375987863965,117.88053286030458,1603.457065926092,1957.0986645070043,1602.655337393129,-949.458091146138,29.620868352828197,-979.0789594989662,-1.038211034237554,STOP,True,True,other
4,TIINDIA.NS,3839.614001020905,213.89268799906358,3625.7213130218415,4267.39937701903,3623.9084523653314,-862.8221946222948,33.23935247174297,-896.0615470940378,-1.0473260627520384,STOP,True,True,other
1,CDSL.NS,561.931246088092,46.57360754424121,515.3576385438508,655.0784611765745,654.7509219459862,1949.213193015777,28.24599504649639,1920.9671979692807,1.964087243785744,TARGET,True,True,other
2,CDSL.NS,1461.388617760763,83.6170554060127,1377.7715623547504,1628.6227285727884,1377.082676573573,-927.36535305909,34.76556652917707,-962.130919588267,-1.046035964918797,STOP,True,True,other
1,UJJIVANSFB.NS,26.850283270605853,2.299927302194977,24.550355968410877,31.45013787499581,24.53808079042667,-1003.495876397766,24.85843561979469,-1028.3543120175607,-1.0302412512543013,STOP,True,True,other
1,EQUITASBNK.NS,49.87092664322788,4.694329088514969,45.17659755471291,59.2595848202578,59.22995502784767,1993.473045924017,25.673701361085914,1967.799344562931,1.9680117011854785,TARGET,True,True,other
2,EQUITASBNK.NS,90.38591276860971,5.030770911641625,85.35514185696809,100.44745459189296,85.3124642860396,-1004.5427995488826,38.73298044867026,-1043.275779997553,-1.047368224172993,STOP,True,True,other
1,RBLBANK.NS,218.7758081103284,16.064056503290516,202.71175160703788,250.90392111690932,250.7784691563509,1984.1649848533968,32.20160474735246,1951.963380106044,1.959858664456396,TARGET,True,True,other
2,RBLBANK.NS,306.0609760844136,11.87578293844581,294.1851931459678,329.8125419613052,294.0381005493948,-1009.9215449415778,56.09078262451497,-1066.0123275660928,-1.0686135821943727,STOP,True,True,other
1,TTKPRESTIG.NS,885.5266966849678,40.00025456220226,845.5264421227655,965.5272058093724,845.1036789017041,-970.1524267983268,46.22767670581008,-1016.3801035041369,-1.0587225367149626,STOP,True,True,other
1,RADICO.NS,3144.5979163664165,140.01775381815696,3004.5801625482595,3424.6334240027304,3368.526123046875,1567.4974467632096,50.54530710824028,1516.9521396549694,1.5477140763419153,END_OF_DATA,True,True,other
1,ELGIEQUIP.NS,107.68249747871552,9.037800804263838,98.64469667445168,125.75809908724324,125.6952200376996,1981.399481488249,28.37828766662694,1953.021193821622,1.9644976150918052,TARGET,True,True,other
2,ELGIEQUIP.NS,328.7219143946829,39.171060488228306,289.5508539064546,407.06403537113954,289.4060784795014,-982.8958978795384,17.245714617581175,-1000.1416124971196,-1.0213066483586088,STOP,True,True,other
1,GRINDWELL.NS,2006.4633733405296,109.3842855289281,1897.0790878116015,2225.231944398386,1896.130548267696,-992.995425655505,39.104449155121365,-1032.0998748106265,-1.0483934078219979,STOP,True,True,other
2,GRINDWELL.NS,2547.390790747059,135.71530185580104,2411.675488891258,2818.821394458661,2410.4696511468123,-958.4479772017256,38.63700759011784,-997.0849847918436,-1.0495552834894424,STOP,True,True,other
1,PRAJIND.NS,662.0747575152045,39.9965787204834,622.0781787947211,742.0679149561713,741.6968809986932,1990.5530870872185,38.84839708794958,1951.704689999269,1.951871637460576,TARGET,True,True,other
1,AFFLE.NS,544.272,37.36224883935074,506.9097511606493,618.9964976787016,618.6869994298623,1934.78998517642,33.45495795572343,1901.335027220696,1.9572769988271899,TARGET,True,True,other
2,AFFLE.NS,722.1208897705078,38.81304985011889,683.3078399203889,799.7469894707456,799.3471159760102,1930.6556551375595,42.12257097970669,1888.5330841578525,1.9462867169167515,TARGET,True,True,other
3,AFFLE.NS,1230.615,70.25253069865312,1160.362469301347,1371.1200613973067,1159.782288066696,-991.657967066255,37.2621769831388,-1028.9201440493937,-1.0461444630198518,STOP,True,True,other
4,AFFLE.NS,1976.0875255737303,103.12844673442873,1872.9590788393016,2182.344419042588,1872.022599299882,-936.5843364646356,38.5553240198401,-975.1396604844758,-1.0506204116887008,STOP,True,True,other
1,BLUEDART.NS,3914.614208969821,158.0758557507961,3756.538353219025,4230.765920471413,4228.650537511177,1884.2179712481384,54.15272871919496,1830.0652425289436,1.9295222050587433,TARGET,True,True,other
2,BLUEDART.NS,5636.995592688683,279.32862390787886,5357.666968780804,6195.652840504441,5354.988135296414,-846.022372176808,36.70718600825517,-882.7295581850631,-1.0533943208008913,STOP,True,True,other
3,BLUEDART.NS,6118.982709590947,274.77407561281325,5844.208633978134,6668.530860816573,6665.196595386165,1638.641657385656,42.49543917275357,1596.1462182129023,1.9363134539446716,TARGET,True,True,other
1,APLAPOLLO.NS,749.6010155448472,43.48753300690453,706.1134825379427,836.5760815586563,836.1577935178769,1904.2491154066545,38.62418252025427,1865.6249328864,1.9500102086626594,TARGET,True,True,other
2,APLAPOLLO.NS,1617.6587249784868,82.08050333275901,1535.5782216457278,1781.8197316440048,1534.810432534905,-994.179509322982,42.11183176752293,-1036.291341090505,-1.0521087012276646,STOP,True,True,other
3,APLAPOLLO.NS,1759.9399775786128,62.69127429228797,1697.2487032863248,1885.3225261631887,1696.4000789346817,-953.0984796589668,57.68310642056006,-1010.7815860795268,-1.0748774822759974,STOP,True,True,other
1,ASTRAL.NS,1228.458582057172,92.14528639696164,1136.3132956602103,1412.7491548510952,1135.7451390123802,-927.134430447918,26.341181523775937,-953.475611971694,-1.0347524537111141,STOP,True,True,other
2,ASTRAL.NS,1852.412894378782,70.18490043402858,1782.2279939447535,1992.7826952468392,1991.786303899216,1951.227733286073,59.65849529628288,1891.5692379897907,1.9250876982413472,TARGET,True,True,other
1,RATNAMANI.NS,813.3948011756272,84.25236790767781,729.1424332679494,981.8995369909828,728.7778620513154,-930.7863303674296,18.920534933314805,-949.7068653007444,-1.024742566870282,STOP,True,True,other
2,RATNAMANI.NS,1021.6732736375682,54.38362563254998,967.2896480050182,1130.440524902668,966.8060031810156,-987.6108682179438,39.84776852663249,-1027.4586367445763,-1.0495996673773482,STOP,True,True,other
3,RATNAMANI.NS,2782.492709159559,112.71167381726991,2669.781035342289,3007.916056794099,3006.412098765702,1791.355116849143,51.32790063896877,1740.0272162101744,1.9297326945822135,TARGET,True,True,other
1,PVRINOX.NS,1323.3613011474608,96.9637278459304,1226.3975733015304,1517.2887568393216,1516.530112460902,1931.688113134412,31.412735151298588,1900.2753779831132,1.959779620893431,TARGET,True,True,other
2,PVRINOX.NS,1345.0722244262697,57.264954664699644,1287.80726976157,1459.6021337556683,1287.1633661266892,-984.4505910928648,49.7989804422446,-1034.2495715351097,-1.062398642355053,STOP,True,True,other
3,PVRINOX.NS,1698.7489744262696,48.68004529074233,1650.0689291355272,1796.1090650077542,1649.2438946709594,-990.1015951062028,74.48179209874172,-1064.5833872049443,-1.0934494625536022,STOP,True,True,other
4,PVRINOX.NS,1619.8095,70.41630988101929,1549.3931901189808,1760.6421197620386,1548.6184935239212,-996.6740906651044,49.36650447424247,-1046.0405951393468,-1.061077831163604,STOP,True,True,other
5,PVRINOX.NS,1095.5475,43.348178609733395,1052.1993213902665,1182.2438572194671,1181.6527352908574,1980.4204116897236,58.05260296833359,1922.3678087213896,1.9281365850992342,TARGET,True,True,other
1,ARVIND.NS,61.68101442551224,6.1873920893742635,55.493622336137975,74.05579860426076,55.4658755249699,-1000.637362987316,21.03349166129448,-1021.6708546486104,-1.0255987683065588,STOP,True,True,other
1,NHPC.NS,19.45696015991468,0.86721709361818,18.5897430662965,21.19139434715104,18.580448194763356,-1010.6182958194796,48.81098155038124,-1059.4292773698608,-1.0595338438861535,STOP,True,True,other
2,NHPC.NS,21.029788772383725,1.0973252158877216,19.932463556496003,23.224439204159168,19.92249732471776,-1008.7425088236972,41.532755947421606,-1050.2752647711186,-1.0506290413297528,STOP,True,True,other
3,NHPC.NS,80.87394326130553,7.989599064852257,72.88434419645327,96.85314139101004,96.80471482031452,1991.3464448761251,24.53079207981008,1966.8156527963156,1.9693760718969804,TARGET,True,True,other
1,SJVN.NS,112.1318172880262,13.215558901240925,98.91625838678527,138.5629350905081,138.49365362296282,1977.137725120246,20.73933013600609,1956.39839498424,1.9738334283140928,TARGET,True,True,other
1,BRIGADE.NS,179.52321345212866,15.016349083099783,164.50686436902888,209.55591161832825,209.45113366251903,1975.2427338857665,28.379591712848796,1946.8631421729172,1.9643873642866976,TARGET,True,True,other
1,JKCEMENT.NS,1503.0542767296638,73.43438255073329,1429.6198941789305,1649.9230418311304,1428.905084231841,-963.939502471695,42.427198609654894,-1006.36670108135,-1.0541768102512743,STOP,True,True,other
2,JKCEMENT.NS,2737.7931966130286,106.71901295160205,2631.0741836614266,2951.2312225162327,2949.7556069049747,1907.6616926275144,56.738294333695805,1850.9233982938188,1.927099489378219,TARGET,True,True,other
3,JKCEMENT.NS,2965.290670325444,147.67867392891276,2817.611996396531,3260.6480181832694,2816.203190398333,-894.5248795626658,38.61436714722704,-933.1392467098927,-1.0531189348290426,STOP,True,True,other
1,JKLAKSHMI.NS,747.1657409438403,46.88841615891522,700.2773247849251,840.9425732616708,699.9271861225326,-992.0096512474624,33.84339370826097,-1025.8530449557234,-1.041838240650476,STOP,True,True,other
1,MRPL.NS,201.30239791195868,24.97604410284299,176.3263538091157,251.25448611764463,251.12885887458583,1993.058438505086,19.960655647267505,1973.0977828578184,1.9749902894282036,TARGET,True,True,other
