symbol,signal_date,entry_date,entry_price,stop_price,target_price,exit_date,exit_price,exit_reason,initial_risk,gross_pnl,costs,net_pnl,r_multiple,execution_classification
SBIN.NS,2021-04-07 00:00:00,2021-04-08 00:00:00,327.3663916423031,310.00415103902884,362.0908728488516,2021-04-12 00:00:00,309.8491489635093,STOP,989.647714386632,-998.4828326912445,40.43604336299021,-1038.9188760542347,-1.0497865664229218,GAP_THROUGH_STOP|TRANSACTION_COST|INTEGER_POSITION_SIZE
KOTAKBANK.NS,2021-01-19 00:00:00,2021-01-20 00:00:00,375.9664693234425,364.10629430494646,399.6868193604345,2021-01-22 00:00:00,363.924241157794,STOP,996.2547015536659,-1011.5471659144748,69.13947278764228,-1080.686638702117,-1.0847493487526623,GAP_THROUGH_STOP|TRANSACTION_COST|INTEGER_POSITION_SIZE
BAJFINANCE.NS,2021-01-19 00:00:00,2021-01-20 00:00:00,483.91562776592144,460.9567715607409,529.8333401762825,2021-01-28 00:00:00,460.7262931749605,STOP,987.2308168227637,-997.1413874113198,45.21234412335231,-1042.353731534672,-1.0558358934634073,GAP_THROUGH_STOP|TRANSACTION_COST|INTEGER_POSITION_SIZE
BAJAJFINSV.NS,2021-01-19 00:00:00,2021-01-20 00:00:00,891.4787972269488,850.0147019360419,974.4069878087627,2021-02-01 00:00:00,973.9197843148582,TARGET,995.1382869817662,1978.5836901098264,49.60071192337879,1928.9829781864476,1.9384069565216036,TRANSACTION_COST|INTEGER_POSITION_SIZE
BAJAJFINSV.NS,2021-04-13 00:00:00,2021-04-15 00:00:00,972.6375737027037,924.8374231707384,1068.2378747666344,2021-04-29 00:00:00,1067.7037558292511,TARGET,956.003010639306,1901.3236425309492,45.2030074118197,1856.1206351191295,1.941542667190859,TRANSACTION_COST|INTEGER_POSITION_SIZE
SBILIFE.NS,2021-01-27 00:00:00,2021-01-28 00:00:00,872.7958507723461,837.1058946510284,944.1757630149814,2021-02-22 00:00:00,836.6873417037028,STOP,999.3187713968946,-1011.0382539220104,53.26524863023107,-1064.3035025522415,-1.065029030791154,GAP_THROUGH_STOP|TRANSACTION_COST|INTEGER_POSITION_SIZE
WIPRO.NS,2021-03-01 00:00:00,2021-03-02 00:00:00,191.78685529010312,183.49290929589722,208.37474727851492,2021-03-19 00:00:00,183.40116284124926,STOP,995.2735193047079,-1006.2830938624631,50.105712908363316,-1056.3888067708265,-1.0614055194684708,GAP_THROUGH_STOP|TRANSACTION_COST|INTEGER_POSITION_SIZE
WIPRO.NS,2021-07-14 00:00:00,2021-07-15 00:00:00,256.35549130956497,248.1267625909062,272.8129487468825,2021-07-23 00:00:00,272.6765422725091,TARGET,995.6761749577114,1974.8471665162394,70.9846586789734,1903.862507837266,1.9121302243855813,TRANSACTION_COST|INTEGER_POSITION_SIZE
WIPRO.NS,2021-11-12 00:00:00,2021-11-15 00:00:00,302.3029918598347,291.12606134094455,324.65685289761507,2021-11-23 00:00:00,290.9804983102741,STOP,994.7468161812255,-1007.7019259108977,58.75078917309479,-1066.4527150839924,-1.0720845724121457,GAP_THROUGH_STOP|TRANSACTION_COST|INTEGER_POSITION_SIZE
BAJAJ-AUTO.NS,2021-03-02 00:00:00,2021-03-03 00:00:00,3438.1626245901944,3289.6583536021253,3735.1711665663324,2021-03-08 00:00:00,3288.0135244253242,STOP,891.0256259284142,-900.8946009892206,44.913377999269706,-945.8079789884904,-1.0614823541163534,GAP_THROUGH_STOP|TRANSACTION_COST|INTEGER_POSITION_SIZE
BAJAJ-AUTO.NS,2021-03-10 00:00:00,2021-03-12 00:00:00,3345.845981625133,3211.5640544454695,3614.4098359844597,2021-03-15 00:00:00,3209.958272418247,STOP,939.9734902576438,-951.2139644482022,51.066202013358875,-1002.2801664615611,-1.0662855674651412,GAP_THROUGH_STOP|TRANSACTION_COST|INTEGER_POSITION_SIZE
BRITANNIA.NS,2021-10-06 00:00:00,2021-10-07 00:00:00,3669.7448007099297,3568.8228268263906,3871.588748477008,2021-10-08 00:00:00,3567.0384154129774,STOP,908.2977649518516,-924.3574676725702,72.44464180514998,-996.8021094777203,-1.09743979115765,GAP_THROUGH_STOP|TRANSACTION_COST|INTEGER_POSITION_SIZE
DABUR.NS,2021-02-01 00:00:00,2021-02-02 00:00:00,496.42717762968874,478.74930241901075,531.7829280510448,2021-02-19 00:00:00,478.50992776780123,STOP,989.9610117979678,-1003.3659922657007,60.74427820283608,-1064.1102704685368,-1.0749011908417474,GAP_THROUGH_STOP|TRANSACTION_COST|INTEGER_POSITION_SIZE
TITAN.NS,2021-02-01 00:00:00,2021-02-02 00:00:00,1487.6615420481678,1423.836699961661,1615.3112262211814,2021-02-17 00:00:00,1423.1247816116802,STOP,957.3726312976021,-968.0514065473142,48.590725504919625,-1016.6421320522338,-1.0619084970857158,GAP_THROUGH_STOP|TRANSACTION_COST|INTEGER_POSITION_SIZE
TITAN.NS,2021-07-22 00:00:00,2021-07-23 00:00:00,1687.7478630696799,1641.0818625045022,1781.0798642000352,2021-08-03 00:00:00,1780.1893242679353,TARGET,979.9860118687313,1941.2706851633636,80.78130604627775,1860.489379117086,1.8984856483505579,TRANSACTION_COST|INTEGER_POSITION_SIZE
RELIANCE.NS,2021-11-04 00:00:00,2021-11-08 00:00:00,1141.651866434267,1101.2589256319789,1222.4377480388434,2021-11-22 00:00:00,1100.7082961691628,STOP,969.4305792549167,-982.6456863625008,59.876152363657006,-1042.5218387261577,-1.0753960737729331,GAP_THROUGH_STOP|TRANSACTION_COST|INTEGER_POSITION_SIZE
BPCL.NS,2021-07-07 00:00:00,2021-07-08 00:00:00,163.80913942483406,159.71204202258866,172.00333422932485,2021-07-14 00:00:00,159.63218600157737,STOP,999.6917661478766,-1019.1766352746326,87.77404235798824,-1106.950677632621,-1.107291982505814,GAP_THROUGH_STOP|TRANSACTION_COST|INTEGER_POSITION_SIZE
NTPC.NS,2021-08-11 00:00:00,2021-08-12 00:00:00,96.4814096137271,93.35819940770293,102.72783002577543,2021-08-23 00:00:00,93.31152030799907,STOP,999.427265927734,-1014.3645778329665,67.56498561380151,-1081.929563446768,-1.082549576474132,GAP_THROUGH_STOP|TRANSACTION_COST|INTEGER_POSITION_SIZE
NTPC.NS,2021-11-01 00:00:00,2021-11-02 00:00:00,114.4851779781774,108.961704529993,125.53212487454621,2021-11-23 00:00:00,108.907223677728,STOP,999.7486941213772,-1009.6097283813425,45.00706026059842,-1054.616788641941,-1.0548818866613117,GAP_THROUGH_STOP|TRANSACTION_COST|INTEGER_POSITION_SIZE
TATASTEEL.NS,2021-02-01 00:00:00,2021-02-02 00:00:00,54.263044955883686,50.62689400010421,61.53534686744264,2021-02-23 00:00:00,61.50457919400892,TARGET,999.9415128393563,1991.421915484439,35.22774168257553,1956.1941738018636,1.9563085927367956,TRANSACTION_COST|INTEGER_POSITION_SIZE
COALINDIA.NS,2021-11-01 00:00:00,2021-11-02 00:00:00,113.0349423213122,106.47414870085376,126.15652956222908,2021-11-15 00:00:00,106.42091162650334,STOP,997.240630309683,-1005.3326656109468,37.14288766529115,-1042.475553276238,-1.0453600882191372,GAP_THROUGH_STOP|TRANSACTION_COST|INTEGER_POSITION_SIZE
IDFCFIRSTB.NS,2021-04-01 00:00:00,2021-04-05 00:00:00,56.675954533549984,52.44468673866783,65.13849012331428,2021-04-12 00:00:00,52.4184643952985,STOP,998.5791995921875,-1004.7676726273502,28.6852965008434,-1033.4529691281937,-1.0349233887009146,GAP_THROUGH_STOP|TRANSACTION_COST|INTEGER_POSITION_SIZE
MFSL.NS,2021-08-11 00:00:00,2021-08-12 00:00:00,1058.328948852539,995.9366294123101,1183.1135877329968,2021-09-28 00:00:00,995.438661097604,STOP,998.2771110436624,-1006.24460407896,36.590667803457244,-1042.8352718824174,-1.0446350620943026,GAP_THROUGH_STOP|TRANSACTION_COST|INTEGER_POSITION_SIZE
TORNTPHARM.NS,2021-08-13 00:00:00,2021-08-16 00:00:00,1400.7529632614373,1341.186769106574,1519.885351571164,2021-09-30 00:00:00,1519.1254088953783,TARGET,953.0591064778127,1893.9591301430555,51.772269288892545,1842.186860854163,1.9329198455091297,TRANSACTION_COST|INTEGER_POSITION_SIZE
BALKRISIND.NS,2021-02-01 00:00:00,2021-02-02 00:00:00,1580.4110990794068,1490.818719398981,1759.595858440258,2021-02-04 00:00:00,1758.716060511038,TARGET,985.5161764846823,1961.3545757479435,40.668672494292466,1920.685903253651,1.9489136242336493,TRANSACTION_COST|INTEGER_POSITION_SIZE
BALKRISIND.NS,2021-08-23 00:00:00,2021-08-24 00:00:00,2192.4191057651,2098.233145285275,2380.7910267247503,2021-09-07 00:00:00,2379.6006312113877,TARGET,941.859604798251,1871.8152544628765,50.665085898329636,1821.150168564547,1.9335686118045614,TRANSACTION_COST|INTEGER_POSITION_SIZE
BHARATFORG.NS,2021-08-11 00:00:00,2021-08-12 00:00:00,759.4512220951322,726.1716338755191,826.0103985343583,2021-08-20 00:00:00,725.8085480585813,STOP,998.3876465883918,-1009.2802210965249,49.58947421704714,-1058.869695313572,-1.0605797246508955,GAP_THROUGH_STOP|TRANSACTION_COST|INTEGER_POSITION_SIZE
CROMPTON.NS,2021-03-19 00:00:00,2021-03-22 00:00:00,381.58672919337397,356.6271679456725,431.5058516887769,2021-03-24 00:00:00,356.44885436169966,STOP,998.3824499080583,-1005.5149932669724,32.88038679935783,-1038.3953800663303,-1.0400777579393115,GAP_THROUGH_STOP|TRANSACTION_COST|INTEGER_POSITION_SIZE
PIIND.NS,2021-03-19 00:00:00,2021-03-22 00:00:00,2247.623164803823,2130.8183889849215,2481.2327164416256,2021-04-08 00:00:00,2479.9921000834047,TARGET,934.4382065512109,1858.9514822366546,41.88817064154885,1817.0633115951057,1.9445516020812699,TRANSACTION_COST|INTEGER_POSITION_SIZE
ATUL.NS,2021-08-13 00:00:00,2021-08-16 00:00:00,8762.434769890357,8508.554981369776,9270.194346931517,2021-09-01 00:00:00,9265.559249758051,TARGET,761.6393655617412,1509.3734396030832,59.98632403946324,1449.38711556362,1.9029834605445266,TRANSACTION_COST|INTEGER_POSITION_SIZE
AMBUJACEM.NS,2021-02-01 00:00:00,2021-02-02 00:00:00,252.97256915882033,239.32108882555409,280.2755298253528,2021-03-04 00:00:00,280.13539206044015,TARGET,996.5580643284362,1982.8860718182468,43.09673373852351,1939.7893380797234,1.9464890280998477,TRANSACTION_COST|INTEGER_POSITION_SIZE
DALBHARAT.NS,2021-04-26 00:00:00,2021-04-27 00:00:00,1444.1216988184442,1340.650053605203,1651.0649892449264,2021-05-11 00:00:00,1650.239456750304,TARGET,931.2448069191701,1855.0598213867386,30.807681638518336,1824.2521397482203,1.9589393961652033,TRANSACTION_COST|INTEGER_POSITION_SIZE
BEL.NS,2021-08-11 00:00:00,2021-08-12 00:00:00,53.59821105431819,50.79086591873034,59.212901325493895,2021-09-01 00:00:00,59.18329487483115,TARGET,999.4148682692753,1988.2898401026125,44.46684230990678,1943.8229977927058,1.944961056221725,TRANSACTION_COST|INTEGER_POSITION_SIZE
NATIONALUM.NS,2021-08-11 00:00:00,2021-08-12 00:00:00,64.58240522108295,59.06784634465669,75.61152297393548,2021-08-20 00:00:00,59.038312421484356,STOP,998.1351566331538,-1003.4807967273456,24.939331620291938,-1028.4201283476375,-1.0303415539601262,GAP_THROUGH_STOP|TRANSACTION_COST|INTEGER_POSITION_SIZE
DLF.NS,2021-03-22 00:00:00,2021-03-23 00:00:00,280.3623466250794,262.67141332890554,315.7442132174271,2021-03-25 00:00:00,262.5400776222411,STOP,990.6922645857358,-998.0470641589454,33.85894172986448,-1031.90600588881,-1.0416009519568703,GAP_THROUGH_STOP|TRANSACTION_COST|INTEGER_POSITION_SIZE
GODREJPROP.NS,2021-11-23 00:00:00,2021-11-24 00:00:00,2189.9640700161062,2025.0452003507262,2519.8018093468663,2021-11-29 00:00:00,2024.0326777505509,STOP,989.5132179922803,-995.5883535933322,28.17088562672201,-1023.7592392200542,-1.0346089578239883,GAP_THROUGH_STOP|TRANSACTION_COST|INTEGER_POSITION_SIZE
CONCOR.NS,2021-07-20 00:00:00,2021-07-22 00:00:00,623.1485729504031,598.3498661374622,672.7459865762851,2021-07-27 00:00:00,598.0506912043935,STOP,991.9482725176385,-1003.9152698403859,54.356428585625146,-1058.271698426011,-1.06686177872969,GAP_THROUGH_STOP|TRANSACTION_COST|INTEGER_POSITION_SIZE
EMAMILTD.NS,2021-03-01 00:00:00,2021-03-02 00:00:00,422.81657731757014,395.9499691909506,476.54979357080924,2021-04-09 00:00:00,476.31151867402383,TARGET,994.0645006849235,1979.3128301887866,36.81952868880097,1942.4933014999856,1.9540918121123751,TRANSACTION_COST|INTEGER_POSITION_SIZE
HAPPSTMNDS.NS,2021-10-04 00:00:00,2021-10-05 00:00:00,1336.4217478614055,1270.1413762191569,1468.9824911459027,2021-10-25 00:00:00,1269.5063055310472,STOP,994.2055746337292,-1003.7316349553737,43.511904978507886,-1047.2435399338815,-1.0533470809793959,GAP_THROUGH_STOP|TRANSACTION_COST|INTEGER_POSITION_SIZE
SONATSOFTW.NS,2021-02-03 00:00:00,2021-02-04 00:00:00,130.2327519664734,121.38489760767703,147.9284606840661,2021-02-22 00:00:00,147.85449645372407,TARGET,999.807542543988,1991.2571270593269,34.76966493603755,1956.4874621232893,1.9568640752049646,TRANSACTION_COST|INTEGER_POSITION_SIZE
LAURUSLABS.NS,2021-07-30 00:00:00,2021-08-02 00:00:00,639.5504154837472,603.1930952418485,712.2650559675446,2021-08-12 00:00:00,711.9089234395609,TARGET,981.6476465312654,1953.67971480697,40.40144641595806,1913.2782683910118,1.9490478840872707,TRANSACTION_COST|INTEGER_POSITION_SIZE
LAURUSLABS.NS,2021-08-24 00:00:00,2021-08-25 00:00:00,665.6153920718206,626.7014364341131,743.4433033472354,2021-09-20 00:00:00,626.3880857158961,STOP,972.8488909426858,-980.6826588981124,35.9662476146207,-1016.6489065127331,-1.045022424322862,GAP_THROUGH_STOP|TRANSACTION_COST|INTEGER_POSITION_SIZE
SUNDRMFAST.NS,2021-05-17 00:00:00,2021-05-18 00:00:00,723.2990628405737,677.3466902547582,815.2038080122047,2021-06-09 00:00:00,814.7962061081986,TARGET,964.9998243021257,1921.4400086201226,35.74849251934373,1885.691516100779,1.9540848284241756,TRANSACTION_COST|INTEGER_POSITION_SIZE
TIINDIA.NS,2021-10-07 00:00:00,2021-10-08 00:00:00,1321.8278495879927,1236.8921732198532,1491.6992023242715,2021-11-02 00:00:00,1490.9533527231094,TARGET,934.2924400495335,1860.3805344862847,34.24246310742646,1826.1380713788583,1.9545679629838828,TRANSACTION_COST|INTEGER_POSITION_SIZE
CDSL.NS,2021-08-24 00:00:00,2021-08-25 00:00:00,561.931246088092,515.3576385438508,655.0784611765745,2021-09-14 00:00:00,654.7509219459862,TARGET,978.0457584290655,1949.213193015777,28.24599504649639,1920.9671979692807,1.964087243785744,TRANSACTION_COST|INTEGER_POSITION_SIZE
EQUITASBNK.NS,2021-04-13 00:00:00,2021-04-15 00:00:00,49.870926643227875,45.17659755471291,59.2595848202578,2021-05-25 00:00:00,59.22995502784767,TARGET,999.8920958536869,1993.473045924017,25.673701361085914,1967.799344562931,1.9680117011854816,TRANSACTION_COST|INTEGER_POSITION_SIZE
AFFLE.NS,2021-01-19 00:00:00,2021-01-20 00:00:00,722.1208897705078,683.3078399203889,799.7469894707456,2021-02-05 00:00:00,799.3471159760102,TARGET,970.3262462529722,1930.6556551375593,42.122570979706694,1888.5330841578525,1.9462867169167515,TRANSACTION_COST|INTEGER_POSITION_SIZE
BLUEDART.NS,2021-01-20 00:00:00,2021-01-21 00:00:00,3914.614208969821,3756.5383532190253,4230.765920471413,2021-01-22 00:00:00,4228.650537511177,TARGET,948.4551345047739,1884.2179712481384,54.152728719194954,1830.0652425289434,1.9295222050587486,TRANSACTION_COST|INTEGER_POSITION_SIZE
BLUEDART.NS,2021-06-21 00:00:00,2021-06-22 00:00:00,5636.995592688683,5357.666968780804,6195.652840504441,2021-07-26 00:00:00,5354.988135296414,STOP,837.9858717236366,-846.022372176808,36.707186008255164,-882.7295581850631,-1.0533943208008913,GAP_THROUGH_STOP|TRANSACTION_COST|INTEGER_POSITION_SIZE
BLUEDART.NS,2021-10-26 00:00:00,2021-10-27 00:00:00,6118.982709590947,5844.208633978134,6668.530860816573,2021-11-01 00:00:00,6665.196595386165,TARGET,824.3222268384397,1638.641657385656,42.495439172753564,1596.1462182129023,1.9363134539446716,TRANSACTION_COST|INTEGER_POSITION_SIZE
APLAPOLLO.NS,2021-07-15 00:00:00,2021-07-16 00:00:00,749.6010155448472,706.1134825379427,836.5760815586563,2021-07-27 00:00:00,836.1577935178769,TARGET,956.7257261518996,1904.2491154066543,38.62418252025427,1865.6249328864,1.9500102086626594,TRANSACTION_COST|INTEGER_POSITION_SIZE
ASTRAL.NS,2021-03-26 00:00:00,2021-03-30 00:00:00,1228.458582057172,1136.3132956602103,1412.7491548510952,2021-04-12 00:00:00,1135.7451390123802,STOP,921.4528639696164,-927.134430447918,26.341181523775937,-953.475611971694,-1.0347524537111141,GAP_THROUGH_STOP|TRANSACTION_COST|INTEGER_POSITION_SIZE
RATNAMANI.NS,2021-01-28 00:00:00,2021-01-29 00:00:00,1021.6732736375682,967.2896480050182,1130.4405249026681,2021-02-01 00:00:00,966.8060031810157,STOP,978.9052613858996,-987.6108682179438,39.84776852663249,-1027.4586367445763,-1.0495996673773482,GAP_THROUGH_STOP|TRANSACTION_COST|INTEGER_POSITION_SIZE
PVRINOX.NS,2021-07-22 00:00:00,2021-07-23 00:00:00,1345.0722244262695,1287.80726976157,1459.6021337556683,2021-08-24 00:00:00,1287.1633661266892,STOP,973.5042292998901,-984.4505910928649,49.7989804422446,-1034.2495715351095,-1.062398642355057,GAP_THROUGH_STOP|TRANSACTION_COST|INTEGER_POSITION_SIZE
ARVIND.NS,2021-03-26 00:00:00,2021-03-30 00:00:00,61.68101442551224,55.493622336137975,74.05579860426076,2021-04-19 00:00:00,55.4658755249699,STOP,996.1701263892564,-1000.637362987316,21.03349166129448,-1021.6708546486105,-1.0255987683065588,GAP_THROUGH_STOP|TRANSACTION_COST|INTEGER_POSITION_SIZE
NHPC.NS,2021-01-29 00:00:00,2021-02-01 00:00:00,19.45696015991468,18.5897430662965,21.19139434715104,2021-02-02 00:00:00,18.580448194763353,STOP,999.9013089417615,-1010.6182958194796,48.81098155038124,-1059.4292773698608,-1.0595338438861535,TRANSACTION_COST|INTEGER_POSITION_SIZE
NHPC.NS,2021-03-30 00:00:00,2021-03-31 00:00:00,21.029788772383725,19.932463556496003,23.224439204159168,2021-04-12 00:00:00,19.922497324717757,STOP,999.6632716737143,-1008.7425088236971,41.532755947421606,-1050.2752647711186,-1.0506290413297528,TRANSACTION_COST|INTEGER_POSITION_SIZE
BRIGADE.NS,2021-01-29 00:00:00,2021-02-01 00:00:00,179.52321345212866,164.50686436902888,209.55591161832822,2021-02-08 00:00:00,209.45113366251906,TARGET,991.0790394845857,1975.2427338857663,28.379591712848793,1946.8631421729174,1.9643873642866978,TRANSACTION_COST|INTEGER_POSITION_SIZE
JKCEMENT.NS,2021-06-17 00:00:00,2021-06-18 00:00:00,2737.7931966130286,2631.0741836614266,2951.2312225162327,2021-07-06 00:00:00,2949.7556069049747,TARGET,960.4711165644185,1907.6616926275146,56.738294333695805,1850.9233982938188,1.927099489378219,TRANSACTION_COST|INTEGER_POSITION_SIZE
ICICIBANK.NS,2022-09-30 00:00:00,2022-10-03 00:00:00,832.3326624655173,804.1163849858773,888.7652174247972,2022-10-24 00:00:00,888.3208348160848,TARGET,987.5697117873995,1959.5860322698638,66.77425265853834,1892.8117796113254,1.9166361189687875,TRANSACTION_COST|INTEGER_POSITION_SIZE
SBIN.NS,2022-12-26 00:00:00,2022-12-27 00:00:00,558.0643133165967,540.4557873318518,593.2813652860865,2022-12-30 00:00:00,570.141357421875,END_OF_DATA,986.0774551457152,676.3144698955866,70.15599899639145,606.1584708991952,0.6147168944346483,END_OF_DATA
AXISBANK.NS,2022-02-25 00:00:00,2022-02-28 00:00:00,746.5795709457631,712.0379914719622,815.6627298933648,2022-03-04 00:00:00,711.6819724762262,STOP,967.1642252664246,-977.1327571470329,45.446112928604045,-1022.5788700756369,-1.057296003472365,GAP_THROUGH_STOP|TRANSACTION_COST|INTEGER_POSITION_SIZE
INDUSINDBK.NS,2022-12-26 00:00:00,2022-12-27 00:00:00,1174.24546805372,1126.010169286257,1270.7160655886462,2022-12-30 00:00:00,1191.6787109375,END_OF_DATA,964.7059753492613,348.6648576755988,52.55537937014827,296.1094783054505,0.3069427223131352,END_OF_DATA
HINDUNILVR.NS,2022-09-19 00:00:00,2022-09-20 00:00:00,2419.7602532484148,2347.139454194116,2565.0018513570126,2022-10-25 00:00:00,2345.965884467019,STOP,944.0703877058859,-959.3267941581462,68.91733381997848,-1028.2441279781247,-1.0891604496533178,GAP_THROUGH_STOP|TRANSACTION_COST|INTEGER_POSITION_SIZE
BRITANNIA.NS,2022-09-07 00:00:00,2022-09-08 00:00:00,3472.093906118782,3367.230091853445,3681.8215346494553,2022-09-19 00:00:00,3365.5464768075185,STOP,943.7743283880304,-958.9268638013705,68.45539346420405,-1027.3822572655745,-1.088588899234361,GAP_THROUGH_STOP|TRANSACTION_COST|INTEGER_POSITION_SIZE
NTPC.NS,2022-05-16 00:00:00,2022-05-17 00:00:00,128.73384210668928,122.25140254465666,141.69872123075453,2022-06-17 00:00:00,122.19027684338432,STOP,998.2956925530241,-1007.7090505489632,43.015922549471,-1050.7249730984342,-1.0525187887081116,GAP_THROUGH_STOP|TRANSACTION_COST|INTEGER_POSITION_SIZE
HINDALCO.NS,2022-12-26 00:00:00,2022-12-27 00:00:00,437.22460232436737,416.9088257818167,477.8561554094687,2022-12-30 00:00:00,461.78558349609375,END_OF_DATA,995.4730505849833,1203.4880774145927,48.860909538871766,1154.627167875721,1.1598778763495523,END_OF_DATA
COALINDIA.NS,2022-02-25 00:00:00,2022-02-28 00:00:00,116.9919254860714,111.09085766495781,128.79406112829855,2022-03-02 00:00:00,128.7296640977344,TARGET,997.2804617681959,1983.677825371048,45.99704919215553,1937.6807761788923,1.9429647430807477,TRANSACTION_COST|INTEGER_POSITION_SIZE
PIDILITIND.NS,2022-10-04 00:00:00,2022-10-06 00:00:00,1326.4441719297754,1281.3494243684904,1416.6336670523453,2022-10-10 00:00:00,1280.7087496563063,STOP,992.0844463482695,-1006.1792900163205,63.81245792048436,-1069.9917479368048,-1.0785289013201464,GAP_THROUGH_STOP|TRANSACTION_COST|INTEGER_POSITION_SIZE
CANBK.NS,2022-12-26 00:00:00,2022-12-27 00:00:00,54.05455585805647,51.06454466133333,60.034578251502744,2022-12-30 00:00:00,58.34239959716797,END_OF_DATA,998.6637397055282,1432.1398088632416,41.608661534712795,1390.5311473285287,1.3923917451318988,END_OF_DATA
FEDERALBNK.NS,2022-09-27 00:00:00,2022-09-28 00:00:00,110.2096387256224,104.13350664075674,122.36190289535372,2022-10-12 00:00:00,122.30072194390604,TARGET,996.4856619179686,1982.9376477985174,42.22421519585373,1940.7134326026637,1.947557809178417,TRANSACTION_COST|INTEGER_POSITION_SIZE
BANDHANBNK.NS,2022-02-25 00:00:00,2022-02-28 00:00:00,294.44457037730587,276.4310184476232,330.47167423667116,2022-03-03 00:00:00,276.2928029383994,STOP,990.7453561325457,-998.3472091398553,34.95687750269197,-1033.3040866425472,-1.0429562755420152,GAP_THROUGH_STOP|TRANSACTION_COST|INTEGER_POSITION_SIZE
EXIDEIND.NS,2022-12-26 00:00:00,2022-12-27 00:00:00,177.29024869153005,170.61514866868333,190.6404487372235,2022-12-30 00:00:00,176.3699493408203,END_OF_DATA,994.5899034041613,-137.1246032557513,58.566749020829974,-195.69135227658128,-0.19675582027003566,END_OF_DATA
PIIND.NS,2022-09-20 00:00:00,2022-09-21 00:00:00,3130.791293908887,2988.6071530409836,3415.1595756446936,2022-09-23 00:00:00,2987.112849464463,STOP,995.2889860753235,-1005.7491111109666,47.66405023070269,-1053.4131613416694,-1.0583992951590313,GAP_THROUGH_STOP|TRANSACTION_COST|INTEGER_POSITION_SIZE
ABB.NS,2022-09-27 00:00:00,2022-09-28 00:00:00,2934.3283107943794,2785.6267482708745,3231.731435841389,2022-12-16 00:00:00,2784.233934896739,STOP,892.2093751410293,-900.5662553858429,38.19523276933609,-938.761488155179,-1.0521762204155176,GAP_THROUGH_STOP|TRANSACTION_COST|INTEGER_POSITION_SIZE
BEL.NS,2022-09-30 00:00:00,2022-10-03 00:00:00,97.43245378931168,92.45101424352475,107.39533288088553,2022-11-03 00:00:00,107.34163521444509,TARGET,996.2879091573853,1981.8362850266822,45.361420644080724,1936.4748643826015,1.943690018300416,TRANSACTION_COST|INTEGER_POSITION_SIZE
HAL.NS,2022-05-16 00:00:00,2022-05-17 00:00:00,766.1781558549386,723.2287927914634,852.076881981889,2022-05-23 00:00:00,851.650843540898,TARGET,987.835350459929,1965.8718167770658,41.2013535104424,1924.6704632666233,1.9483717224439383,TRANSACTION_COST|INTEGER_POSITION_SIZE
NMDC.NS,2022-12-26 00:00:00,2022-12-27 00:00:00,33.21335261475719,31.70898694764794,36.222083948975694,2022-12-30 00:00:00,34.7647705078125,END_OF_DATA,998.8988029605429,1030.1414809887249,50.08067379800626,980.0608071907186,0.9811412370162101,END_OF_DATA
VEDL.NS,2022-12-26 00:00:00,2022-12-27 00:00:00,203.9741457689809,194.25932616920275,223.40378496853717,2022-12-30 00:00:00,210.21124267578125,END_OF_DATA,990.9115991773701,636.1838844936367,46.89815059957475,589.285733894062,0.5946905197025367,END_OF_DATA
KPITTECH.NS,2022-12-26 00:00:00,2022-12-27 00:00:00,677.6298316855045,636.5540772139167,759.7813406286803,2022-12-30 00:00:00,686.6018676757812,END_OF_DATA,985.8181073181086,215.328863766641,36.36712395972417,178.96173980691685,0.1815362676729254,END_OF_DATA
SONATSOFTW.NS,2022-12-19 00:00:00,2022-12-20 00:00:00,258.122974975938,245.41189497830604,283.54513497120195,2022-12-30 00:00:00,265.6519775390625,END_OF_DATA,991.4642398152937,587.2621999237105,45.354478274913575,541.9077216487968,0.5465731388857276,END_OF_DATA
TIINDIA.NS,2022-05-13 00:00:00,2022-05-16 00:00:00,1721.3375987863963,1603.4570659260921,1957.0986645070045,2022-05-19 00:00:00,1602.655337393129,STOP,943.044262882433,-949.458091146138,29.620868352828193,-979.0789594989662,-1.038211034237558,GAP_THROUGH_STOP|TRANSACTION_COST|INTEGER_POSITION_SIZE
UJJIVANSFB.NS,2022-12-26 00:00:00,2022-12-27 00:00:00,26.850283270605853,24.550355968410873,31.450137874995814,2022-12-30 00:00:00,26.929725646972656,END_OF_DATA,998.1684491526215,34.477991343192436,25.934011128868434,8.543980214324002,0.00855965766256915,END_OF_DATA
ELGIEQUIP.NS,2022-02-23 00:00:00,2022-02-24 00:00:00,328.7219143946829,289.5508539064546,407.06403537113954,2022-03-21 00:00:00,289.4060784795014,STOP,979.2765122057076,-982.8958978795384,17.245714617581175,-1000.1416124971196,-1.0213066483586088,GAP_THROUGH_STOP|TRANSACTION_COST|INTEGER_POSITION_SIZE
GRINDWELL.NS,2022-09-30 00:00:00,2022-10-03 00:00:00,2006.4633733405299,1897.0790878116018,2225.231944398386,2022-10-11 00:00:00,1896.130548267696,STOP,984.4585697603529,-992.995425655505,39.104449155121365,-1032.0998748106263,-1.0483934078219976,GAP_THROUGH_STOP|TRANSACTION_COST|INTEGER_POSITION_SIZE
JKCEMENT.NS,2022-12-26 00:00:00,2022-12-27 00:00:00,2965.290670325444,2817.611996396531,3260.6480181832694,2022-12-30 00:00:00,2875.78076171875,END_OF_DATA,886.0720435734765,-537.0594516401634,38.98478211774146,-576.0442337579049,-0.6501099294756578,END_OF_DATA
SBILIFE.NS,2023-08-04 00:00:00,2023-08-07 00:00:00,1267.1762247993297,1229.280388655724,1342.9678970865411,2023-08-08 00:00:00,1342.296413137998,TARGET,985.2917397337487,1953.1248968053728,75.24607551341776,1877.878821291955,1.905911463136194,TRANSACTION_COST|INTEGER_POSITION_SIZE
TECHM.NS,2023-07-31 00:00:00,2023-08-01 00:00:00,1021.8640633625519,980.6534129176283,1104.285364252399,2023-08-09 00:00:00,1103.7332215702727,TARGET,989.0556106781651,1964.8597969853,56.54109076034841,1908.3187062249515,1.9294351961832317,TRANSACTION_COST|INTEGER_POSITION_SIZE
BRITANNIA.NS,2023-07-26 00:00:00,2023-07-27 00:00:00,4760.934310052488,4622.85196411064,5037.099001936184,2023-07-31 00:00:00,4620.5405381285855,STOP,966.5764215929357,-982.7564034673205,73.04827811777409,-1055.8046815850946,-1.0923137146725648,GAP_THROUGH_STOP|TRANSACTION_COST|INTEGER_POSITION_SIZE
DABUR.NS,2023-08-04 00:00:00,2023-08-07 00:00:00,542.6480864440955,524.4521935553055,579.0398722216755,2023-08-29 00:00:00,524.1899674585278,STOP,982.5782159946607,-996.7384252206555,64.09165727933535,-1060.8300824999908,-1.0796393256348717,GAP_THROUGH_STOP|TRANSACTION_COST|INTEGER_POSITION_SIZE
ONGC.NS,2023-03-29 00:00:00,2023-03-31 00:00:00,128.5509808315961,124.21613771120127,137.22066707238574,2023-04-13 00:00:00,137.15205673884955,TARGET,997.0139176908092,1978.2474586682956,67.76053987486875,1910.4869187934269,1.91620887621942,TRANSACTION_COST|INTEGER_POSITION_SIZE
BHARTIARTL.NS,2023-08-21 00:00:00,2023-08-22 00:00:00,848.7397467146793,827.0413384743199,892.1365631953981,2023-08-29 00:00:00,826.6278178050827,STOP,998.126779056533,-1017.1487298414436,85.71503802828582,-1102.8637678697294,-1.1049335525414894,GAP_THROUGH_STOP|TRANSACTION_COST|INTEGER_POSITION_SIZE
BHARTIARTL.NS,2023-10-27 00:00:00,2023-10-30 00:00:00,891.4203887911477,870.5673536956311,933.1264589821809,2023-11-20 00:00:00,932.6598957526899,TARGET,980.0926494892797,1938.2568271924802,95.12200633676855,1843.1348208557115,1.880572027365125,TRANSACTION_COST|INTEGER_POSITION_SIZE
LT.NS,2023-10-27 00:00:00,2023-10-30 00:00:00,2823.8507613340316,2745.2380660451595,2981.076151911776,2023-11-15 00:00:00,2979.58561383582,TARGET,943.3523434664658,1868.8182300214594,77.24699130596231,1791.571238715497,1.8991538539376975,TRANSACTION_COST|INTEGER_POSITION_SIZE
ADANIPORTS.NS,2023-10-10 00:00:00,2023-10-11 00:00:00,816.8437758292563,784.722457542289,881.0864124031908,2023-10-19 00:00:00,784.3300963135179,STOP,995.7608668959853,-1007.9240649878914,55.23284145949161,-1063.1569064473829,-1.067682956613355,GAP_THROUGH_STOP|TRANSACTION_COST|INTEGER_POSITION_SIZE
BANKBARODA.NS,2023-08-08 00:00:00,2023-08-09 00:00:00,177.7276281856211,170.60232458000667,191.97823539685,2023-08-16 00:00:00,170.51702341771667,STOP,997.5425047860227,-1009.4846675066219,54.25270292122289,-1063.7373704278448,-1.0663579399616874,GAP_THROUGH_STOP|TRANSACTION_COST|INTEGER_POSITION_SIZE
MFSL.NS,2023-08-04 00:00:00,2023-08-07 00:00:00,775.137375,742.3464687545112,840.7191874909777,2023-08-10 00:00:00,840.2988278972322,TARGET,983.7271873646648,1954.8435869169646,53.70682803100162,1901.136758885963,1.9325853583237576,TRANSACTION_COST|INTEGER_POSITION_SIZE
MFSL.NS,2023-10-05 00:00:00,2023-10-06 00:00:00,920.3099005737306,885.0276345319796,990.8744326572325,2023-10-23 00:00:00,884.5851207147136,STOP,987.9034491690272,-1000.293836052475,56.233117735639574,-1056.5269537881145,-1.0694637767251545,GAP_THROUGH_STOP|TRANSACTION_COST|INTEGER_POSITION_SIZE
NATCOPHARM.NS,2023-09-12 00:00:00,2023-09-13 00:00:00,808.099513096681,764.678972762965,894.9405937641129,2023-11-01 00:00:00,764.2966332765835,STOP,998.6724276754671,-1007.4662358622419,40.26317201113454,-1047.7294078733764,-1.0491221934624704,GAP_THROUGH_STOP|TRANSACTION_COST|INTEGER_POSITION_SIZE
EXIDEIND.NS,2023-09-25 00:00:00,2023-09-26 00:00:00,255.5008741715704,246.35922777416698,273.7841669663772,2023-10-25 00:00:00,246.2360481602799,STOP,996.4394573169712,-1009.866035230664,60.84793929745176,-1070.7139745281158,-1.0745399197771004,GAP_THROUGH_STOP|TRANSACTION_COST|INTEGER_POSITION_SIZE
DIXON.NS,2023-07-25 00:00:00,2023-07-26 00:00:00,4133.006824779462,3942.0300862180516,4514.960301902282,2023-08-04 00:00:00,4512.702821751331,TARGET,954.88369280705,1898.4799848593457,47.89430073951468,1850.585684119831,1.9380220837992386,TRANSACTION_COST|INTEGER_POSITION_SIZE
PIIND.NS,2023-07-14 00:00:00,2023-07-17 00:00:00,3598.543290983785,3456.8534568476052,3881.9229592561446,2023-07-31 00:00:00,3455.1250301191812,STOP,991.8288389532586,-1003.9278260522265,54.942832023455665,-1058.870658075682,-1.0675941417404005,GAP_THROUGH_STOP|TRANSACTION_COST|INTEGER_POSITION_SIZE
RAMCOCEM.NS,2023-07-25 00:00:00,2023-07-26 00:00:00,891.6105560904913,861.2310103356216,952.3696476002307,2023-08-03 00:00:00,860.8003948304538,STOP,972.1454641558303,-985.9251603211997,62.38833195016259,-1048.3134922713623,-1.0783504433481805,GAP_THROUGH_STOP|TRANSACTION_COST|INTEGER_POSITION_SIZE
DALBHARAT.NS,2023-12-21 00:00:00,2023-12-22 00:00:00,2210.226798679032,2108.425667730726,2413.829060575644,2023-12-29 00:00:00,2247.80078125,END_OF_DATA,916.2101785347527,338.16584313871135,44.55952296157257,293.6063201771388,0.3204573874595981,END_OF_DATA
VEDL.NS,2023-07-25 00:00:00,2023-07-26 00:00:00,225.60991652311955,220.1691724664656,236.49140463642746,2023-08-02 00:00:00,220.05908788023237,STOP,995.6561623676737,-1015.8016416483545,90.70491939406644,-1106.5065610424208,-1.1113340155613003,GAP_THROUGH_STOP|TRANSACTION_COST|INTEGER_POSITION_SIZE
GODREJPROP.NS,2023-08-07 00:00:00,2023-08-08 00:00:00,1564.2245051582215,1488.5225473462551,1715.6284207821543,2023-08-14 00:00:00,1487.778286072582,STOP,984.1254515555631,-993.800848113314,44.163578161555634,-1037.9644262748698,-1.054707430474647,GAP_THROUGH_STOP|TRANSACTION_COST|INTEGER_POSITION_SIZE
PRESTIGE.NS,2023-07-24 00:00:00,2023-07-25 00:00:00,548.7884977630029,520.9339786878973,604.497535913214,2023-08-08 00:00:00,604.1952871452575,TARGET,974.908167628696,1939.237628378911,44.69745175576791,1894.5401766231432,1.9433011636688828,TRANSACTION_COST|INTEGER_POSITION_SIZE
VBL.NS,2023-10-27 00:00:00,2023-10-30 00:00:00,365.8616049553523,349.8857539864211,397.81330689321464,2023-11-08 00:00:00,397.61440023976803,TARGET,990.5027600737334,1968.6733076337769,52.452801517562534,1916.2205061162144,1.9345938076675024,TRANSACTION_COST|INTEGER_POSITION_SIZE
KPITTECH.NS,2023-07-24 00:00:00,2023-07-25 00:00:00,1053.7222453988848,992.7122921775887,1175.742151841477,2023-08-23 00:00:00,1175.1542807655562,TARGET,976.1592515407374,1942.9125658667435,39.4828503041777,1903.429715562566,1.949917201069657,TRANSACTION_COST|INTEGER_POSITION_SIZE
GALAXYSURF.NS,2023-08-17 00:00:00,2023-08-18 00:00:00,2576.031496898025,2476.112767696065,2775.8689553019453,2023-09-28 00:00:00,2474.874711312217,STOP,999.187292019601,-1011.5678558580794,56.20285061043571,-1067.770706468515,-1.0686391980729562,GAP_THROUGH_STOP|TRANSACTION_COST
EQUITASBNK.NS,2023-08-08 00:00:00,2023-08-09 00:00:00,90.38591276860971,85.35514185696809,100.44745459189296,2023-08-10 00:00:00,85.3124642860396,STOP,996.0926405050417,-1004.5427995488826,38.73298044867026,-1043.275779997553,-1.047368224172993,GAP_THROUGH_STOP|TRANSACTION_COST|INTEGER_POSITION_SIZE
APLAPOLLO.NS,2023-09-27 00:00:00,2023-09-28 00:00:00,1617.6587249784868,1535.5782216457278,1781.8197316440048,2023-11-01 00:00:00,1534.810432534905,STOP,984.9660399931081,-994.1795093229821,42.11183176752293,-1036.291341090505,-1.0521087012276646,GAP_THROUGH_STOP|TRANSACTION_COST|INTEGER_POSITION_SIZE
ASTRAL.NS,2023-07-12 00:00:00,2023-07-13 00:00:00,1852.412894378782,1782.2279939447535,1992.7826952468392,2023-08-01 00:00:00,1991.786303899216,TARGET,982.5886060764001,1951.2277332860735,59.65849529628288,1891.5692379897907,1.9250876982413472,TRANSACTION_COST|INTEGER_POSITION_SIZE
PVRINOX.NS,2023-10-10 00:00:00,2023-10-11 00:00:00,1698.7489744262696,1650.0689291355272,1796.1090650077542,2023-10-23 00:00:00,1649.2438946709594,STOP,973.6009058148466,-990.1015951062027,74.48179209874172,-1064.5833872049443,-1.0934494625536022,GAP_THROUGH_STOP|TRANSACTION_COST|INTEGER_POSITION_SIZE
JKLAKSHMI.NS,2023-01-11 00:00:00,2023-01-12 00:00:00,747.1657409438403,700.2773247849251,840.9425732616708,2023-01-19 00:00:00,699.9271861225326,STOP,984.6567393372196,-992.0096512474623,33.84339370826097,-1025.8530449557234,-1.041838240650476,GAP_THROUGH_STOP|TRANSACTION_COST|INTEGER_POSITION_SIZE
ICICIBANK.NS,2024-04-19 00:00:00,2024-04-22 00:00:00,1053.055318167675,1023.7181236115213,1111.7297072799827,2024-04-29 00:00:00,1111.1738424263426,TARGET,997.4646149092293,1976.0298247946967,81.62002001228883,1894.4098047824077,1.8992250717132473,TRANSACTION_COST|INTEGER_POSITION_SIZE
ICICIBANK.NS,2024-06-05 00:00:00,2024-06-06 00:00:00,1091.3196618309426,1044.1268840363239,1185.70521742018,2024-06-26 00:00:00,1185.11236481147,TARGET,991.0483336869922,1969.646762591074,52.97451605279824,1916.6722465382759,1.9339846316149785,TRANSACTION_COST|INTEGER_POSITION_SIZE
SBIN.NS,2024-01-24 00:00:00,2024-01-25 00:00:00,586.0594324928012,565.9795259412759,626.2192455958517,2024-02-07 00:00:00,625.9061359730538,TARGET,983.9154210247375,1952.4884705323766,65.84517825312795,1886.6432922792487,1.9174852349751055,TRANSACTION_COST|INTEGER_POSITION_SIZE
TECHM.NS,2024-12-23 00:00:00,2024-12-24 00:00:00,1627.8334576188442,1571.2975444433375,1740.9052839698577,2024-12-31 00:00:00,1616.22119140625,END_OF_DATA,961.1105239836143,-197.40852561410225,61.29772945351957,-258.70625506762184,-0.26917430265494885,END_OF_DATA
APOLLOHOSP.NS,2024-10-08 00:00:00,2024-10-09 00:00:00,6926.4880179188685,6707.090633807655,7365.282786141296,2024-11-07 00:00:00,7361.600144748226,TARGET,877.5895364448552,1740.4485073174292,63.37864658854281,1677.0698607288864,1.9109957344326973,TRANSACTION_COST|INTEGER_POSITION_SIZE
MARUTI.NS,2024-06-05 00:00:00,2024-06-06 00:00:00,12145.91449852721,11635.896935004712,13165.949625572208,2024-07-03 00:00:00,11630.07898653721,STOP,510.0175635224987,-515.8355119900007,26.459189799833446,-542.2947017898341,-1.0632863269343302,GAP_THROUGH_STOP|TRANSACTION_COST|INTEGER_POSITION_SIZE
DABUR.NS,2024-08-16 00:00:00,2024-08-19 00:00:00,598.0627612489917,575.2324711466035,643.7233414537681,2024-09-10 00:00:00,643.4014797830412,TARGET,981.7024744026916,1949.564896964127,59.17431836904535,1890.3905785950817,1.9256247466884238,TRANSACTION_COST|INTEGER_POSITION_SIZE
ONGC.NS,2024-06-03 00:00:00,2024-06-04 00:00:00,255.78895520415423,244.6360165851397,278.09483244218325,2024-06-05 00:00:00,244.51369857684713,STOP,992.6115370922923,-1003.4978398303319,49.55475152877706,-1053.052591359109,-1.0608909447535435,GAP_THROUGH_STOP|TRANSACTION_COST|INTEGER_POSITION_SIZE
HINDALCO.NS,2024-01-24 00:00:00,2024-01-25 00:00:00,556.5465754837105,534.2664844538415,601.1067575434486,2024-02-13 00:00:00,533.9993512116146,STOP,980.3240053142372,-992.0778679722216,53.39549730936725,-1045.473365281589,-1.0664569668948058,GAP_THROUGH_STOP|TRANSACTION_COST|INTEGER_POSITION_SIZE
HINDALCO.NS,2024-07-22 00:00:00,2024-07-23 00:00:00,660.4877265859839,633.7479759892537,713.9672277794441,2024-07-24 00:00:00,633.4311020012591,STOP,989.3707720790144,-1001.0951096348166,53.27502316920305,-1054.3701328040197,-1.0656976763002801,GAP_THROUGH_STOP|TRANSACTION_COST|INTEGER_POSITION_SIZE
ULTRACEMCO.NS,2024-08-16 00:00:00,2024-08-19 00:00:00,11029.1987082225,10635.485510157028,11816.625104353445,2024-09-27 00:00:00,11810.716791801267,TARGET,787.4263961309443,1563.0361671575338,50.64338817032201,1512.3927789872118,1.9206782836064717,TRANSACTION_COST|INTEGER_POSITION_SIZE
GRASIM.NS,2024-08-07 00:00:00,2024-08-08 00:00:00,2606.9272888707956,2514.412228433203,2791.957409745981,2024-08-13 00:00:00,2513.1550223189865,STOP,925.1506043759264,-937.7226655180903,56.966015063255625,-994.6886805813459,-1.0751640607232025,GAP_THROUGH_STOP|TRANSACTION_COST|INTEGER_POSITION_SIZE
ADANIPORTS.NS,2024-03-14 00:00:00,2024-03-15 00:00:00,1257.5485921150157,1194.2443869494118,1384.1570024462235,2024-04-02 00:00:00,1383.4649239450005,TARGET,949.5630774840583,1888.7449774497713,43.87978740765087,1844.8651900421205,1.9428569136557365,TRANSACTION_COST|INTEGER_POSITION_SIZE
PIDILITIND.NS,2024-04-22 00:00:00,2024-04-23 00:00:00,1433.0729224699794,1387.330876462783,1524.5570144843723,2024-05-02 00:00:00,1523.7947359771301,TARGET,960.5829661511254,1905.1580836501653,68.85782577686274,1836.3002578733026,1.911651905749496,TRANSACTION_COST|INTEGER_POSITION_SIZE
FEDERALBNK.NS,2024-06-05 00:00:00,2024-06-06 00:00:00,165.22548902931615,157.44608596546553,180.7842951570174,2024-07-05 00:00:00,180.69390300943888,TARGET,995.7635921728797,1979.9569894557098,49.05401488501099,1930.902974570699,1.9391178686873147,TRANSACTION_COST|INTEGER_POSITION_SIZE
CHOLAFIN.NS,2024-10-08 00:00:00,2024-10-09 00:00:00,1535.8766891208,1469.4723032447826,1668.6854608728347,2024-10-17 00:00:00,1468.7375670931601,STOP,996.0657881402608,-1007.0868304145972,50.15761373441529,-1057.2444441490125,-1.061420296467543,GAP_THROUGH_STOP|TRANSACTION_COST|INTEGER_POSITION_SIZE
MUTHOOTFIN.NS,2024-01-19 00:00:00,2024-01-23 00:00:00,1366.9812694843092,1312.4459720686282,1476.0518643156713,2024-02-01 00:00:00,1311.789749082594,STOP,981.6353534822588,-993.4473672308745,53.65546862234678,-1047.1028358532212,-1.0666922621915793,GAP_THROUGH_STOP|TRANSACTION_COST|INTEGER_POSITION_SIZE
LUPIN.NS,2024-04-22 00:00:00,2024-04-23 00:00:00,1574.5242597338333,1512.1722323695315,1699.228314462437,2024-06-04 00:00:00,1511.4161462533466,STOP,997.63243782883,-1009.7298156877878,54.942565153512746,-1064.6723808413005,-1.067199040919691,GAP_THROUGH_STOP|TRANSACTION_COST|INTEGER_POSITION_SIZE
TORNTPHARM.NS,2024-03-21 00:00:00,2024-03-22 00:00:00,2503.5921829876233,2405.4898287629044,2699.7968914370613,2024-05-03 00:00:00,2698.4469929913425,TARGET,981.0235422471897,1948.548100037192,57.660270746161245,1890.8878292910308,1.9274642736500014,TRANSACTION_COST|INTEGER_POSITION_SIZE
TORNTPHARM.NS,2024-05-10 00:00:00,2024-05-13 00:00:00,2557.792241348693,2456.051319583507,2761.2740848790654,2024-06-06 00:00:00,2759.893447836626,TARGET,915.6682958866754,1818.9108583913953,53.045937064476455,1765.8649213269189,1.9284984849420463,TRANSACTION_COST|INTEGER_POSITION_SIZE
ALKEM.NS,2024-01-24 00:00:00,2024-01-25 00:00:00,4869.7102065621675,4687.227198093997,5234.676223498509,2024-02-02 00:00:00,4684.88358449495,STOP,912.4150423408537,-924.1331103360881,53.15587518358139,-977.2889855196695,-1.0711013520912347,GAP_THROUGH_STOP|TRANSACTION_COST|INTEGER_POSITION_SIZE
IPCALAB.NS,2024-03-14 00:00:00,2024-03-15 00:00:00,1174.7232414327614,1115.0344335602156,1294.100857177853,2024-04-05 00:00:00,1293.453806749264,TARGET,955.0209259607327,1899.6890450640421,43.74076345831011,1855.948281605732,1.9433587591169101,TRANSACTION_COST|INTEGER_POSITION_SIZE
ASHOKLEY.NS,2024-09-12 00:00:00,2024-09-13 00:00:00,117.97325200873749,113.6347067234055,126.65034257940147,2024-09-17 00:00:00,113.57788937004379,STOP,997.8654156263575,-1010.9334068995504,59.25611919036632,-1070.1895260899166,-1.072478822625756,GAP_THROUGH_STOP|TRANSACTION_COST|INTEGER_POSITION_SIZE
MOTHERSON.NS,2024-03-14 00:00:00,2024-03-15 00:00:00,73.8905417069077,69.66463198620944,82.3423611483042,2024-04-16 00:00:00,82.30118996773005,TARGET,997.314694084788,1984.912989554076,40.81230944614737,1944.1006801079286,1.9493352415628284,TRANSACTION_COST|INTEGER_POSITION_SIZE
MOTHERSON.NS,2024-08-07 00:00:00,2024-08-08 00:00:00,118.82255448567363,111.45399089790223,133.55968166121644,2024-09-18 00:00:00,133.49290182038584,TARGET,994.7560843491397,1980.4968901861475,37.70269459187227,1942.7941955942752,1.9530357503321316,TRANSACTION_COST|INTEGER_POSITION_SIZE
VOLTAS.NS,2024-08-12 00:00:00,2024-08-13 00:00:00,1569.6210780843746,1491.8457006034018,1725.1718330463202,2024-08-27 00:00:00,1724.309247129797,TARGET,933.3045297716735,1856.2580285450695,43.78439288265644,1812.473635662413,1.9419959700675857,TRANSACTION_COST|INTEGER_POSITION_SIZE
INDHOTEL.NS,2024-10-08 00:00:00,2024-10-09 00:00:00,680.4026533509781,651.354320799649,738.4993184536362,2024-10-22 00:00:00,651.0286436392493,STOP,987.6433067451878,-998.7163301987803,50.37862025535983,-1049.0949504541402,-1.0622204831331954,GAP_THROUGH_STOP|TRANSACTION_COST|INTEGER_POSITION_SIZE
DIXON.NS,2024-07-24 00:00:00,2024-07-25 00:00:00,10838.377154143209,10187.861202748283,12139.40905693306,2024-07-31 00:00:00,12133.339352404593,TARGET,650.5159513949257,1294.9621982613844,25.42964648183549,1269.5325517795488,1.9515778960642591,TRANSACTION_COST|INTEGER_POSITION_SIZE
AARTIIND.NS,2024-03-14 00:00:00,2024-03-15 00:00:00,643.2894998103612,607.4636787524349,714.9411419262138,2024-04-10 00:00:00,714.5836713552508,TARGET,967.2971685640102,1924.9426317120174,40.59603656016692,1884.3465951518504,1.9480534590515086,TRANSACTION_COST|INTEGER_POSITION_SIZE
AARTIIND.NS,2024-07-22 00:00:00,2024-07-23 00:00:00,693.1098823016268,663.3616346751368,752.606377554607,2024-08-01 00:00:00,752.2300743658296,TARGET,981.6921716741723,1950.9663381186924,52.85495570133689,1898.1113824173556,1.9335097469304732,TRANSACTION_COST|INTEGER_POSITION_SIZE
DEEPAKNTR.NS,2024-01-19 00:00:00,2024-01-23 00:00:00,2294.1345211491707,2185.2505995003658,2511.9023644467807,2024-01-31 00:00:00,2184.1579742006156,STOP,979.9552948392447,-989.7889225369959,44.861789677128336,-1034.6507122141243,-1.055814196487251,GAP_THROUGH_STOP|TRANSACTION_COST|INTEGER_POSITION_SIZE
AMBUJACEM.NS,2024-03-14 00:00:00,2024-03-15 00:00:00,577.3521569357382,549.4028432636414,633.2507842799317,2024-04-04 00:00:00,632.9341588877918,TARGET,978.2259785233867,1945.3700683218756,46.92565400043199,1898.4444143214437,1.9407012857981025,TRANSACTION_COST|INTEGER_POSITION_SIZE
CUMMINSIND.NS,2024-06-05 00:00:00,2024-06-06 00:00:00,3341.027950659666,3096.9444950270436,3829.1948619249115,2024-06-19 00:00:00,3827.280264493949,TARGET,976.3338225304906,1945.0092553371305,31.716566164618882,1913.2926891725117,1.9596706014071947,TRANSACTION_COST|INTEGER_POSITION_SIZE
HAL.NS,2024-07-22 00:00:00,2024-07-23 00:00:00,4929.656044450627,4624.741225986256,5539.4856813793685,2024-07-25 00:00:00,4622.428855373263,STOP,914.7444553931127,-921.6815672320909,31.912701402217518,-953.5942686343084,-1.0424706736533318,GAP_THROUGH_STOP|TRANSACTION_COST|INTEGER_POSITION_SIZE
GAIL.NS,2024-03-14 00:00:00,2024-03-15 00:00:00,163.68264376410954,153.99598513252772,183.05596102727318,2024-04-08 00:00:00,182.96443304675955,TARGET,997.7258390529275,1986.024296112951,39.52698236914372,1946.4973137438074,1.9509340517746672,TRANSACTION_COST|INTEGER_POSITION_SIZE
DLF.NS,2024-03-18 00:00:00,2024-03-19 00:00:00,809.5368984403314,769.5557011605271,889.4992929999399,2024-04-01 00:00:00,889.05454335344,TARGET,999.5299319951073,1987.941122827715,47.03887875325606,1940.9022440744588,1.9418150291911014,TRANSACTION_COST|INTEGER_POSITION_SIZE
PRESTIGE.NS,2024-01-24 00:00:00,2024-01-25 00:00:00,1176.7214129024999,1041.5999706776581,1446.9642973521834,2024-02-14 00:00:00,1041.0791706923194,STOP,945.8500955738923,-949.4956954712634,17.322555876300502,-966.8182513475639,-1.0221685823914297,GAP_THROUGH_STOP|TRANSACTION_COST|INTEGER_POSITION_SIZE
SUNDRMFAST.NS,2024-08-13 00:00:00,2024-08-14 00:00:00,1329.212083006341,1267.415884951529,1452.8044791159646,2024-10-09 00:00:00,1452.0780768764066,TARGET,988.7391688769894,1965.8559019210516,49.30283183464978,1916.5530700864017,1.9383808494845247,TRANSACTION_COST|INTEGER_POSITION_SIZE
TIINDIA.NS,2024-06-03 00:00:00,2024-06-04 00:00:00,3839.614001020905,3625.7213130218424,4267.39937701903,2024-06-05 00:00:00,3623.9084523653314,STOP,855.5707519962507,-862.8221946222948,33.23935247174297,-896.0615470940378,-1.0473260627520429,GAP_THROUGH_STOP|TRANSACTION_COST|INTEGER_POSITION_SIZE
CDSL.NS,2024-10-09 00:00:00,2024-10-10 00:00:00,1461.388617760763,1377.7715623547504,1628.6227285727884,2024-10-25 00:00:00,1377.082676573573,STOP,919.7876094661397,-927.36535305909,34.76556652917707,-962.130919588267,-1.046035964918797,GAP_THROUGH_STOP|TRANSACTION_COST|INTEGER_POSITION_SIZE
TTKPRESTIG.NS,2024-09-10 00:00:00,2024-09-11 00:00:00,885.5266966849678,845.5264421227655,965.5272058093723,2024-09-25 00:00:00,845.1036789017041,STOP,960.0061094928542,-970.1524267983268,46.22767670581008,-1016.3801035041369,-1.0587225367149626,GAP_THROUGH_STOP|TRANSACTION_COST|INTEGER_POSITION_SIZE
GRINDWELL.NS,2024-07-24 00:00:00,2024-07-25 00:00:00,2547.390790747059,2411.675488891258,2818.821394458661,2024-08-05 00:00:00,2410.4696511468123,STOP,950.0071129906073,-958.4479772017257,38.63700759011784,-997.0849847918436,-1.0495552834894424,GAP_THROUGH_STOP|TRANSACTION_COST|INTEGER_POSITION_SIZE
PRAJIND.NS,2024-08-07 00:00:00,2024-08-08 00:00:00,662.0747575152045,622.0781787947211,742.0679149561713,2024-08-20 00:00:00,741.6968809986932,TARGET,999.914468012085,1990.5530870872185,38.84839708794958,1951.704689999269,1.951871637460576,TRANSACTION_COST
AFFLE.NS,2024-01-24 00:00:00,2024-01-25 00:00:00,1230.615,1160.3624693013467,1371.1200613973067,2024-02-08 00:00:00,1159.782288066696,STOP,983.5354297811468,-991.657967066255,37.2621769831388,-1028.9201440493937,-1.0461444630198484,GAP_THROUGH_STOP|TRANSACTION_COST|INTEGER_POSITION_SIZE
PVRINOX.NS,2024-10-08 00:00:00,2024-10-09 00:00:00,1619.8095,1549.3931901189808,1760.6421197620386,2024-10-22 00:00:00,1548.6184935239212,STOP,985.82833833427,-996.6740906651044,49.36650447424247,-1046.0405951393468,-1.061077831163604,GAP_THROUGH_STOP|TRANSACTION_COST|INTEGER_POSITION_SIZE
NHPC.NS,2024-03-14 00:00:00,2024-03-15 00:00:00,80.87394326130553,72.88434419645327,96.85314139101004,2024-05-06 00:00:00,96.80471482031453,TARGET,998.6998831065321,1991.3464448761254,24.53079207981008,1966.8156527963154,1.9693760718969802,TRANSACTION_COST|INTEGER_POSITION_SIZE
SJVN.NS,2024-03-14 00:00:00,2024-03-15 00:00:00,112.13181728802621,98.91625838678527,138.5629350905081,2024-05-21 00:00:00,138.49365362296282,TARGET,991.1669175930705,1977.137725120246,20.73933013600609,1956.3983949842398,1.9738334283140904,TRANSACTION_COST|INTEGER_POSITION_SIZE
MRPL.NS,2024-03-14 00:00:00,2024-03-15 00:00:00,201.30239791195868,176.3263538091157,251.25448611764466,2024-04-26 00:00:00,251.12885887458583,TARGET,999.0417641137196,1993.058438505086,19.960655647267505,1973.0977828578186,1.9749902894282039,TRANSACTION_COST|INTEGER_POSITION_SIZE
HEROMOTOCO.NS,2025-11-10 00:00:00,2025-11-11 00:00:00,5198.890911257553,5030.369934147534,5535.932865477591,2025-11-17 00:00:00,5533.164899044852,TARGET,842.6048855500949,1671.3699389364956,59.50334450387526,1611.8665944326203,1.9129566206826734,TRANSACTION_COST|INTEGER_POSITION_SIZE
HEROMOTOCO.NS,2025-12-19 00:00:00,2025-12-22 00:00:00,5603.15813308247,5411.536036862818,5986.402325521774,2025-12-29 00:00:00,5408.830268844386,STOP,958.1104810982606,-971.6393211904187,61.25691206868715,-1032.8962332591059,-1.0780554577329329,GAP_THROUGH_STOP|TRANSACTION_COST|INTEGER_POSITION_SIZE
EICHERMOT.NS,2025-11-17 00:00:00,2025-11-18 00:00:00,6767.54854066782,6566.012064744783,7170.621492513894,2025-11-24 00:00:00,7167.036181767637,TARGET,806.1459036921478,1597.950564399267,61.81804507876231,1536.1325193205048,1.9055266699055575,TRANSACTION_COST|INTEGER_POSITION_SIZE
HINDUNILVR.NS,2025-09-24 00:00:00,2025-09-25 00:00:00,2501.9561415652993,2432.610279657849,2640.6478653802,2025-09-29 00:00:00,2431.39397451802,STOP,970.8420667043056,-987.870338661909,76.82302710072688,-1064.693365762636,-1.0966699963640072,GAP_THROUGH_STOP|TRANSACTION_COST|INTEGER_POSITION_SIZE
TATASTEEL.NS,2025-08-04 00:00:00,2025-08-05 00:00:00,156.4140818110943,151.27162705869756,166.69899131588775,2025-08-28 00:00:00,151.19599124516822,STOP,997.6362219649657,-1012.3095697896588,66.38983955988579,-1078.6994093495446,-1.0812552567757765,GAP_THROUGH_STOP|TRANSACTION_COST|INTEGER_POSITION_SIZE
ADANIPORTS.NS,2025-06-20 00:00:00,2025-06-23 00:00:00,1336.0398107470528,1287.5202788011072,1433.078874638944,2025-06-27 00:00:00,1432.3623352016245,TARGET,970.3906389189115,1926.450489091435,61.38192507399745,1865.0685640174374,1.9219770772884464,TRANSACTION_COST|INTEGER_POSITION_SIZE
CANBK.NS,2025-07-24 00:00:00,2025-07-25 00:00:00,110.2790678215162,106.01703230669115,118.80313885116628,2025-07-30 00:00:00,105.96402379053781,STOP,997.3163104690602,-1009.720303248942,56.30474632115262,-1066.0250495700946,-1.0688936282098094,GAP_THROUGH_STOP|TRANSACTION_COST|INTEGER_POSITION_SIZE
CHOLAFIN.NS,2025-04-08 00:00:00,2025-04-09 00:00:00,1473.392584060933,1398.5441724905347,1623.0894072017293,2025-04-16 00:00:00,1622.2778624981283,TARGET,973.0293504151764,1935.5086196835407,44.57470019294826,1890.9339194905924,1.9433472573913217,TRANSACTION_COST|INTEGER_POSITION_SIZE
CHOLAFIN.NS,2025-06-06 00:00:00,2025-06-09 00:00:00,1618.2345211931836,1541.9576558322328,1770.788251915085,2025-06-13 00:00:00,1541.1866770043166,STOP,991.5992496923598,-1001.6219744552707,45.71592439313095,-1047.3378988484017,-1.0562108625771294,GAP_THROUGH_STOP|TRANSACTION_COST|INTEGER_POSITION_SIZE
MUTHOOTFIN.NS,2025-08-14 00:00:00,2025-08-18 00:00:00,2777.9115344559473,2661.3219695957528,3011.0906641763363,2025-08-20 00:00:00,2659.991308610955,STOP,932.7165188815561,-943.3618067599382,48.41266433302589,-991.7744710929641,-1.063318222649499,GAP_THROUGH_STOP|TRANSACTION_COST|INTEGER_POSITION_SIZE
MANAPPURAM.NS,2025-02-17 00:00:00,2025-02-18 00:00:00,188.50121409284625,173.89612426618112,217.71139374617653,2025-03-21 00:00:00,217.60253804930343,TARGET,993.1461082132292,1978.8900290390882,30.538150517120116,1948.351878521968,1.9617978285463467,TRANSACTION_COST|INTEGER_POSITION_SIZE
SBICARD.NS,2025-04-08 00:00:00,2025-04-09 00:00:00,837.685430649424,799.6065225512469,913.8432468457781,2025-04-21 00:00:00,913.3863252223553,TARGET,990.0516105526037,1968.2232588962124,50.444131293332504,1917.77912760288,1.9370496519191147,TRANSACTION_COST|INTEGER_POSITION_SIZE
ICICIGI.NS,2025-07-21 00:00:00,2025-07-22 00:00:00,1947.2355900463085,1882.8441999419852,2076.0183702549552,2025-07-25 00:00:00,1881.902777842014,STOP,965.8708515648505,-979.9921830644166,63.89907109365588,-1043.8912541580726,-1.0807772617496612,GAP_THROUGH_STOP|TRANSACTION_COST|INTEGER_POSITION_SIZE
PERSISTENT.NS,2025-01-15 00:00:00,2025-01-16 00:00:00,6078.446158109176,5766.327104851064,6702.684264625401,2025-01-20 00:00:00,5763.4439412986385,STOP,936.3571597743367,-945.0066504316137,39.547924001596016,-984.5545744332097,-1.0514733231393123,GAP_THROUGH_STOP|TRANSACTION_COST|INTEGER_POSITION_SIZE
MPHASIS.NS,2025-07-28 00:00:00,2025-07-29 00:00:00,2634.5213471795687,2518.242610854989,2867.0788198287282,2025-08-25 00:00:00,2865.645280418814,TARGET,930.2298905966381,1848.9914659139613,48.75675092741358,1800.2347149865477,1.935257868172672,TRANSACTION_COST|INTEGER_POSITION_SIZE
GLENMARK.NS,2025-08-21 00:00:00,2025-08-22 00:00:00,1935.1935044920633,1853.106792173785,2099.36692912862,2025-09-09 00:00:00,2098.317245664056,TARGET,985.0405478193406,1957.4848940639113,53.63889283518101,1903.8460012287303,1.9327590173251439,TRANSACTION_COST|INTEGER_POSITION_SIZE
METROPOLIS.NS,2025-09-16 00:00:00,2025-09-17 00:00:00,517.9121427121552,491.0204502343417,571.6955276677821,2025-10-13 00:00:00,490.7749400092245,STOP,994.9926216790986,-1004.0765000084346,41.547840288314106,-1045.6243402967486,-1.0508865267083152,GAP_THROUGH_STOP|TRANSACTION_COST|INTEGER_POSITION_SIZE
PRESTIGE.NS,2025-07-29 00:00:00,2025-07-30 00:00:00,1617.909122231349,1541.2594256244063,1771.2085154452348,2025-08-06 00:00:00,1540.488795911594,STOP,996.4460558902567,-1006.464242156816,45.7015053229838,-1052.1657474797998,-1.055918422537948,GAP_THROUGH_STOP|TRANSACTION_COST|INTEGER_POSITION_SIZE
GRANULES.NS,2025-11-12 00:00:00,2025-11-13 00:00:00,541.5431227130167,521.2190702150133,582.1912277090236,2025-12-19 00:00:00,581.900132095169,TARGET,995.8785724021678,1977.4934597254646,61.02325634962716,1916.4702033758374,1.9244014847644548,TRANSACTION_COST|INTEGER_POSITION_SIZE
LAURUSLABS.NS,2025-10-01 00:00:00,2025-10-03 00:00:00,870.8496720839014,832.0627292193545,948.4235578129951,2025-10-27 00:00:00,947.9493460340886,TARGET,969.6735716136715,1927.4918487546813,50.382857054022935,1877.1089917006584,1.9358153575093198,TRANSACTION_COST|INTEGER_POSITION_SIZE
SUDARSCHEM.NS,2025-09-15 00:00:00,2025-09-16 00:00:00,1392.299991270355,1322.5674598680048,1531.765054075055,2025-09-24 00:00:00,1530.9991715480176,TARGET,976.2554396329015,1941.7885238872773,45.33261035773658,1896.4559135295408,1.942581661048321,TRANSACTION_COST|INTEGER_POSITION_SIZE
ENDURANCE.NS,2025-08-04 00:00:00,2025-08-05 00:00:00,2615.6421725239816,2479.8832149969585,2887.1600875780277,2025-08-07 00:00:00,2478.64327338946,STOP,950.3127026891616,-958.992293941652,39.69824149448989,-998.6905354361419,-1.0509072777940172,GAP_THROUGH_STOP|TRANSACTION_COST|INTEGER_POSITION_SIZE
RBLBANK.NS,2025-12-05 00:00:00,2025-12-08 00:00:00,306.0609760844136,294.1851931459678,329.8125419613052,2025-12-09 00:00:00,294.0381005493948,STOP,997.565766829448,-1009.9215449415778,56.09078262451497,-1066.0123275660928,-1.0686135821943727,GAP_THROUGH_STOP|TRANSACTION_COST|INTEGER_POSITION_SIZE
RADICO.NS,2025-12-18 00:00:00,2025-12-19 00:00:00,3144.5979163664165,3004.5801625482595,3424.6334240027304,2025-12-30 00:00:00,3368.526123046875,END_OF_DATA,980.1242767270987,1567.4974467632096,50.54530710824028,1516.9521396549694,1.5477140763419153,END_OF_DATA
AFFLE.NS,2025-07-29 00:00:00,2025-07-30 00:00:00,1976.0875255737303,1872.9590788393016,2182.344419042588,2025-08-29 00:00:00,1872.022599299882,STOP,928.1560206098586,-936.5843364646357,38.5553240198401,-975.1396604844758,-1.0506204116887008,GAP_THROUGH_STOP|TRANSACTION_COST|INTEGER_POSITION_SIZE
APLAPOLLO.NS,2025-07-01 00:00:00,2025-07-02 00:00:00,1759.9399775786128,1697.2487032863248,1885.3225261631887,2025-07-04 00:00:00,1696.4000789346817,STOP,940.3691143843196,-953.0984796589667,57.68310642056006,-1010.7815860795267,-1.0748774822759972,GAP_THROUGH_STOP|TRANSACTION_COST|INTEGER_POSITION_SIZE
RATNAMANI.NS,2025-06-25 00:00:00,2025-06-26 00:00:00,2782.492709159559,2669.781035342289,3007.916056794099,2025-07-08 00:00:00,3006.412098765702,TARGET,901.6933905381593,1791.355116849143,51.32790063896877,1740.0272162101744,1.9297326945822135,TRANSACTION_COST|INTEGER_POSITION_SIZE
PVRINOX.NS,2025-10-01 00:00:00,2025-10-03 00:00:00,1095.5475,1052.1993213902663,1182.2438572194671,2025-10-27 00:00:00,1181.6527352908574,TARGET,997.0081080238733,1980.4204116897233,58.05260296833359,1922.3678087213898,1.9281365850992245,TRANSACTION_COST|INTEGER_POSITION_SIZE
