symbol,entry_timestamp,exit_timestamp,net_pnl,r_multiple
PIIND.NS,2020-01-09,2020-01-28,19185.834698994826,1.924502049008958
CONCOR.NS,2020-02-05,2020-02-18,-6324.829466675975,-1.0775989204901668
TIINDIA.NS,2020-01-31,2020-02-24,19758.135724462656,1.941269676936184
BAJAJFINSV.NS,2020-02-05,2020-02-28,-8696.240774752776,-1.073560100274524
BAJFINANCE.NS,2020-03-04,2020-03-05,-9207.490901892872,-1.0612435257449917
COFORGE.NS,2020-03-03,2020-03-09,-10641.840990705838,-1.0396959653394504
BIOCON.NS,2020-03-04,2020-03-12,-6960.072498510054,-1.043016443225316
LAURUSLABS.NS,2020-03-12,2020-03-13,-9301.31974968478,-1.0398906654941011
RATNAMANI.NS,2020-03-16,2020-03-18,-10101.427567289737,-1.024742566870282
DRREDDY.NS,2020-07-09,2020-07-24,18793.36256911537,1.9234090825240255
WHIRLPOOL.NS,2020-08-04,2020-08-12,-10521.391797398277,-1.0591280053467842
MFSL.NS,2020-08-19,2020-08-25,19143.881542469302,1.947532943327572
DRREDDY.NS,2020-09-02,2020-09-17,14161.898373821063,1.9234679835270796
BEL.NS,2020-09-11,2020-09-22,-5623.942677178055,-1.042666904873386
DABUR.NS,2020-09-02,2020-10-06,19323.379363555596,1.9245657202587345
JSWSTEEL.NS,2020-09-28,2020-10-16,14543.152846451449,1.9479971589425003
TATACOMM.NS,2020-09-28,2020-10-20,12007.317351171841,1.9607893104299694
ELGIEQUIP.NS,2020-10-14,2020-11-19,16050.283265588603,1.964497615091802
DRREDDY.NS,2020-11-12,2020-11-19,-8712.017608311287,-1.0620500183623414
AFFLE.NS,2020-10-30,2020-11-20,18793.965461373806,1.9572769988271872
BALKRISIND.NS,2020-12-23,2021-01-07,21023.008199826687,1.941490532874599
TATACOMM.NS,2020-12-23,2021-01-12,16947.792014685343,1.961157869957445
PVRINOX.NS,2020-12-24,2021-01-19,14632.120410469974,1.9597796208934313
BAJFINANCE.NS,2021-01-20,2021-01-28,-7684.32867201142,-1.0558358934634073
BAJAJFINSV.NS,2021-01-20,2021-02-01,17923.466838982407,1.9384069565216036
RATNAMANI.NS,2021-01-29,2021-02-01,-7534.696669460226,-1.0495996673773482
BALKRISIND.NS,2021-02-02,2021-02-04,14667.055988482425,1.9489136242336493
AFFLE.NS,2021-01-20,2021-02-05,22133.60774633003,1.9462867169167515
AMBUJACEM.NS,2021-02-02,2021-03-04,18069.270546496053,1.9464890280998477
BAJAJ-AUTO.NS,2021-03-12,2021-03-15,-8877.33861723097,-1.0662855674651412
WIPRO.NS,2021-03-02,2021-03-19,-8988.10809760845,-1.0614055194684708
CROMPTON.NS,2021-03-22,2021-03-24,-10591.63287667657,-1.0400777579393115
PIIND.NS,2021-03-22,2021-04-08,16580.70271830534,1.9445516020812699
EMAMILTD.NS,2021-03-02,2021-04-09,19634.932290837693,1.9540918121123751
ARVIND.NS,2021-03-30,2021-04-19,-8661.992028542567,-1.0255987683065588
BAJAJFINSV.NS,2021-04-15,2021-04-29,21716.611430893816,1.941542667190859
DALBHARAT.NS,2021-04-27,2021-05-11,17026.353304316723,1.9589393961652033
EQUITASBNK.NS,2021-04-15,2021-05-25,17543.901198708947,1.9680117011854816
SUNDRMFAST.NS,2021-05-18,2021-06-09,22179.32402270916,1.9540848284241756
JKCEMENT.NS,2021-06-18,2021-07-06,24473.320488551602,1.927099489378219
BPCL.NS,2021-07-08,2021-07-14,-12308.02126400533,-1.107291982505814
WIPRO.NS,2021-07-15,2021-07-23,21021.159590666015,1.9121302243855813
BLUEDART.NS,2021-06-22,2021-07-26,-9710.025140035694,-1.0533943208008913
APLAPOLLO.NS,2021-07-16,2021-07-27,14755.397196465165,1.9500102086626594
LAURUSLABS.NS,2021-08-02,2021-08-12,25510.37691188016,1.9490478840872707
BHARATFORG.NS,2021-08-12,2021-08-20,-9247.46200573853,-1.0605797246508955
BEL.NS,2021-08-12,2021-09-01,21032.601650273882,1.944961056221725
ATUL.NS,2021-08-16,2021-09-01,17392.64538676344,1.9029834605445266
BALKRISIND.NS,2021-08-24,2021-09-07,15479.776432798648,1.9335686118045614
BRITANNIA.NS,2021-10-07,2021-10-08,-12072.38110367461,-1.09743979115765
HAPPSTMNDS.NS,2021-10-05,2021-10-25,-14521.777087083157,-1.0533470809793959
BLUEDART.NS,2021-10-27,2021-11-01,23942.193273193534,1.9363134539446716
TIINDIA.NS,2021-10-08,2021-11-02,13613.02925936967,1.9545679629838828
COALINDIA.NS,2021-11-02,2021-11-15,-13277.846520676296,-1.0453600882191372
RELIANCE.NS,2021-11-08,2021-11-22,-10251.464747473883,-1.0753960737729331
NTPC.NS,2021-11-02,2021-11-23,-11093.869423062186,-1.0548818866613117
GODREJPROP.NS,2021-11-24,2021-11-29,-13991.376269340739,-1.0346089578239883
BANDHANBNK.NS,2022-02-28,2022-03-03,-10070.01800800737,-1.0429562755420152
AXISBANK.NS,2022-02-28,2022-03-04,-13001.359919533099,-1.057296003472365
ELGIEQUIP.NS,2022-02-24,2022-03-21,-13721.942923460481,-1.0213066483586088
TIINDIA.NS,2022-05-16,2022-05-19,-13462.335693110786,-1.038211034237558
HAL.NS,2022-05-17,2022-05-23,21757.14436736183,1.9483717224439383
NTPC.NS,2022-05-17,2022-06-17,-9668.034330392737,-1.0525187887081116
BRITANNIA.NS,2022-09-08,2022-09-19,-14155.044433436804,-1.088588899234361
PIIND.NS,2022-09-21,2022-09-23,-9029.25566864288,-1.0583992951590313
FEDERALBNK.NS,2022-09-28,2022-10-12,13383.822513863492,1.947557809178417
HINDUNILVR.NS,2022-09-20,2022-10-25,-13999.93928093293,-1.0891604496533178
ABB.NS,2022-09-28,2022-12-16,-8918.2341374742,-1.0521762204155176
SONATSOFTW.NS,2022-12-20,2023-01-23,24705.205836365443,1.9416544711898822
CANBK.NS,2022-12-27,2023-01-27,-10631.882642920124,-1.0476724447440084
EXIDEIND.NS,2022-12-27,2023-01-30,-8898.539586779845,-1.0707586898143735
ONGC.NS,2023-03-31,2023-04-13,24495.76488487746,1.91620887621942
PIIND.NS,2023-07-17,2023-07-31,-10134.904870152957,-1.0675941417404005
ASTRAL.NS,2023-07-13,2023-08-01,24995.736359150807,1.9250876982413472
TECHM.NS,2023-08-01,2023-08-09,15902.655885207927,1.9294351961832317
KPITTECH.NS,2023-07-25,2023-08-23,13918.829795051262,1.949917201069657
DABUR.NS,2023-08-07,2023-08-29,-10686.880831111019,-1.0796393256348717
GALAXYSURF.NS,2023-08-18,2023-09-28,-9716.713428863488,-1.0686391980729562
MFSL.NS,2023-10-06,2023-10-23,-9320.077056630867,-1.0694637767251545
EXIDEIND.NS,2023-09-26,2023-10-25,-9646.248834739537,-1.0745399197771004
NATCOPHARM.NS,2023-09-13,2023-11-01,-11525.02348660714,-1.0491221934624704
LT.NS,2023-10-30,2023-11-15,11943.808258103314,1.8991538539376975
BHARTIARTL.NS,2023-10-30,2023-11-20,20745.070643248328,1.880572027365125
DALBHARAT.NS,2023-12-22,2024-01-23,-13995.915098084773,-1.0575607988535272
DEEPAKNTR.NS,2024-01-23,2024-01-31,-10921.313073371311,-1.055814196487251
MUTHOOTFIN.NS,2024-01-23,2024-02-01,-8784.029345213134,-1.0666922621915793
AFFLE.NS,2024-01-25,2024-02-08,-9260.281296444542,-1.0461444630198484
ADANIPORTS.NS,2024-03-15,2024-04-02,20416.5081031328,1.9428569136557365
AMBUJACEM.NS,2024-03-15,2024-04-04,16380.86323214503,1.9407012857981025
AARTIIND.NS,2024-03-15,2024-04-10,25054.830654056084,1.9480534590515086
ICICIBANK.NS,2024-04-22,2024-04-29,25574.532364562503,1.8992250717132473
PIDILITIND.NS,2024-04-23,2024-05-02,12329.444588577888,1.911651905749496
LUPIN.NS,2024-04-23,2024-06-04,-9182.799284756218,-1.067199040919691
ONGC.NS,2024-06-04,2024-06-05,-9299.992548407412,-1.0608909447535435
TORNTPHARM.NS,2024-05-13,2024-06-06,22367.62233680764,1.9284984849420463
CUMMINSIND.NS,2024-06-06,2024-06-19,21046.21958089763,1.9596706014071947
FEDERALBNK.NS,2024-06-06,2024-07-05,18011.7043096673,1.9391178686873147
HINDALCO.NS,2024-07-23,2024-07-24,-9831.28907614559,-1.0656976763002801
HAL.NS,2024-07-23,2024-07-25,-11125.266467400264,-1.0424706736533318
DIXON.NS,2024-07-25,2024-07-31,17773.455724913685,1.9515778960642591
AARTIIND.NS,2024-07-23,2024-08-01,27608.892835161536,1.9335097469304732
GRASIM.NS,2024-08-08,2024-08-13,-15616.612285127132,-1.0751640607232025
PRAJIND.NS,2024-08-08,2024-08-20,17018.864896793624,1.951871637460576
MOTHERSON.NS,2024-08-08,2024-09-18,20392.143519682133,1.9530357503321316
TTKPRESTIG.NS,2024-09-11,2024-09-25,-11053.133625607486,-1.0587225367149626
SUNDRMFAST.NS,2024-08-14,2024-10-09,21800.79117223282,1.9383808494845247
CHOLAFIN.NS,2024-10-09,2024-10-17,-8880.853330851704,-1.061420296467543
CDSL.NS,2024-10-10,2024-10-25,-9533.842748647372,-1.046035964918797
APOLLOHOSP.NS,2024-10-09,2024-11-07,23059.71058502219,1.9109957344326973
TECHM.NS,2024-12-24,2025-01-08,-16011.425687126968,-1.0768366894408774
PERSISTENT.NS,2025-01-16,2025-01-20,-15424.688332786953,-1.0514733231393123
MANAPPURAM.NS,2025-02-18,2025-03-21,28623.581274168326,1.9617978285463467
CHOLAFIN.NS,2025-04-09,2025-04-16,28800.37815839518,1.9433472573913217
SBICARD.NS,2025-04-09,2025-04-21,23160.87100258863,1.9370496519191147
CHOLAFIN.NS,2025-06-09,2025-06-13,-16193.45520527144,-1.0562108625771294
ADANIPORTS.NS,2025-06-23,2025-06-27,29281.57645507377,1.9219770772884464
APLAPOLLO.NS,2025-07-02,2025-07-04,-13746.629570681564,-1.0748774822759972
RATNAMANI.NS,2025-06-26,2025-07-08,21097.829996548364,1.9297326945822135
ICICIGI.NS,2025-07-22,2025-07-25,-16841.44556708357,-1.0807772617496612
CANBK.NS,2025-07-25,2025-07-30,-11639.717955776032,-1.0688936282098094
ENDURANCE.NS,2025-08-05,2025-08-07,-11128.26596628844,-1.0509072777940172
MUTHOOTFIN.NS,2025-08-18,2025-08-20,-11157.462799795847,-1.063318222649499
MPHASIS.NS,2025-07-29,2025-08-25,24303.168652318396,1.935257868172672
AFFLE.NS,2025-07-30,2025-08-29,-10184.792009504527,-1.0506204116887008
GLENMARK.NS,2025-08-22,2025-09-09,19990.383012901668,1.9327590173251439
SUDARSCHEM.NS,2025-09-16,2025-09-24,29936.91120643061,1.942581661048321
HINDUNILVR.NS,2025-09-25,2025-09-29,-14601.509016173293,-1.0966699963640072
METROPOLIS.NS,2025-09-17,2025-10-13,-12971.393843140748,-1.0508865267083152
LAURUSLABS.NS,2025-10-03,2025-10-27,25528.682287128955,1.9358153575093198
PVRINOX.NS,2025-10-03,2025-10-27,19725.165341662956,1.9281365850992245
HEROMOTOCO.NS,2025-11-11,2025-11-17,30303.09197533326,1.9129566206826734
EICHERMOT.NS,2025-11-18,2025-11-24,24962.1534389582,1.9055266699055575
RBLBANK.NS,2025-12-08,2025-12-09,-14454.61953687833,-1.0686135821943727
GRANULES.NS,2025-11-13,2025-12-19,21198.507147544977,1.9244014847644548
HEROMOTOCO.NS,2025-12-22,2025-12-29,-14460.547265627481,-1.0780554577329329
RADICO.NS,2025-12-19,2025-12-30,20587.207609603156,1.5477140763419153
