symbol,sector,market_cap_category,trades,wins,losses,win_rate,gross_profit,gross_loss,net_pnl,mean_r,median_r,profit_factor,max_drawdown,first_trade,last_trade
AARTIIND.NS,Chemicals,Mid,2,2,0,1.0,3782.4579775692064,0.0,3782.4579775692064,1.9407816029909908,1.9407816029909908,inf,0.0,2024-03-14,2024-07-22
ABB.NS,Capital Goods,Mid,1,0,1,0.0,0.0,938.761488155179,-938.761488155179,-1.0521762204155176,-1.0521762204155176,0.0,0.0,2022-09-27,2022-09-27
ADANIPORTS.NS,Infrastructure,Large,3,2,1,0.6666666666666666,3709.933754059558,1063.1569064473829,2646.7768476121746,0.9323836781102758,1.9219770772884464,3.4895448936663307,0.0,2023-10-10,2025-06-20
AFFLE.NS,Capital Goods,Small,4,2,2,0.5,3789.8681113785487,2004.0598045338695,1785.8083068446795,0.4516997102588475,0.45007112694845164,1.8910953170182694,2004.0598045338693,2020-10-29,2025-07-29
ALKEM.NS,Pharma & Healthcare,Mid,1,0,1,0.0,0.0,977.2889855196696,-977.2889855196696,-1.0711013520912347,-1.0711013520912347,0.0,0.0,2024-01-24,2024-01-24
AMBUJACEM.NS,Cement,Mid,2,2,0,1.0,3838.2337524011673,0.0,3838.2337524011673,1.9435951569489751,1.9435951569489751,inf,0.0,2021-02-01,2024-03-14
APLAPOLLO.NS,Infrastructure,Small,3,1,2,0.3333333333333333,1865.6249328864,2047.072927170032,-181.44799428363183,-0.058991991613667416,-1.0521087012276646,0.9113622226764173,2047.072927170032,2021-07-15,2025-07-01
APOLLOHOSP.NS,Pharma & Healthcare,Large,1,1,0,1.0,1677.0698607288864,0.0,1677.0698607288864,1.910995734432697,1.910995734432697,inf,0.0,2024-10-08,2024-10-08
ARVIND.NS,Textiles,Small,1,0,1,0.0,0.0,1021.6708546486104,-1021.6708546486104,-1.0255987683065588,-1.0255987683065588,0.0,0.0,2021-03-26,2021-03-26
ASHOKLEY.NS,Automobile,Mid,1,0,1,0.0,0.0,1070.1895260899166,-1070.1895260899166,-1.072478822625756,-1.072478822625756,0.0,0.0,2024-09-12,2024-09-12
ASTRAL.NS,Infrastructure,Small,2,1,1,0.5,1891.5692379897907,953.475611971694,938.0936260180968,0.44516762226511664,0.44516762226511664,1.9838674573733577,0.0,2021-03-26,2023-07-12
ATUL.NS,Chemicals,Mid,1,1,0,1.0,1449.38711556362,0.0,1449.38711556362,1.9029834605445264,1.9029834605445264,inf,0.0,2021-08-13,2021-08-13
AXISBANK.NS,Banking & Finance,Large,1,0,1,0.0,0.0,1022.5788700756368,-1022.5788700756368,-1.057296003472365,-1.057296003472365,0.0,0.0,2022-02-25,2022-02-25
BAJAJ-AUTO.NS,Automobile,Large,2,0,2,0.0,0.0,1948.0881454500516,-1948.0881454500516,-1.0638839607907473,-1.0638839607907473,0.0,1002.2801664615612,2021-03-02,2021-03-10
BAJAJFINSV.NS,Banking & Finance,Large,3,2,1,0.6666666666666666,3785.1036133055773,1073.153116884385,2711.950496421192,0.935463174479313,1.938406956521604,3.5270862598755897,0.0,2020-02-04,2021-04-13
BAJFINANCE.NS,Banking & Finance,Large,2,0,2,0.0,0.0,2103.216813709286,-2103.216813709286,-1.0585397096041995,-1.0585397096041995,0.0,1042.3537315346723,2020-03-03,2021-01-19
BALKRISIND.NS,Automobile,Mid,3,3,0,1.0,5576.058263749386,0.0,5576.058263749386,1.9413242563042699,1.941490532874599,inf,0.0,2020-12-22,2021-08-23
BANDHANBNK.NS,Banking & Finance,Mid,1,0,1,0.0,0.0,1033.3040866425472,-1033.3040866425472,-1.0429562755420152,-1.0429562755420152,0.0,0.0,2022-02-25,2022-02-25
BANKBARODA.NS,Banking & Finance,Mid,1,0,1,0.0,0.0,1063.7373704278448,-1063.7373704278448,-1.0663579399616874,-1.0663579399616874,0.0,0.0,2023-08-08,2023-08-08
BEL.NS,Capital Goods,Mid,3,2,1,0.6666666666666666,3880.297862175307,1041.909380192987,2838.3884819823197,0.9486613898829184,1.943690018300416,3.724218186284666,0.0,2020-09-10,2022-09-30
BHARATFORG.NS,Automobile,Mid,1,0,1,0.0,0.0,1058.869695313572,-1058.869695313572,-1.0605797246508957,-1.0605797246508957,0.0,0.0,2021-08-11,2021-08-11
BHARTIARTL.NS,Telecom,Large,2,1,1,0.5,1843.1348208557115,1102.8637678697294,740.2710529859821,0.3878192374118178,0.3878192374118178,1.6712261972445388,0.0,2023-08-21,2023-10-27
BIOCON.NS,Pharma & Healthcare,Mid,1,0,1,0.0,0.0,1041.1188778934709,-1041.1188778934709,-1.043016443225316,-1.043016443225316,0.0,0.0,2020-03-03,2020-03-03
BLUEDART.NS,Infrastructure,Small,3,2,1,0.6666666666666666,3426.211460741846,882.7295581850631,2543.481902556783,0.9374804460675099,1.9295222050587488,3.8813829546914818,882.7295581850631,2021-01-20,2021-10-26
BPCL.NS,Oil & Gas,Large,1,0,1,0.0,0.0,1106.950677632621,-1106.950677632621,-1.107291982505814,-1.107291982505814,0.0,0.0,2021-07-07,2021-07-07
BRIGADE.NS,Real Estate,Small,1,1,0,1.0,1946.8631421729172,0.0,1946.8631421729172,1.9643873642866976,1.9643873642866976,inf,0.0,2021-01-29,2021-01-29
BRITANNIA.NS,FMCG,Large,3,0,3,0.0,0.0,3079.98904832839,-3079.98904832839,-1.092780801688192,-1.0923137146725648,0.0,2083.1869388506693,2021-10-06,2023-07-26
CANBK.NS,Banking & Finance,Mid,2,0,2,0.0,0.0,2112.2975312245794,-2112.2975312245794,-1.058283036476909,-1.058283036476909,0.0,1066.0250495700946,2022-12-26,2025-07-24
CDSL.NS,Banking & Finance,Small,2,1,1,0.5,1920.9671979692807,962.130919588267,958.8362783810137,0.4590256394334735,0.4590256394334735,1.9965756830591588,962.130919588267,2021-08-24,2024-10-09
CHOLAFIN.NS,Banking & Finance,Mid,3,1,2,0.3333333333333333,1890.9339194905924,2104.5823429974143,-213.6484235068217,-0.05809463388445028,-1.0562108625771294,0.8984841699267814,1047.3378988484017,2024-10-08,2025-06-06
COALINDIA.NS,Metals & Mining,Large,2,1,1,0.5,1937.6807761788923,1042.475553276238,895.2052229026542,0.4488023274308054,0.4488023274308054,1.8587301832539378,0.0,2021-11-01,2022-02-25
COFORGE.NS,IT,Mid,1,0,1,0.0,0.0,1038.7914199170557,-1038.7914199170557,-1.0396959653394504,-1.0396959653394504,0.0,0.0,2020-03-02,2020-03-02
CONCOR.NS,Infrastructure,Mid,2,0,2,0.0,0.0,2122.0809359403183,-2122.0809359403183,-1.0722303496099284,-1.0722303496099284,0.0,1058.2716984260107,2020-02-04,2021-07-20
CROMPTON.NS,Consumer Durables,Mid,1,0,1,0.0,0.0,1038.3953800663303,-1038.3953800663303,-1.0400777579393117,-1.0400777579393117,0.0,0.0,2021-03-19,2021-03-19
CUMMINSIND.NS,Capital Goods,Mid,1,1,0,1.0,1913.292689172512,0.0,1913.292689172512,1.9596706014071947,1.9596706014071947,inf,0.0,2024-06-05,2024-06-05
DABUR.NS,FMCG,Large,4,2,2,0.5,3806.2128060929017,2124.940352968528,1681.2724531243741,0.42391248761763484,0.42483226470849345,1.7912092453680628,2124.940352968528,2020-09-01,2024-08-16
DALBHARAT.NS,Cement,Mid,2,1,1,0.5,1824.2521397482203,968.9479683289458,855.3041714192746,0.4506892986558382,0.4506892986558382,1.8827142420189373,968.9479683289458,2021-04-26,2023-12-21
DEEPAKNTR.NS,Chemicals,Mid,1,0,1,0.0,0.0,1034.6507122141245,-1034.6507122141245,-1.055814196487251,-1.055814196487251,0.0,0.0,2024-01-19,2024-01-19
DIXON.NS,Consumer Durables,Mid,2,2,0,1.0,3120.11823589938,0.0,3120.11823589938,1.9447999899317487,1.9447999899317487,inf,0.0,2023-07-25,2024-07-24
DLF.NS,Real Estate,Mid,3,1,2,0.3333333333333333,1940.9022440744588,2064.9929661775795,-124.0907221031207,-0.04836145494594094,-1.0416009519568703,0.9399074359401719,1031.9060058888097,2020-02-04,2024-03-18
DRREDDY.NS,Pharma & Healthcare,Large,3,2,1,0.6666666666666666,3828.758602818219,1024.943248036622,2803.8153547815973,0.9282756825629214,1.923409082524025,3.735581077442655,1024.9432480366218,2020-07-08,2020-11-11
EICHERMOT.NS,Automobile,Large,1,1,0,1.0,1536.1325193205048,0.0,1536.1325193205048,1.9055266699055573,1.9055266699055573,inf,0.0,2025-11-17,2025-11-17
ELGIEQUIP.NS,Capital Goods,Small,2,1,1,0.5,1953.021193821622,1000.1416124971196,952.8795813245025,0.4715954833665966,0.4715954833665966,1.952744660773973,1000.1416124971196,2020-10-13,2022-02-23
EMAMILTD.NS,FMCG,Mid,2,2,0,1.0,3887.4850761612806,0.0,3887.4850761612806,1.952719716240873,1.952719716240873,inf,0.0,2020-10-13,2021-03-01
ENDURANCE.NS,Automobile,Small,1,0,1,0.0,0.0,998.690535436142,-998.690535436142,-1.0509072777940172,-1.0509072777940172,0.0,0.0,2025-08-04,2025-08-04
EQUITASBNK.NS,Banking & Finance,Small,2,1,1,0.5,1967.799344562931,1043.275779997553,924.5235645653781,0.46032173850624436,0.46032173850624436,1.8861737062155768,1043.275779997553,2021-04-13,2023-08-08
EXIDEIND.NS,Automobile,Mid,2,0,2,0.0,0.0,2135.6797563997598,-2135.6797563997598,-1.0726493047957368,-1.0726493047957368,0.0,1070.7139745281158,2022-12-26,2023-09-25
FEDERALBNK.NS,Banking & Finance,Mid,2,2,0,1.0,3871.616407173363,0.0,3871.616407173363,1.943337838932866,1.943337838932866,inf,0.0,2022-09-27,2024-06-05
GAIL.NS,Oil & Gas,Mid,1,1,0,1.0,1946.4973137438076,0.0,1946.4973137438076,1.9509340517746672,1.9509340517746672,inf,0.0,2024-03-14,2024-03-14
GALAXYSURF.NS,Chemicals,Small,1,0,1,0.0,0.0,1067.770706468515,-1067.770706468515,-1.0686391980729562,-1.0686391980729562,0.0,0.0,2023-08-17,2023-08-17
GLENMARK.NS,Pharma & Healthcare,Mid,1,1,0,1.0,1903.8460012287303,0.0,1903.8460012287303,1.932759017325144,1.932759017325144,inf,0.0,2025-08-21,2025-08-21
GODREJPROP.NS,Real Estate,Mid,2,0,2,0.0,0.0,2061.723665494924,-2061.723665494924,-1.0446581941493176,-1.0446581941493176,0.0,1037.9644262748698,2021-11-23,2023-08-07
GRANULES.NS,Pharma & Healthcare,Small,1,1,0,1.0,1916.4702033758372,0.0,1916.4702033758372,1.9244014847644548,1.9244014847644548,inf,0.0,2025-11-12,2025-11-12
GRASIM.NS,Cement,Large,1,0,1,0.0,0.0,994.688680581346,-994.688680581346,-1.0751640607232025,-1.0751640607232025,0.0,0.0,2024-08-07,2024-08-07
GRINDWELL.NS,Capital Goods,Small,2,0,2,0.0,0.0,2029.1848596024702,-2029.1848596024702,-1.04897434565572,-1.04897434565572,0.0,997.0849847918437,2022-09-30,2024-07-24
HAL.NS,Capital Goods,Mid,2,1,1,0.5,1924.6704632666235,953.5942686343084,971.0761946323152,0.45295052439530326,0.45295052439530326,2.0183326668091697,953.5942686343084,2022-05-16,2024-07-22
HAPPSTMNDS.NS,IT,Small,1,0,1,0.0,0.0,1047.2435399338815,-1047.2435399338815,-1.053347080979396,-1.053347080979396,0.0,0.0,2021-10-04,2021-10-04
HEROMOTOCO.NS,Automobile,Large,2,1,1,0.5,1611.8665944326203,1032.896233259106,578.9703611735142,0.41745058147487013,0.41745058147487013,1.5605310025642016,1032.896233259106,2025-11-10,2025-12-19
HINDALCO.NS,Metals & Mining,Large,3,1,2,0.3333333333333333,1929.573862936266,2099.8434980856086,-170.26963514934255,-0.06460199129472806,-1.06569767630028,0.918913178384687,2099.8434980856086,2022-12-26,2024-07-22
HINDUNILVR.NS,FMCG,Large,2,0,2,0.0,0.0,2092.937493740761,-2092.937493740761,-1.0929152230086625,-1.0929152230086625,0.0,1064.6933657626362,2022-09-19,2025-09-24
ICICIBANK.NS,Banking & Finance,Large,4,3,1,0.75,5703.893830932009,1062.5859143794553,4641.307916552554,1.167861160569978,1.9079305953410175,5.367936609872204,0.0,2020-02-04,2024-06-05
ICICIGI.NS,Banking & Finance,Mid,1,0,1,0.0,0.0,1043.8912541580726,-1043.8912541580726,-1.0807772617496612,-1.0807772617496612,0.0,0.0,2025-07-21,2025-07-21
IDFCFIRSTB.NS,Banking & Finance,Mid,1,0,1,0.0,0.0,1033.4529691281937,-1033.4529691281937,-1.0349233887009146,-1.0349233887009146,0.0,0.0,2021-04-01,2021-04-01
INDHOTEL.NS,Consumer Durables,Mid,1,0,1,0.0,0.0,1049.0949504541402,-1049.0949504541402,-1.0622204831331954,-1.0622204831331954,0.0,0.0,2024-10-08,2024-10-08
INDUSINDBK.NS,Banking & Finance,Large,1,0,1,0.0,0.0,1027.1488393973154,-1027.1488393973154,-1.0647273528345746,-1.0647273528345746,0.0,0.0,2022-12-26,2022-12-26
IPCALAB.NS,Pharma & Healthcare,Mid,1,1,0,1.0,1855.948281605732,0.0,1855.948281605732,1.94335875911691,1.94335875911691,inf,0.0,2024-03-14,2024-03-14
JKCEMENT.NS,Cement,Small,3,1,2,0.3333333333333333,1850.9233982938188,1939.5059477912428,-88.582549497424,-0.06006541856736599,-1.0531189348290428,0.9543272607138411,933.1392467098927,2020-09-14,2022-12-26
JKLAKSHMI.NS,Cement,Small,1,0,1,0.0,0.0,1025.8530449557234,-1025.8530449557234,-1.041838240650476,-1.041838240650476,0.0,0.0,2023-01-11,2023-01-11
JSWSTEEL.NS,Metals & Mining,Large,1,1,0,1.0,1935.4005689193943,0.0,1935.4005689193943,1.9479971589425005,1.9479971589425005,inf,0.0,2020-09-25,2020-09-25
KOTAKBANK.NS,Banking & Finance,Large,1,0,1,0.0,0.0,1080.686638702117,-1080.686638702117,-1.0847493487526625,-1.0847493487526625,0.0,0.0,2021-01-19,2021-01-19
KPITTECH.NS,IT,Small,2,2,0,1.0,3827.770946472706,0.0,3827.770946472706,1.950970917931421,1.950970917931421,inf,0.0,2022-12-26,2023-07-24
LAURUSLABS.NS,Pharma & Healthcare,Small,4,2,2,0.5,3790.38726009167,2056.176157647779,1734.2111024438916,0.44998753794490687,0.4479623460076094,1.8434156266201391,1016.6489065127332,2020-03-11,2025-10-01
LT.NS,Capital Goods,Large,1,1,0,1.0,1791.571238715497,0.0,1791.571238715497,1.899153853937697,1.899153853937697,inf,0.0,2023-10-27,2023-10-27
LUPIN.NS,Pharma & Healthcare,Mid,1,0,1,0.0,0.0,1064.6723808413003,-1064.6723808413003,-1.067199040919691,-1.067199040919691,0.0,0.0,2024-04-22,2024-04-22
MANAPPURAM.NS,Banking & Finance,Mid,1,1,0,1.0,1948.351878521968,0.0,1948.351878521968,1.9617978285463469,1.9617978285463469,inf,0.0,2025-02-17,2025-02-17
MARUTI.NS,Automobile,Large,1,0,1,0.0,0.0,542.2947017898341,-542.2947017898341,-1.0632863269343302,-1.0632863269343302,0.0,0.0,2024-06-05,2024-06-05
METROPOLIS.NS,Pharma & Healthcare,Mid,1,0,1,0.0,0.0,1045.6243402967486,-1045.6243402967486,-1.0508865267083152,-1.0508865267083152,0.0,0.0,2025-09-16,2025-09-16
MFSL.NS,Banking & Finance,Mid,4,2,2,0.5,3844.977038582846,2099.362225670532,1745.6148129123144,0.44150486570796815,0.4439751481147275,1.8314976765644948,1056.5269537881145,2020-08-18,2023-10-05
MOTHERSON.NS,Automobile,Mid,2,2,0,1.0,3886.894875702204,0.0,3886.894875702204,1.9511854959474801,1.9511854959474801,inf,0.0,2024-03-14,2024-08-07
MPHASIS.NS,IT,Mid,1,1,0,1.0,1800.2347149865475,0.0,1800.2347149865475,1.935257868172672,1.935257868172672,inf,0.0,2025-07-28,2025-07-28
MRPL.NS,Oil & Gas,Small,1,1,0,1.0,1973.0977828578184,0.0,1973.0977828578184,1.974990289428204,1.974990289428204,inf,0.0,2024-03-14,2024-03-14
MUTHOOTFIN.NS,Banking & Finance,Mid,2,0,2,0.0,0.0,2038.8773069461852,-2038.8773069461852,-1.0650052424205392,-1.0650052424205392,0.0,991.774471092964,2024-01-19,2025-08-14
NATCOPHARM.NS,Pharma & Healthcare,Mid,1,0,1,0.0,0.0,1047.7294078733764,-1047.7294078733764,-1.0491221934624704,-1.0491221934624704,0.0,0.0,2023-09-12,2023-09-12
NATIONALUM.NS,Metals & Mining,Mid,1,0,1,0.0,0.0,1028.4201283476375,-1028.4201283476375,-1.0303415539601262,-1.0303415539601262,0.0,0.0,2021-08-11,2021-08-11
NHPC.NS,Power,Small,3,1,2,0.3333333333333333,1966.8156527963156,2109.7045421409794,-142.88888934466377,-0.046928937772975576,-1.0506290413297528,0.9322706632656454,1050.2752647711186,2021-01-29,2024-03-14
NMDC.NS,Metals & Mining,Mid,1,1,0,1.0,1934.7009511923409,0.0,1934.7009511923409,1.9368337868243124,1.9368337868243124,inf,0.0,2022-12-26,2022-12-26
NTPC.NS,Power,Large,3,0,3,0.0,0.0,3187.271325187143,-3187.271325187143,-1.0633167506145185,-1.0548818866613117,0.0,2105.3417617403747,2021-08-11,2022-05-16
ONGC.NS,Oil & Gas,Large,2,1,1,0.5,1910.4869187934269,1053.052591359109,857.4343274343178,0.42765896573293827,0.42765896573293827,1.8142369473946984,1053.052591359109,2023-03-29,2024-06-03
PERSISTENT.NS,IT,Mid,1,0,1,0.0,0.0,984.5545744332096,-984.5545744332096,-1.0514733231393123,-1.0514733231393123,0.0,0.0,2025-01-15,2025-01-15
PIDILITIND.NS,Chemicals,Large,2,1,1,0.5,1836.3002578733024,1069.9917479368048,766.3085099364976,0.4165615022146748,0.4165615022146748,1.7161817008534133,0.0,2022-10-04,2024-04-22
PIIND.NS,Chemicals,Mid,4,2,2,0.5,3663.828148931506,2112.2838194173514,1551.5443295141545,0.4357650535476989,0.4330513769249633,1.7345340220151522,2112.2838194173514,2020-01-08,2023-07-14
PRAJIND.NS,Capital Goods,Small,1,1,0,1.0,1951.704689999269,0.0,1951.704689999269,1.951871637460576,1.951871637460576,inf,0.0,2024-08-07,2024-08-07
PRESTIGE.NS,Real Estate,Mid,3,1,2,0.3333333333333333,1894.5401766231432,2018.9839988273638,-124.44382220422062,-0.04492861375349825,-1.0221685823914295,0.938363145881048,2018.9839988273638,2023-07-24,2025-07-29
PVRINOX.NS,Media,Small,5,2,3,0.4,3822.643186704503,3144.873553879401,677.769632825102,0.13419805398407852,-1.061077831163604,1.2155157023687106,3144.873553879401,2020-12-23,2025-10-01
RADICO.NS,Consumer Durables,Small,1,1,0,1.0,1516.9521396549694,0.0,1516.9521396549694,1.5477140763419153,1.5477140763419153,inf,0.0,2025-12-18,2025-12-18
RAMCOCEM.NS,Cement,Mid,1,0,1,0.0,0.0,1048.3134922713623,-1048.3134922713623,-1.0783504433481803,-1.0783504433481803,0.0,0.0,2023-07-25,2023-07-25
RATNAMANI.NS,Metals & Mining,Small,3,1,2,0.3333333333333333,1740.0272162101744,1977.1655020453209,-237.13828583514646,-0.048203179888472336,-1.024742566870282,0.8800614892431444,1027.4586367445763,2020-03-13,2025-06-25
RBLBANK.NS,Banking & Finance,Small,2,1,1,0.5,1951.963380106044,1066.0123275660928,885.9510525399512,0.4456225411310136,0.4456225411310136,1.8310889373697437,1066.0123275660928,2020-12-23,2025-12-05
RELIANCE.NS,Oil & Gas,Large,1,0,1,0.0,0.0,1042.5218387261575,-1042.5218387261575,-1.0753960737729331,-1.0753960737729331,0.0,0.0,2021-11-04,2021-11-04
SBICARD.NS,Banking & Finance,Mid,1,1,0,1.0,1917.77912760288,0.0,1917.77912760288,1.9370496519191147,1.9370496519191147,inf,0.0,2025-04-08,2025-04-08
SBILIFE.NS,Banking & Finance,Large,2,1,1,0.5,1877.878821291955,1064.3035025522415,813.5753187397136,0.42044121617251995,0.42044121617251995,1.7644204090174729,0.0,2021-01-27,2023-08-04
SBIN.NS,Banking & Finance,Large,3,1,2,0.3333333333333333,1886.6432922792487,2108.5467975452334,-221.90350526598468,-0.0723438189211046,-1.0497865664229218,0.8947599808909509,1069.6279214909987,2021-04-07,2024-01-24
SJVN.NS,Power,Small,1,1,0,1.0,1956.39839498424,0.0,1956.39839498424,1.9738334283140904,1.9738334283140904,inf,0.0,2024-03-14,2024-03-14
SONATSOFTW.NS,IT,Small,2,2,0,1.0,3881.5684363855316,0.0,3881.5684363855316,1.9492592731974236,1.9492592731974236,inf,0.0,2021-02-03,2022-12-19
SUDARSCHEM.NS,Chemicals,Small,1,1,0,1.0,1896.4559135295408,0.0,1896.4559135295408,1.942581661048321,1.942581661048321,inf,0.0,2025-09-15,2025-09-15
SUNDRMFAST.NS,Automobile,Small,3,2,1,0.6666666666666666,3802.2445861871806,1014.9048941573916,2787.339692029789,0.9510514420082717,1.9383808494845247,3.7464048188908703,0.0,2020-09-10,2024-08-13
TATACOMM.NS,Telecom,Mid,3,2,1,0.6666666666666666,3852.5332177362525,1029.530823351705,2823.0023943845476,0.9605760955001937,1.9607893104299692,3.742028048460053,0.0,2020-02-04,2020-12-22
TATASTEEL.NS,Metals & Mining,Large,2,1,1,0.5,1956.194173801864,1078.6994093495446,877.4947644523195,0.43752666798050976,0.43752666798050976,1.8134747797641315,1078.6994093495446,2021-02-01,2025-08-04
TECHM.NS,IT,Large,2,1,1,0.5,1908.3187062249517,1034.959074833302,873.3596313916496,0.42629925337117724,0.42629925337117724,1.843859098034692,1034.959074833302,2023-07-31,2024-12-23
TIINDIA.NS,Automobile,Small,4,2,2,0.5,3750.3270611721337,1875.140506593004,1875.1865545791293,0.4525751357326164,0.451529321349313,2.000024557085703,1875.1405065930044,2020-01-30,2024-06-03
TITAN.NS,Consumer Durables,Large,2,1,1,0.5,1860.489379117086,1016.6421320522338,843.8472470648521,0.41828857563242094,0.41828857563242094,1.8300337163495564,0.0,2021-02-01,2021-07-22
TORNTPHARM.NS,Pharma & Healthcare,Mid,3,3,0,1.0,5498.939611472113,0.0,5498.939611472113,1.9296275347003924,1.9284984849420463,inf,0.0,2021-08-13,2024-05-10
TTKPRESTIG.NS,Consumer Durables,Small,1,0,1,0.0,0.0,1016.3801035041369,-1016.3801035041369,-1.0587225367149626,-1.0587225367149626,0.0,0.0,2024-09-10,2024-09-10
UJJIVANSFB.NS,Banking & Finance,Small,1,0,1,0.0,0.0,1028.3543120175607,-1028.3543120175607,-1.0302412512542998,-1.0302412512542998,0.0,0.0,2022-12-26,2022-12-26
ULTRACEMCO.NS,Cement,Large,1,1,0,1.0,1512.3927789872118,0.0,1512.3927789872118,1.920678283606472,1.920678283606472,inf,0.0,2024-08-16,2024-08-16
VBL.NS,FMCG,Mid,1,1,0,1.0,1916.2205061162144,0.0,1916.2205061162144,1.9345938076675024,1.9345938076675024,inf,0.0,2023-10-27,2023-10-27
VEDL.NS,Metals & Mining,Mid,2,1,1,0.5,1922.1488746154605,1106.5065610424208,815.6423135730397,0.4142221711386298,0.4142221711386298,1.7371328307395097,1106.5065610424208,2022-12-26,2023-07-25
VOLTAS.NS,Consumer Durables,Mid,1,1,0,1.0,1812.473635662413,0.0,1812.473635662413,1.9419959700675855,1.9419959700675855,inf,0.0,2024-08-12,2024-08-12
WHIRLPOOL.NS,Consumer Durables,Mid,1,0,1,0.0,0.0,992.5841318300262,-992.5841318300262,-1.0591280053467842,-1.0591280053467842,0.0,0.0,2020-08-03,2020-08-03
WIPRO.NS,IT,Large,3,1,2,0.3333333333333333,1903.862507837266,2122.841521854819,-218.9790140175528,-0.07378662249834507,-1.0614055194684708,0.8968462733731432,1066.4527150839924,2021-03-01,2021-11-12
