parameter,value,is_baseline,oos_trades,oos_win_rate,oos_mean_r,oos_net_pnl,oos_profit_factor,oos_max_drawdown
rsi_reclaim_level,35.0,False,10,0.7,0.623516113589804,6122.307729356322,3.738332753383266,1056.4991245267026
rsi_reclaim_level,40.0,True,191,0.4869109947643979,0.3379939015926159,61572.29498299588,1.6238028872419756,9897.024283833724
rsi_reclaim_level,45.0,False,1382,0.42185238784370477,0.17459101155286488,228442.24995275954,1.2834923574113701,23360.53926898772
ema_period,40.0,False,60,0.5,0.40381515490689057,23816.70868966261,1.7865868544174555,5812.504470575606
ema_period,50.0,True,191,0.4869109947643979,0.3379939015926159,61572.29498299588,1.6238028872419756,9897.024283833724
ema_period,60.0,False,434,0.423963133640553,0.15362340013357662,65061.83896277333,1.2572434329187407,19189.300233615002
stop_atr_multiple,1.25,False,191,0.518324607329843,0.4345695233997931,80633.0219722403,1.8568513113823808,10204.519599876092
stop_atr_multiple,1.5,True,191,0.4869109947643979,0.3379939015926159,61572.29498299588,1.6238028872419756,9897.024283833724
stop_atr_multiple,1.75,False,189,0.48148148148148145,0.31481460377519377,58431.446654753425,1.6029501381559117,10545.3247536389
reward_risk_multiple,1.5,False,191,0.5445026178010471,0.26859557109374615,49055.79817504126,1.5615287327389447,11382.54130463155
reward_risk_multiple,2.0,True,191,0.4869109947643979,0.3379939015926159,61572.29498299588,1.6238028872419756,9897.024283833724
reward_risk_multiple,2.5,False,189,0.42857142857142855,0.34746183982961093,62961.00199058667,1.5786202991245861,10735.672843876471
