symbol,test_year,trades,wins,losses,win_rate,mean_r,net_pnl,profit_factor
AARTIIND.NS,2024,2,2,0,1.0,1.9407816029909908,3782.457977569206,inf
ABB.NS,2022,1,0,1,0.0,-1.0521762204155176,-938.761488155179,0.0
ADANIPORTS.NS,2023,1,0,1,0.0,-1.067682956613355,-1063.1569064473829,0.0
ADANIPORTS.NS,2024,1,1,0,1.0,1.9428569136557365,1844.8651900421205,inf
ADANIPORTS.NS,2025,1,1,0,1.0,1.9219770772884464,1865.0685640174374,inf
AFFLE.NS,2021,1,1,0,1.0,1.9462867169167515,1888.5330841578525,inf
AFFLE.NS,2024,1,0,1,0.0,-1.0461444630198484,-1028.9201440493937,0.0
AFFLE.NS,2025,1,0,1,0.0,-1.0506204116887008,-975.1396604844758,0.0
ALKEM.NS,2024,1,0,1,0.0,-1.0711013520912347,-977.2889855196695,0.0
AMBUJACEM.NS,2021,1,1,0,1.0,1.9464890280998477,1939.7893380797234,inf
AMBUJACEM.NS,2024,1,1,0,1.0,1.9407012857981025,1898.4444143214437,inf
APLAPOLLO.NS,2021,1,1,0,1.0,1.9500102086626594,1865.6249328864,inf
APLAPOLLO.NS,2023,1,0,1,0.0,-1.0521087012276646,-1036.291341090505,0.0
APLAPOLLO.NS,2025,1,0,1,0.0,-1.0748774822759972,-1010.7815860795267,0.0
APOLLOHOSP.NS,2024,1,1,0,1.0,1.9109957344326973,1677.0698607288864,inf
ARVIND.NS,2021,1,0,1,0.0,-1.0255987683065588,-1021.6708546486105,0.0
ASHOKLEY.NS,2024,1,0,1,0.0,-1.072478822625756,-1070.1895260899166,0.0
ASTRAL.NS,2021,1,0,1,0.0,-1.0347524537111141,-953.475611971694,0.0
ASTRAL.NS,2023,1,1,0,1.0,1.9250876982413472,1891.5692379897907,inf
ATUL.NS,2021,1,1,0,1.0,1.9029834605445266,1449.38711556362,inf
AXISBANK.NS,2022,1,0,1,0.0,-1.057296003472365,-1022.5788700756369,0.0
BAJAJ-AUTO.NS,2021,2,0,2,0.0,-1.0638839607907473,-1948.0881454500513,0.0
BAJAJFINSV.NS,2021,2,2,0,1.0,1.9399748118562314,3785.103613305577,inf
BAJFINANCE.NS,2021,1,0,1,0.0,-1.0558358934634073,-1042.353731534672,0.0
BALKRISIND.NS,2021,2,2,0,1.0,1.9412411180191054,3741.836071818198,inf
BANDHANBNK.NS,2022,1,0,1,0.0,-1.0429562755420152,-1033.3040866425472,0.0
BANKBARODA.NS,2023,1,0,1,0.0,-1.0663579399616874,-1063.7373704278448,0.0
BEL.NS,2021,1,1,0,1.0,1.944961056221725,1943.8229977927058,inf
BEL.NS,2022,1,1,0,1.0,1.943690018300416,1936.4748643826015,inf
BHARATFORG.NS,2021,1,0,1,0.0,-1.0605797246508955,-1058.869695313572,0.0
BHARTIARTL.NS,2023,2,1,1,0.5,0.3878192374118178,740.2710529859821,1.6712261972445388
BLUEDART.NS,2021,3,2,1,0.6666666666666666,0.9374804460675096,2543.4819025567826,3.881382954691481
BPCL.NS,2021,1,0,1,0.0,-1.107291982505814,-1106.950677632621,0.0
BRIGADE.NS,2021,1,1,0,1.0,1.9643873642866978,1946.8631421729174,inf
BRITANNIA.NS,2021,1,0,1,0.0,-1.09743979115765,-996.8021094777203,0.0
BRITANNIA.NS,2022,1,0,1,0.0,-1.088588899234361,-1027.3822572655745,0.0
BRITANNIA.NS,2023,1,0,1,0.0,-1.0923137146725648,-1055.8046815850946,0.0
CANBK.NS,2022,1,1,0,1.0,1.3923917451318988,1390.5311473285287,inf
CANBK.NS,2025,1,0,1,0.0,-1.0688936282098094,-1066.0250495700946,0.0
CDSL.NS,2021,1,1,0,1.0,1.964087243785744,1920.9671979692807,inf
CDSL.NS,2024,1,0,1,0.0,-1.046035964918797,-962.130919588267,0.0
CHOLAFIN.NS,2024,1,0,1,0.0,-1.061420296467543,-1057.2444441490125,0.0
CHOLAFIN.NS,2025,2,1,1,0.5,0.4435681974070962,843.5960206421908,1.8054669095520797
COALINDIA.NS,2021,1,0,1,0.0,-1.0453600882191372,-1042.475553276238,0.0
COALINDIA.NS,2022,1,1,0,1.0,1.9429647430807477,1937.6807761788923,inf
CONCOR.NS,2021,1,0,1,0.0,-1.06686177872969,-1058.271698426011,0.0
CROMPTON.NS,2021,1,0,1,0.0,-1.0400777579393115,-1038.3953800663303,0.0
CUMMINSIND.NS,2024,1,1,0,1.0,1.9596706014071947,1913.2926891725117,inf
DABUR.NS,2021,1,0,1,0.0,-1.0749011908417474,-1064.1102704685368,0.0
DABUR.NS,2023,1,0,1,0.0,-1.0796393256348717,-1060.8300824999908,0.0
DABUR.NS,2024,1,1,0,1.0,1.9256247466884238,1890.3905785950817,inf
DALBHARAT.NS,2021,1,1,0,1.0,1.9589393961652033,1824.2521397482203,inf
DALBHARAT.NS,2023,1,1,0,1.0,0.3204573874595981,293.6063201771388,inf
DEEPAKNTR.NS,2024,1,0,1,0.0,-1.055814196487251,-1034.6507122141243,0.0
DIXON.NS,2023,1,1,0,1.0,1.9380220837992386,1850.585684119831,inf
DIXON.NS,2024,1,1,0,1.0,1.9515778960642591,1269.5325517795488,inf
DLF.NS,2021,1,0,1,0.0,-1.0416009519568703,-1031.90600588881,0.0
DLF.NS,2024,1,1,0,1.0,1.9418150291911014,1940.9022440744588,inf
EICHERMOT.NS,2025,1,1,0,1.0,1.9055266699055575,1536.1325193205048,inf
ELGIEQUIP.NS,2022,1,0,1,0.0,-1.0213066483586088,-1000.1416124971196,0.0
EMAMILTD.NS,2021,1,1,0,1.0,1.9540918121123751,1942.4933014999856,inf
ENDURANCE.NS,2025,1,0,1,0.0,-1.0509072777940172,-998.6905354361419,0.0
EQUITASBNK.NS,2021,1,1,0,1.0,1.9680117011854816,1967.799344562931,inf
EQUITASBNK.NS,2023,1,0,1,0.0,-1.047368224172993,-1043.275779997553,0.0
EXIDEIND.NS,2022,1,0,1,0.0,-0.19675582027003566,-195.69135227658128,0.0
EXIDEIND.NS,2023,1,0,1,0.0,-1.0745399197771004,-1070.7139745281158,0.0
FEDERALBNK.NS,2022,1,1,0,1.0,1.947557809178417,1940.7134326026637,inf
FEDERALBNK.NS,2024,1,1,0,1.0,1.9391178686873147,1930.902974570699,inf
GAIL.NS,2024,1,1,0,1.0,1.9509340517746672,1946.4973137438074,inf
GALAXYSURF.NS,2023,1,0,1,0.0,-1.0686391980729562,-1067.770706468515,0.0
GLENMARK.NS,2025,1,1,0,1.0,1.9327590173251439,1903.8460012287303,inf
GODREJPROP.NS,2021,1,0,1,0.0,-1.0346089578239883,-1023.7592392200542,0.0
GODREJPROP.NS,2023,1,0,1,0.0,-1.054707430474647,-1037.9644262748698,0.0
GRANULES.NS,2025,1,1,0,1.0,1.9244014847644548,1916.4702033758374,inf
GRASIM.NS,2024,1,0,1,0.0,-1.0751640607232025,-994.6886805813459,0.0
GRINDWELL.NS,2022,1,0,1,0.0,-1.0483934078219976,-1032.0998748106263,0.0
GRINDWELL.NS,2024,1,0,1,0.0,-1.0495552834894424,-997.0849847918436,0.0
HAL.NS,2022,1,1,0,1.0,1.9483717224439383,1924.6704632666233,inf
HAL.NS,2024,1,0,1,0.0,-1.0424706736533318,-953.5942686343084,0.0
HAPPSTMNDS.NS,2021,1,0,1,0.0,-1.0533470809793959,-1047.2435399338815,0.0
HEROMOTOCO.NS,2025,2,1,1,0.5,0.41745058147487024,578.9703611735144,1.560531002564202
HINDALCO.NS,2022,1,1,0,1.0,1.1598778763495523,1154.627167875721,inf
HINDALCO.NS,2024,2,0,2,0.0,-1.066077321597543,-2099.8434980856086,0.0
HINDUNILVR.NS,2022,1,0,1,0.0,-1.0891604496533178,-1028.2441279781247,0.0
HINDUNILVR.NS,2025,1,0,1,0.0,-1.0966699963640072,-1064.693365762636,0.0
ICICIBANK.NS,2022,1,1,0,1.0,1.9166361189687875,1892.8117796113254,inf
ICICIBANK.NS,2024,2,2,0,1.0,1.916604851664113,3811.0820513206836,inf
ICICIGI.NS,2025,1,0,1,0.0,-1.0807772617496612,-1043.8912541580726,0.0
IDFCFIRSTB.NS,2021,1,0,1,0.0,-1.0349233887009146,-1033.4529691281937,0.0
INDHOTEL.NS,2024,1,0,1,0.0,-1.0622204831331954,-1049.0949504541402,0.0
INDUSINDBK.NS,2022,1,1,0,1.0,0.3069427223131352,296.1094783054505,inf
IPCALAB.NS,2024,1,1,0,1.0,1.9433587591169101,1855.948281605732,inf
JKCEMENT.NS,2021,1,1,0,1.0,1.927099489378219,1850.9233982938188,inf
JKCEMENT.NS,2022,1,0,1,0.0,-0.6501099294756578,-576.0442337579049,0.0
JKLAKSHMI.NS,2023,1,0,1,0.0,-1.041838240650476,-1025.8530449557234,0.0
KOTAKBANK.NS,2021,1,0,1,0.0,-1.0847493487526623,-1080.686638702117,0.0
KPITTECH.NS,2022,1,1,0,1.0,0.1815362676729254,178.96173980691685,inf
KPITTECH.NS,2023,1,1,0,1.0,1.949917201069657,1903.429715562566,inf
LAURUSLABS.NS,2021,2,1,1,0.5,0.4520127298822043,896.6293618782787,1.8819459265970782
LAURUSLABS.NS,2025,1,1,0,1.0,1.9358153575093198,1877.1089917006584,inf
LT.NS,2023,1,1,0,1.0,1.8991538539376975,1791.571238715497,inf
LUPIN.NS,2024,1,0,1,0.0,-1.067199040919691,-1064.6723808413005,0.0
MANAPPURAM.NS,2025,1,1,0,1.0,1.9617978285463467,1948.351878521968,inf
MARUTI.NS,2024,1,0,1,0.0,-1.0632863269343302,-542.2947017898341,0.0
METROPOLIS.NS,2025,1,0,1,0.0,-1.0508865267083152,-1045.6243402967486,0.0
MFSL.NS,2021,1,0,1,0.0,-1.0446350620943026,-1042.8352718824174,0.0
MFSL.NS,2023,2,1,1,0.5,0.43156079079930154,844.6098050978485,1.7994209727158879
MOTHERSON.NS,2024,2,2,0,1.0,1.9511854959474801,3886.8948757022035,inf
MPHASIS.NS,2025,1,1,0,1.0,1.935257868172672,1800.2347149865477,inf
MRPL.NS,2024,1,1,0,1.0,1.9749902894282039,1973.0977828578186,inf
MUTHOOTFIN.NS,2024,1,0,1,0.0,-1.0666922621915793,-1047.1028358532212,0.0
MUTHOOTFIN.NS,2025,1,0,1,0.0,-1.063318222649499,-991.7744710929641,0.0
NATCOPHARM.NS,2023,1,0,1,0.0,-1.0491221934624704,-1047.7294078733764,0.0
NATIONALUM.NS,2021,1,0,1,0.0,-1.0303415539601262,-1028.4201283476375,0.0
NHPC.NS,2021,2,0,2,0.0,-1.0550814426079531,-2109.7045421409794,0.0
NHPC.NS,2024,1,1,0,1.0,1.9693760718969802,1966.8156527963154,inf
NMDC.NS,2022,1,1,0,1.0,0.9811412370162101,980.0608071907186,inf
NTPC.NS,2021,2,0,2,0.0,-1.0687157315677218,-2136.5463520887088,0.0
NTPC.NS,2022,1,0,1,0.0,-1.0525187887081116,-1050.7249730984342,0.0
ONGC.NS,2023,1,1,0,1.0,1.91620887621942,1910.4869187934269,inf
ONGC.NS,2024,1,0,1,0.0,-1.0608909447535435,-1053.052591359109,0.0
PERSISTENT.NS,2025,1,0,1,0.0,-1.0514733231393123,-984.5545744332097,0.0
PIDILITIND.NS,2022,1,0,1,0.0,-1.0785289013201464,-1069.9917479368048,0.0
PIDILITIND.NS,2024,1,1,0,1.0,1.911651905749496,1836.3002578733026,inf
PIIND.NS,2021,1,1,0,1.0,1.9445516020812699,1817.0633115951057,inf
PIIND.NS,2022,1,0,1,0.0,-1.0583992951590313,-1053.4131613416694,0.0
PIIND.NS,2023,1,0,1,0.0,-1.0675941417404005,-1058.870658075682,0.0
PRAJIND.NS,2024,1,1,0,1.0,1.951871637460576,1951.704689999269,inf
PRESTIGE.NS,2023,1,1,0,1.0,1.9433011636688828,1894.5401766231432,inf
PRESTIGE.NS,2024,1,0,1,0.0,-1.0221685823914297,-966.8182513475639,0.0
PRESTIGE.NS,2025,1,0,1,0.0,-1.055918422537948,-1052.1657474797998,0.0
PVRINOX.NS,2021,1,0,1,0.0,-1.062398642355057,-1034.2495715351095,0.0
PVRINOX.NS,2023,1,0,1,0.0,-1.0934494625536022,-1064.5833872049443,0.0
PVRINOX.NS,2024,1,0,1,0.0,-1.061077831163604,-1046.0405951393468,0.0
PVRINOX.NS,2025,1,1,0,1.0,1.9281365850992245,1922.3678087213898,inf
RADICO.NS,2025,1,1,0,1.0,1.5477140763419153,1516.9521396549694,inf
RAMCOCEM.NS,2023,1,0,1,0.0,-1.0783504433481805,-1048.3134922713623,0.0
RATNAMANI.NS,2021,1,0,1,0.0,-1.0495996673773482,-1027.4586367445763,0.0
RATNAMANI.NS,2025,1,1,0,1.0,1.9297326945822135,1740.0272162101744,inf
RBLBANK.NS,2025,1,0,1,0.0,-1.0686135821943727,-1066.0123275660928,0.0
RELIANCE.NS,2021,1,0,1,0.0,-1.0753960737729331,-1042.5218387261577,0.0
SBICARD.NS,2025,1,1,0,1.0,1.9370496519191147,1917.77912760288,inf
SBILIFE.NS,2021,1,0,1,0.0,-1.065029030791154,-1064.3035025522415,0.0
SBILIFE.NS,2023,1,1,0,1.0,1.905911463136194,1877.878821291955,inf
SBIN.NS,2021,1,0,1,0.0,-1.0497865664229218,-1038.9188760542347,0.0
SBIN.NS,2022,1,1,0,1.0,0.6147168944346483,606.1584708991952,inf
SBIN.NS,2024,1,1,0,1.0,1.9174852349751055,1886.6432922792487,inf
SJVN.NS,2024,1,1,0,1.0,1.9738334283140904,1956.3983949842398,inf
SONATSOFTW.NS,2021,1,1,0,1.0,1.9568640752049646,1956.4874621232893,inf
SONATSOFTW.NS,2022,1,1,0,1.0,0.5465731388857276,541.9077216487968,inf
SUDARSCHEM.NS,2025,1,1,0,1.0,1.942581661048321,1896.4559135295408,inf
SUNDRMFAST.NS,2021,1,1,0,1.0,1.9540848284241756,1885.691516100779,inf
SUNDRMFAST.NS,2024,1,1,0,1.0,1.9383808494845247,1916.5530700864017,inf
TATASTEEL.NS,2021,1,1,0,1.0,1.9563085927367956,1956.1941738018636,inf
TATASTEEL.NS,2025,1,0,1,0.0,-1.0812552567757765,-1078.6994093495446,0.0
TECHM.NS,2023,1,1,0,1.0,1.9294351961832317,1908.3187062249515,inf
TECHM.NS,2024,1,0,1,0.0,-0.26917430265494885,-258.70625506762184,0.0
TIINDIA.NS,2021,1,1,0,1.0,1.9545679629838828,1826.1380713788583,inf
TIINDIA.NS,2022,1,0,1,0.0,-1.038211034237558,-979.0789594989662,0.0
TIINDIA.NS,2024,1,0,1,0.0,-1.0473260627520429,-896.0615470940378,0.0
TITAN.NS,2021,2,1,1,0.5,0.41828857563242106,843.8472470648521,1.8300337163495564
TORNTPHARM.NS,2021,1,1,0,1.0,1.9329198455091297,1842.186860854163,inf
TORNTPHARM.NS,2024,2,2,0,1.0,1.9279813792960239,3656.7527506179495,inf
TTKPRESTIG.NS,2024,1,0,1,0.0,-1.0587225367149626,-1016.3801035041369,0.0
UJJIVANSFB.NS,2022,1,1,0,1.0,0.00855965766256915,8.543980214324002,inf
ULTRACEMCO.NS,2024,1,1,0,1.0,1.9206782836064717,1512.3927789872118,inf
VBL.NS,2023,1,1,0,1.0,1.9345938076675024,1916.2205061162144,inf
VEDL.NS,2022,1,1,0,1.0,0.5946905197025367,589.285733894062,inf
VEDL.NS,2023,1,0,1,0.0,-1.1113340155613003,-1106.5065610424208,0.0
VOLTAS.NS,2024,1,1,0,1.0,1.9419959700675857,1812.473635662413,inf
WIPRO.NS,2021,3,1,2,0.3333333333333333,-0.07378662249834507,-218.9790140175528,0.8968462733731432
