sector,trades,win_rate,mean_r,net_pnl,profit_factor,low_sample
Automobile,20,0.45,0.3320230895528911,6612.538048103243,1.6752604162278022,False
Banking & Finance,38,0.5,0.2957630076742778,11169.954017151567,1.5640395800494695,False
Capital Goods,14,0.5,0.4488098927314894,6424.327994064114,1.9276013982416529,False
Cement,10,0.6,0.6168902196309926,5674.508938041219,2.5568355213756835,False
Chemicals,11,0.5454545454545454,0.5685778275114373,5496.967590093979,2.040167034102058,False
Consumer Durables,9,0.5555555555555556,0.5616518221944857,4189.520824257007,2.0167474936852017,True
FMCG,10,0.3,-0.1804403001090219,-1548.762508826396,0.7877787398562303,False
IT,12,0.5833333333333334,0.492019097743374,5779.856676900802,2.309631472191723,False
Infrastructure,12,0.5,0.43800748862440814,4888.632683477412,1.8141334666164743,False
Media,4,0.25,-0.32219733774325965,-1222.505745158011,0.611270302537292,True
Metals & Mining,13,0.46153846153846156,0.08574387987532937,974.4720883054058,1.1319814162191004,False
Oil & Gas,6,0.5,0.43309236939833334,2627.5569076771653,1.8204641085701139,True
Pharma & Healthcare,14,0.6428571428571429,0.8644235217023145,11490.69719745914,3.230352764600836,False
Power,7,0.2857142857142857,-0.19384337669262722,-1373.7618195475668,0.7406516748507457,True
Real Estate,8,0.375,0.08006240149522478,669.6918926594217,1.1309881668864235,True
Telecom,2,0.5,0.3878192374118178,740.2710529859821,1.6712261972445388,True
Textiles,1,0.0,-1.0255987683065588,-1021.6708546486105,0.0,True
