fold,symbol,signal_timestamp,entry_timestamp,exit_timestamp,classification,pnl,R
2022,ICICIBANK.NS,2022-09-30,2022-10-03,2022-10-24,PURE_OOS,1892.8117796113252,1.9166361189687875
2024,ICICIBANK.NS,2024-04-19,2024-04-22,2024-04-29,PURE_OOS,1894.409804782408,1.8992250717132475
2024,ICICIBANK.NS,2024-06-05,2024-06-06,2024-06-26,PURE_OOS,1916.672246538276,1.9339846316149785
2021,SBIN.NS,2021-04-07,2021-04-08,2021-04-12,PURE_OOS,-1038.9188760542347,-1.0497865664229218
2022_2023,SBIN.NS,2022-12-26,2022-12-27,2023-01-25,OOS_ENTRY_OOS_EXIT_CROSS,-1069.6279214909987,-1.0847301253154975
2024,SBIN.NS,2024-01-24,2024-01-25,2024-02-07,PURE_OOS,1886.6432922792487,1.9174852349751053
2021,KOTAKBANK.NS,2021-01-19,2021-01-20,2021-01-22,PURE_OOS,-1080.686638702117,-1.0847493487526625
2022,AXISBANK.NS,2022-02-25,2022-02-28,2022-03-04,PURE_OOS,-1022.5788700756368,-1.057296003472365
2022_2023,INDUSINDBK.NS,2022-12-26,2022-12-27,2023-01-25,OOS_ENTRY_OOS_EXIT_CROSS,-1027.1488393973154,-1.0647273528345746
2021,BAJFINANCE.NS,2021-01-19,2021-01-20,2021-01-28,PURE_OOS,-1042.353731534672,-1.0558358934634071
2021,BAJAJFINSV.NS,2021-01-19,2021-01-20,2021-02-01,PURE_OOS,1928.982978186448,1.938406956521604
2021,BAJAJFINSV.NS,2021-04-13,2021-04-15,2021-04-29,PURE_OOS,1856.1206351191292,1.941542667190859
2021,SBILIFE.NS,2021-01-27,2021-01-28,2021-02-22,PURE_OOS,-1064.3035025522415,-1.065029030791154
2023,SBILIFE.NS,2023-08-04,2023-08-07,2023-08-08,PURE_OOS,1877.878821291955,1.905911463136194
2021,WIPRO.NS,2021-03-01,2021-03-02,2021-03-19,PURE_OOS,-1056.3888067708265,-1.0614055194684708
2021,WIPRO.NS,2021-07-14,2021-07-15,2021-07-23,PURE_OOS,1903.862507837266,1.9121302243855811
2021,WIPRO.NS,2021-11-12,2021-11-15,2021-11-23,PURE_OOS,-1066.4527150839924,-1.0720845724121455
2023,TECHM.NS,2023-07-31,2023-08-01,2023-08-09,PURE_OOS,1908.3187062249517,1.929435196183232
2024_2025,TECHM.NS,2024-12-23,2024-12-24,2025-01-08,OOS_ENTRY_OOS_EXIT_CROSS,-1034.959074833302,-1.0768366894408774
2024,APOLLOHOSP.NS,2024-10-08,2024-10-09,2024-11-07,PURE_OOS,1677.0698607288864,1.910995734432697
2024,MARUTI.NS,2024-06-05,2024-06-06,2024-07-03,PURE_OOS,-542.2947017898341,-1.0632863269343302
2021,BAJAJ-AUTO.NS,2021-03-02,2021-03-03,2021-03-08,PURE_OOS,-945.8079789884904,-1.0614823541163534
2021,BAJAJ-AUTO.NS,2021-03-10,2021-03-12,2021-03-15,PURE_OOS,-1002.2801664615612,-1.0662855674651412
2025,HEROMOTOCO.NS,2025-11-10,2025-11-11,2025-11-17,PURE_OOS,1611.8665944326203,1.9129566206826731
2025,HEROMOTOCO.NS,2025-12-19,2025-12-22,2025-12-29,PURE_OOS,-1032.896233259106,-1.0780554577329329
2025,EICHERMOT.NS,2025-11-17,2025-11-18,2025-11-24,PURE_OOS,1536.1325193205048,1.9055266699055573
2022,HINDUNILVR.NS,2022-09-19,2022-09-20,2022-10-25,PURE_OOS,-1028.2441279781249,-1.0891604496533178
2025,HINDUNILVR.NS,2025-09-24,2025-09-25,2025-09-29,PURE_OOS,-1064.693365762636,-1.0966699963640072
2021,BRITANNIA.NS,2021-10-06,2021-10-07,2021-10-08,PURE_OOS,-996.8021094777204,-1.09743979115765
2022,BRITANNIA.NS,2022-09-07,2022-09-08,2022-09-19,PURE_OOS,-1027.3822572655745,-1.088588899234361
2023,BRITANNIA.NS,2023-07-26,2023-07-27,2023-07-31,PURE_OOS,-1055.8046815850946,-1.0923137146725648
2021,DABUR.NS,2021-02-01,2021-02-02,2021-02-19,PURE_OOS,-1064.1102704685368,-1.0749011908417474
2023,DABUR.NS,2023-08-04,2023-08-07,2023-08-29,PURE_OOS,-1060.8300824999908,-1.0796393256348715
2024,DABUR.NS,2024-08-16,2024-08-19,2024-09-10,PURE_OOS,1890.3905785950817,1.925624746688424
2021,TITAN.NS,2021-02-01,2021-02-02,2021-02-17,PURE_OOS,-1016.6421320522338,-1.0619084970857158
2021,TITAN.NS,2021-07-22,2021-07-23,2021-08-03,PURE_OOS,1860.489379117086,1.8984856483505577
2021,RELIANCE.NS,2021-11-04,2021-11-08,2021-11-22,PURE_OOS,-1042.5218387261575,-1.0753960737729331
2023,ONGC.NS,2023-03-29,2023-03-31,2023-04-13,PURE_OOS,1910.4869187934269,1.91620887621942
2024,ONGC.NS,2024-06-03,2024-06-04,2024-06-05,PURE_OOS,-1053.052591359109,-1.0608909447535435
2021,BPCL.NS,2021-07-07,2021-07-08,2021-07-14,PURE_OOS,-1106.950677632621,-1.107291982505814
2021,NTPC.NS,2021-08-11,2021-08-12,2021-08-23,PURE_OOS,-1081.929563446768,-1.082549576474132
2021,NTPC.NS,2021-11-01,2021-11-02,2021-11-23,PURE_OOS,-1054.616788641941,-1.0548818866613117
2022,NTPC.NS,2022-05-16,2022-05-17,2022-06-17,PURE_OOS,-1050.7249730984342,-1.0525187887081116
2021,TATASTEEL.NS,2021-02-01,2021-02-02,2021-02-23,PURE_OOS,1956.194173801864,1.956308592736796
2025,TATASTEEL.NS,2025-08-04,2025-08-05,2025-08-28,PURE_OOS,-1078.6994093495446,-1.0812552567757765
2022_2023,HINDALCO.NS,2022-12-26,2022-12-27,2023-01-02,OOS_ENTRY_OOS_EXIT_CROSS,1929.573862936266,1.9383486693109016
2024,HINDALCO.NS,2024-01-24,2024-01-25,2024-02-13,PURE_OOS,-1045.473365281589,-1.0664569668948058
2024,HINDALCO.NS,2024-07-22,2024-07-23,2024-07-24,PURE_OOS,-1054.3701328040197,-1.06569767630028
2021,COALINDIA.NS,2021-11-01,2021-11-02,2021-11-15,PURE_OOS,-1042.475553276238,-1.0453600882191372
2022,COALINDIA.NS,2022-02-25,2022-02-28,2022-03-02,PURE_OOS,1937.6807761788923,1.942964743080748
2024,ULTRACEMCO.NS,2024-08-16,2024-08-19,2024-09-27,PURE_OOS,1512.3927789872118,1.920678283606472
2024,GRASIM.NS,2024-08-07,2024-08-08,2024-08-13,PURE_OOS,-994.688680581346,-1.0751640607232025
2023,BHARTIARTL.NS,2023-08-21,2023-08-22,2023-08-29,PURE_OOS,-1102.8637678697294,-1.1049335525414894
2023,BHARTIARTL.NS,2023-10-27,2023-10-30,2023-11-20,PURE_OOS,1843.1348208557115,1.880572027365125
2023,LT.NS,2023-10-27,2023-10-30,2023-11-15,PURE_OOS,1791.571238715497,1.899153853937697
2023,ADANIPORTS.NS,2023-10-10,2023-10-11,2023-10-19,PURE_OOS,-1063.1569064473829,-1.067682956613355
2024,ADANIPORTS.NS,2024-03-14,2024-03-15,2024-04-02,PURE_OOS,1844.8651900421205,1.9428569136557363
2025,ADANIPORTS.NS,2025-06-20,2025-06-23,2025-06-27,PURE_OOS,1865.0685640174372,1.9219770772884464
2022,PIDILITIND.NS,2022-10-04,2022-10-06,2022-10-10,PURE_OOS,-1069.9917479368048,-1.0785289013201464
2024,PIDILITIND.NS,2024-04-22,2024-04-23,2024-05-02,PURE_OOS,1836.3002578733024,1.911651905749496
2023,BANKBARODA.NS,2023-08-08,2023-08-09,2023-08-16,PURE_OOS,-1063.7373704278448,-1.0663579399616874
2022_2023,CANBK.NS,2022-12-26,2022-12-27,2023-01-27,OOS_ENTRY_OOS_EXIT_CROSS,-1046.2724816544849,-1.0476724447440084
2025,CANBK.NS,2025-07-24,2025-07-25,2025-07-30,PURE_OOS,-1066.0250495700946,-1.0688936282098094
2022,FEDERALBNK.NS,2022-09-27,2022-09-28,2022-10-12,PURE_OOS,1940.713432602664,1.947557809178417
2024,FEDERALBNK.NS,2024-06-05,2024-06-06,2024-07-05,PURE_OOS,1930.902974570699,1.9391178686873147
2022,BANDHANBNK.NS,2022-02-25,2022-02-28,2022-03-03,PURE_OOS,-1033.3040866425472,-1.0429562755420152
2021,IDFCFIRSTB.NS,2021-04-01,2021-04-05,2021-04-12,PURE_OOS,-1033.4529691281937,-1.0349233887009146
2024,CHOLAFIN.NS,2024-10-08,2024-10-09,2024-10-17,PURE_OOS,-1057.2444441490125,-1.061420296467543
2025,CHOLAFIN.NS,2025-04-08,2025-04-09,2025-04-16,PURE_OOS,1890.9339194905924,1.9433472573913215
2025,CHOLAFIN.NS,2025-06-06,2025-06-09,2025-06-13,PURE_OOS,-1047.3378988484017,-1.0562108625771294
2024,MUTHOOTFIN.NS,2024-01-19,2024-01-23,2024-02-01,PURE_OOS,-1047.1028358532212,-1.0666922621915793
2025,MUTHOOTFIN.NS,2025-08-14,2025-08-18,2025-08-20,PURE_OOS,-991.774471092964,-1.063318222649499
2025,MANAPPURAM.NS,2025-02-17,2025-02-18,2025-03-21,PURE_OOS,1948.351878521968,1.9617978285463469
2021,MFSL.NS,2021-08-11,2021-08-12,2021-09-28,PURE_OOS,-1042.8352718824174,-1.0446350620943026
2023,MFSL.NS,2023-08-04,2023-08-07,2023-08-10,PURE_OOS,1901.136758885963,1.9325853583237576
2023,MFSL.NS,2023-10-05,2023-10-06,2023-10-23,PURE_OOS,-1056.5269537881145,-1.0694637767251545
2025,SBICARD.NS,2025-04-08,2025-04-09,2025-04-21,PURE_OOS,1917.77912760288,1.9370496519191147
2025,ICICIGI.NS,2025-07-21,2025-07-22,2025-07-25,PURE_OOS,-1043.8912541580726,-1.0807772617496612
2025,PERSISTENT.NS,2025-01-15,2025-01-16,2025-01-20,PURE_OOS,-984.5545744332096,-1.0514733231393123
2025,MPHASIS.NS,2025-07-28,2025-07-29,2025-08-25,PURE_OOS,1800.2347149865475,1.935257868172672
2024,LUPIN.NS,2024-04-22,2024-04-23,2024-06-04,PURE_OOS,-1064.6723808413003,-1.067199040919691
2021,TORNTPHARM.NS,2021-08-13,2021-08-16,2021-09-30,PURE_OOS,1842.186860854163,1.9329198455091297
2024,TORNTPHARM.NS,2024-03-21,2024-03-22,2024-05-03,PURE_OOS,1890.8878292910308,1.9274642736500012
2024,TORNTPHARM.NS,2024-05-10,2024-05-13,2024-06-06,PURE_OOS,1765.8649213269189,1.9284984849420463
2024,ALKEM.NS,2024-01-24,2024-01-25,2024-02-02,PURE_OOS,-977.2889855196696,-1.0711013520912347
2024,IPCALAB.NS,2024-03-14,2024-03-15,2024-04-05,PURE_OOS,1855.948281605732,1.94335875911691
2025,GLENMARK.NS,2025-08-21,2025-08-22,2025-09-09,PURE_OOS,1903.8460012287303,1.932759017325144
2023,NATCOPHARM.NS,2023-09-12,2023-09-13,2023-11-01,PURE_OOS,-1047.7294078733764,-1.0491221934624704
2025,METROPOLIS.NS,2025-09-16,2025-09-17,2025-10-13,PURE_OOS,-1045.6243402967486,-1.0508865267083152
2024,ASHOKLEY.NS,2024-09-12,2024-09-13,2024-09-17,PURE_OOS,-1070.1895260899166,-1.072478822625756
2021,BALKRISIND.NS,2020-12-22,2020-12-23,2021-01-07,TRAINING_ENTRY_OOS_EXIT,1834.222191931188,1.941490532874599
2021,BALKRISIND.NS,2021-02-01,2021-02-02,2021-02-04,PURE_OOS,1920.685903253651,1.9489136242336491
2021,BALKRISIND.NS,2021-08-23,2021-08-24,2021-09-07,PURE_OOS,1821.150168564547,1.9335686118045612
2024,MOTHERSON.NS,2024-03-14,2024-03-15,2024-04-16,PURE_OOS,1944.1006801079288,1.9493352415628284
2024,MOTHERSON.NS,2024-08-07,2024-08-08,2024-09-18,PURE_OOS,1942.7941955942752,1.953035750332132
2021,BHARATFORG.NS,2021-08-11,2021-08-12,2021-08-20,PURE_OOS,-1058.869695313572,-1.0605797246508957
2022_2023,EXIDEIND.NS,2022-12-26,2022-12-27,2023-01-30,OOS_ENTRY_OOS_EXIT_CROSS,-1064.965781871644,-1.0707586898143735
2023,EXIDEIND.NS,2023-09-25,2023-09-26,2023-10-25,PURE_OOS,-1070.7139745281158,-1.0745399197771004
2024,VOLTAS.NS,2024-08-12,2024-08-13,2024-08-27,PURE_OOS,1812.473635662413,1.9419959700675855
2021,CROMPTON.NS,2021-03-19,2021-03-22,2021-03-24,PURE_OOS,-1038.3953800663303,-1.0400777579393117
2024,INDHOTEL.NS,2024-10-08,2024-10-09,2024-10-22,PURE_OOS,-1049.0949504541402,-1.0622204831331954
2023,DIXON.NS,2023-07-25,2023-07-26,2023-08-04,PURE_OOS,1850.585684119831,1.9380220837992383
2024,DIXON.NS,2024-07-24,2024-07-25,2024-07-31,PURE_OOS,1269.5325517795488,1.9515778960642591
2021,PIIND.NS,2021-03-19,2021-03-22,2021-04-08,PURE_OOS,1817.0633115951057,1.9445516020812696
2022,PIIND.NS,2022-09-20,2022-09-21,2022-09-23,PURE_OOS,-1053.4131613416694,-1.0583992951590313
2023,PIIND.NS,2023-07-14,2023-07-17,2023-07-31,PURE_OOS,-1058.870658075682,-1.0675941417404005
2024,AARTIIND.NS,2024-03-14,2024-03-15,2024-04-10,PURE_OOS,1884.3465951518504,1.9480534590515088
2024,AARTIIND.NS,2024-07-22,2024-07-23,2024-08-01,PURE_OOS,1898.111382417356,1.9335097469304727
2024,DEEPAKNTR.NS,2024-01-19,2024-01-23,2024-01-31,PURE_OOS,-1034.6507122141245,-1.055814196487251
2021,ATUL.NS,2021-08-13,2021-08-16,2021-09-01,PURE_OOS,1449.38711556362,1.9029834605445264
2021,AMBUJACEM.NS,2021-02-01,2021-02-02,2021-03-04,PURE_OOS,1939.7893380797236,1.946489028099848
2024,AMBUJACEM.NS,2024-03-14,2024-03-15,2024-04-04,PURE_OOS,1898.444414321444,1.9407012857981023
2023,RAMCOCEM.NS,2023-07-25,2023-07-26,2023-08-03,PURE_OOS,-1048.3134922713623,-1.0783504433481803
2021,DALBHARAT.NS,2021-04-26,2021-04-27,2021-05-11,PURE_OOS,1824.2521397482203,1.9589393961652035
2023_2024,DALBHARAT.NS,2023-12-21,2023-12-22,2024-01-23,OOS_ENTRY_OOS_EXIT_CROSS,-968.9479683289458,-1.0575607988535272
2022,ABB.NS,2022-09-27,2022-09-28,2022-12-16,PURE_OOS,-938.761488155179,-1.0521762204155176
2024,CUMMINSIND.NS,2024-06-05,2024-06-06,2024-06-19,PURE_OOS,1913.292689172512,1.9596706014071947
2021,BEL.NS,2021-08-11,2021-08-12,2021-09-01,PURE_OOS,1943.8229977927056,1.944961056221725
2022,BEL.NS,2022-09-30,2022-10-03,2022-11-03,PURE_OOS,1936.4748643826013,1.943690018300416
2022,HAL.NS,2022-05-16,2022-05-17,2022-05-23,PURE_OOS,1924.6704632666235,1.9483717224439383
2024,HAL.NS,2024-07-22,2024-07-23,2024-07-25,PURE_OOS,-953.5942686343084,-1.0424706736533318
2022_2023,NMDC.NS,2022-12-26,2022-12-27,2023-01-11,OOS_ENTRY_OOS_EXIT_CROSS,1934.7009511923409,1.9368337868243124
2022_2023,VEDL.NS,2022-12-26,2022-12-27,2023-01-19,OOS_ENTRY_OOS_EXIT_CROSS,1922.1488746154605,1.93977835783856
2023,VEDL.NS,2023-07-25,2023-07-26,2023-08-02,PURE_OOS,-1106.5065610424208,-1.1113340155613003
2021,NATIONALUM.NS,2021-08-11,2021-08-12,2021-08-20,PURE_OOS,-1028.4201283476375,-1.0303415539601262
2024,GAIL.NS,2024-03-14,2024-03-15,2024-04-08,PURE_OOS,1946.4973137438076,1.9509340517746672
2021,DLF.NS,2021-03-22,2021-03-23,2021-03-25,PURE_OOS,-1031.90600588881,-1.0416009519568703
2024,DLF.NS,2024-03-18,2024-03-19,2024-04-01,PURE_OOS,1940.9022440744588,1.9418150291911012
2021,GODREJPROP.NS,2021-11-23,2021-11-24,2021-11-29,PURE_OOS,-1023.7592392200542,-1.0346089578239883
2023,GODREJPROP.NS,2023-08-07,2023-08-08,2023-08-14,PURE_OOS,-1037.9644262748698,-1.054707430474647
2023,PRESTIGE.NS,2023-07-24,2023-07-25,2023-08-08,PURE_OOS,1894.5401766231432,1.9433011636688828
2024,PRESTIGE.NS,2024-01-24,2024-01-25,2024-02-14,PURE_OOS,-966.818251347564,-1.0221685823914295
2025,PRESTIGE.NS,2025-07-29,2025-07-30,2025-08-06,PURE_OOS,-1052.1657474797998,-1.055918422537948
2021,CONCOR.NS,2021-07-20,2021-07-22,2021-07-27,PURE_OOS,-1058.271698426011,-1.06686177872969
2021,EMAMILTD.NS,2021-03-01,2021-03-02,2021-04-09,PURE_OOS,1942.4933014999856,1.9540918121123751
2023,VBL.NS,2023-10-27,2023-10-30,2023-11-08,PURE_OOS,1916.2205061162144,1.9345938076675024
2021,TATACOMM.NS,2020-12-22,2020-12-23,2021-01-12,TRAINING_ENTRY_OOS_EXIT,1944.8285918491376,1.961157869957445
2022_2023,KPITTECH.NS,2022-12-26,2022-12-27,2023-02-02,OOS_ENTRY_OOS_EXIT_CROSS,1924.34123091014,1.952024634793185
2023,KPITTECH.NS,2023-07-24,2023-07-25,2023-08-23,PURE_OOS,1903.429715562566,1.949917201069657
2021,HAPPSTMNDS.NS,2021-10-04,2021-10-05,2021-10-25,PURE_OOS,-1047.2435399338815,-1.053347080979396
2021,SONATSOFTW.NS,2021-02-03,2021-02-04,2021-02-22,PURE_OOS,1956.487462123289,1.9568640752049649
2022_2023,SONATSOFTW.NS,2022-12-19,2022-12-20,2023-01-23,OOS_ENTRY_OOS_EXIT_CROSS,1925.0809742622423,1.9416544711898824
2025,GRANULES.NS,2025-11-12,2025-11-13,2025-12-19,PURE_OOS,1916.4702033758372,1.9244014847644548
2021,LAURUSLABS.NS,2021-07-30,2021-08-02,2021-08-12,PURE_OOS,1913.278268391012,1.9490478840872707
2021,LAURUSLABS.NS,2021-08-24,2021-08-25,2021-09-20,PURE_OOS,-1016.6489065127332,-1.045022424322862
2025,LAURUSLABS.NS,2025-10-01,2025-10-03,2025-10-27,PURE_OOS,1877.1089917006584,1.93581535750932
2023,GALAXYSURF.NS,2023-08-17,2023-08-18,2023-09-28,PURE_OOS,-1067.770706468515,-1.0686391980729562
2025,SUDARSCHEM.NS,2025-09-15,2025-09-16,2025-09-24,PURE_OOS,1896.4559135295408,1.942581661048321
2025,ENDURANCE.NS,2025-08-04,2025-08-05,2025-08-07,PURE_OOS,-998.690535436142,-1.0509072777940172
2021,SUNDRMFAST.NS,2021-05-17,2021-05-18,2021-06-09,PURE_OOS,1885.691516100779,1.954084828424176
2024,SUNDRMFAST.NS,2024-08-13,2024-08-14,2024-10-09,PURE_OOS,1916.5530700864017,1.9383808494845247
2021,TIINDIA.NS,2021-10-07,2021-10-08,2021-11-02,PURE_OOS,1826.1380713788585,1.9545679629838828
2022,TIINDIA.NS,2022-05-13,2022-05-16,2022-05-19,PURE_OOS,-979.0789594989662,-1.038211034237558
2024,TIINDIA.NS,2024-06-03,2024-06-04,2024-06-05,PURE_OOS,-896.0615470940378,-1.0473260627520429
2021,CDSL.NS,2021-08-24,2021-08-25,2021-09-14,PURE_OOS,1920.9671979692807,1.964087243785744
2024,CDSL.NS,2024-10-09,2024-10-10,2024-10-25,PURE_OOS,-962.130919588267,-1.046035964918797
2022_2023,UJJIVANSFB.NS,2022-12-26,2022-12-27,2023-02-08,OOS_ENTRY_OOS_EXIT_CROSS,-1028.3543120175607,-1.0302412512542998
2021,EQUITASBNK.NS,2021-04-13,2021-04-15,2021-05-25,PURE_OOS,1967.799344562931,1.9680117011854816
2023,EQUITASBNK.NS,2023-08-08,2023-08-09,2023-08-10,PURE_OOS,-1043.275779997553,-1.047368224172993
2021,RBLBANK.NS,2020-12-23,2020-12-24,2021-01-06,TRAINING_ENTRY_OOS_EXIT,1951.963380106044,1.9598586644564
2025,RBLBANK.NS,2025-12-05,2025-12-08,2025-12-09,PURE_OOS,-1066.0123275660928,-1.0686135821943727
2024,TTKPRESTIG.NS,2024-09-10,2024-09-11,2024-09-25,PURE_OOS,-1016.3801035041369,-1.0587225367149626
2025,RADICO.NS,2025-12-18,2025-12-19,2025-12-30,PURE_OOS,1516.9521396549694,1.5477140763419153
2022,ELGIEQUIP.NS,2022-02-23,2022-02-24,2022-03-21,PURE_OOS,-1000.1416124971196,-1.0213066483586088
2022,GRINDWELL.NS,2022-09-30,2022-10-03,2022-10-11,PURE_OOS,-1032.0998748106265,-1.0483934078219976
2024,GRINDWELL.NS,2024-07-24,2024-07-25,2024-08-05,PURE_OOS,-997.0849847918436,-1.0495552834894424
2024,PRAJIND.NS,2024-08-07,2024-08-08,2024-08-20,PURE_OOS,1951.704689999269,1.951871637460576
2021,AFFLE.NS,2021-01-19,2021-01-20,2021-02-05,PURE_OOS,1888.5330841578525,1.9462867169167517
2024,AFFLE.NS,2024-01-24,2024-01-25,2024-02-08,PURE_OOS,-1028.9201440493937,-1.0461444630198484
2025,AFFLE.NS,2025-07-29,2025-07-30,2025-08-29,PURE_OOS,-975.1396604844758,-1.0506204116887008
2021,BLUEDART.NS,2021-01-20,2021-01-21,2021-01-22,PURE_OOS,1830.0652425289436,1.9295222050587488
2021,BLUEDART.NS,2021-06-21,2021-06-22,2021-07-26,PURE_OOS,-882.7295581850631,-1.0533943208008911
2021,BLUEDART.NS,2021-10-26,2021-10-27,2021-11-01,PURE_OOS,1596.1462182129023,1.936313453944672
2021,APLAPOLLO.NS,2021-07-15,2021-07-16,2021-07-27,PURE_OOS,1865.6249328864,1.9500102086626596
2023,APLAPOLLO.NS,2023-09-27,2023-09-28,2023-11-01,PURE_OOS,-1036.291341090505,-1.0521087012276646
2025,APLAPOLLO.NS,2025-07-01,2025-07-02,2025-07-04,PURE_OOS,-1010.7815860795268,-1.0748774822759972
2021,ASTRAL.NS,2021-03-26,2021-03-30,2021-04-12,PURE_OOS,-953.475611971694,-1.034752453711114
2023,ASTRAL.NS,2023-07-12,2023-07-13,2023-08-01,PURE_OOS,1891.5692379897907,1.9250876982413472
2021,RATNAMANI.NS,2021-01-28,2021-01-29,2021-02-01,PURE_OOS,-1027.4586367445763,-1.0495996673773482
2025,RATNAMANI.NS,2025-06-25,2025-06-26,2025-07-08,PURE_OOS,1740.0272162101744,1.9297326945822133
2021,PVRINOX.NS,2020-12-23,2020-12-24,2021-01-19,TRAINING_ENTRY_OOS_EXIT,1900.2753779831132,1.9597796208934315
2021,PVRINOX.NS,2021-07-22,2021-07-23,2021-08-24,PURE_OOS,-1034.2495715351097,-1.062398642355057
2023,PVRINOX.NS,2023-10-10,2023-10-11,2023-10-23,PURE_OOS,-1064.5833872049443,-1.0934494625536022
2024,PVRINOX.NS,2024-10-08,2024-10-09,2024-10-22,PURE_OOS,-1046.0405951393468,-1.061077831163604
2025,PVRINOX.NS,2025-10-01,2025-10-03,2025-10-27,PURE_OOS,1922.3678087213896,1.9281365850992245
2021,ARVIND.NS,2021-03-26,2021-03-30,2021-04-19,PURE_OOS,-1021.6708546486104,-1.0255987683065588
2021,NHPC.NS,2021-01-29,2021-02-01,2021-02-02,PURE_OOS,-1059.4292773698608,-1.0595338438861537
2021,NHPC.NS,2021-03-30,2021-03-31,2021-04-12,PURE_OOS,-1050.2752647711186,-1.0506290413297528
2024,NHPC.NS,2024-03-14,2024-03-15,2024-05-06,PURE_OOS,1966.8156527963156,1.96937607189698
2024,SJVN.NS,2024-03-14,2024-03-15,2024-05-21,PURE_OOS,1956.39839498424,1.9738334283140904
2021,BRIGADE.NS,2021-01-29,2021-02-01,2021-02-08,PURE_OOS,1946.8631421729172,1.9643873642866976
2021,JKCEMENT.NS,2021-06-17,2021-06-18,2021-07-06,PURE_OOS,1850.9233982938188,1.927099489378219
2022_2023,JKCEMENT.NS,2022-12-26,2022-12-27,2023-01-06,OOS_ENTRY_OOS_EXIT_CROSS,-933.1392467098927,-1.0531189348290428
2023,JKLAKSHMI.NS,2023-01-11,2023-01-12,2023-01-19,PURE_OOS,-1025.8530449557234,-1.041838240650476
2024,MRPL.NS,2024-03-14,2024-03-15,2024-04-26,PURE_OOS,1973.0977828578184,1.974990289428204
